external_id,name,aliases,category,tags,veg,kcal,protein,carbs,fat,fibre,serving_options,default_serving
in-aam-panna,Aam panna,aam panha|kairi panna|raw mango drink,beverage,beverage|sugary_drink,true,61,0.3,15,0.1,0.5,"[{""label"":""1 glass"",""grams"":250},{""label"":""100 g"",""grams"":100}]",1 glass
in-badam-milk,Badam milk,badam doodh|almond milk (indian)|badam drink,beverage,beverage|dairy,true,99,3.5,13,3.8,0.4,"[{""label"":""1 glass"",""grams"":250},{""label"":""100 g"",""grams"":100}]",1 glass
in-banana-milkshake,Banana milkshake,banana shake|kela shake,beverage,beverage|dairy,true,99,3.2,15,3,0.6,"[{""label"":""1 glass"",""grams"":250},{""label"":""100 g"",""grams"":100}]",1 glass
in-buttermilk,Buttermilk,chaas|chhachh|mattha|majjige|moru|taak|masala chaas,beverage,beverage|dairy,true,19,1.2,1.8,0.8,0,"[{""label"":""1 glass"",""grams"":250},{""label"":""100 g"",""grams"":100}]",1 glass
in-chikoo-milkshake,Chikoo milkshake,chiku shake|sapota milkshake,beverage,beverage|dairy,true,104,3,17,3,1.5,"[{""label"":""1 glass"",""grams"":250},{""label"":""100 g"",""grams"":100}]",1 glass
in-chocolate-malt-milk,Chocolate malt milk,malted milk drink|health drink with milk,beverage,beverage|dairy,true,91,3.5,12,3.3,0.3,"[{""label"":""1 glass"",""grams"":250},{""label"":""100 g"",""grams"":100}]",1 glass
in-cold-coffee,Cold coffee,iced coffee|cold coffee shake,beverage,beverage|sugary_drink,true,87,3,12,3,0,"[{""label"":""1 glass"",""grams"":250},{""label"":""100 g"",""grams"":100}]",1 glass
in-filter-coffee,Filter coffee,kaapi|south indian coffee|degree coffee|madras coffee,beverage,beverage,true,58,2,8,2,0,"[{""label"":""1 cup"",""grams"":150},{""label"":""100 g"",""grams"":100}]",1 cup
in-fresh-lime-soda-salted,Fresh lime soda (salted),salted lime soda|nimbu soda salted,beverage,beverage,true,2,0,0.5,0,0,"[{""label"":""1 glass"",""grams"":300},{""label"":""100 g"",""grams"":100}]",1 glass
in-fresh-lime-soda-sweet,Fresh lime soda (sweet),sweet lime soda|nimbu soda sweet,beverage,beverage|sugary_drink,true,36,0,9,0,0,"[{""label"":""1 glass"",""grams"":300},{""label"":""100 g"",""grams"":100}]",1 glass
in-haldi-doodh,Haldi doodh,turmeric milk|golden milk|haldi milk|turmeric latte,beverage,beverage|dairy,true,72,3.3,7,3.5,0.1,"[{""label"":""1 glass"",""grams"":200},{""label"":""100 g"",""grams"":100}]",1 glass
in-jaljeera,Jaljeera,jal jeera|jeera pani,beverage,beverage|sugary_drink,true,21,0.2,5,0.1,0.2,"[{""label"":""1 glass"",""grams"":250},{""label"":""100 g"",""grams"":100}]",1 glass
in-kahwa,Kahwa,kashmiri kahwa|qahwa,beverage,beverage,true,16,0.1,4,0,0,"[{""label"":""1 cup"",""grams"":150},{""label"":""100 g"",""grams"":100}]",1 cup
in-kanji-carrot-drink,Kanji (carrot drink),black carrot kanji|gajar kanji,beverage,beverage,true,12,0.4,3,0,0.6,"[{""label"":""1 glass"",""grams"":200},{""label"":""100 g"",""grams"":100}]",1 glass
in-kokum-sherbet,Kokum sherbet,kokum sharbat|amsul sherbet,beverage,beverage|sugary_drink,true,57,0.2,14,0.1,0.3,"[{""label"":""1 glass"",""grams"":250},{""label"":""100 g"",""grams"":100}]",1 glass
in-kulhad-chai,Kulhad chai,kullad chai|matka chai,beverage,beverage,true,51,1.6,7.5,1.6,0,"[{""label"":""1 kulhad"",""grams"":120},{""label"":""100 g"",""grams"":100}]",1 kulhad
in-lassi,Lassi,sweet lassi|punjabi lassi|meethi lassi,beverage,beverage|dairy,true,88,2.8,13,2.8,0,"[{""label"":""1 glass"",""grams"":250},{""label"":""100 g"",""grams"":100}]",1 glass
in-lemon-tea,Lemon tea,nimbu chai|black tea with lemon,beverage,beverage,true,24,0,6,0,0,"[{""label"":""1 cup"",""grams"":150},{""label"":""100 g"",""grams"":100}]",1 cup
in-mango-lassi,Mango lassi,aam lassi,beverage,beverage|dairy,true,96,2.6,16,2.5,0.3,"[{""label"":""1 glass"",""grams"":250},{""label"":""100 g"",""grams"":100}]",1 glass
in-mango-milkshake,Mango milkshake,mango shake|aam shake,beverage,beverage|dairy,true,98,3,15,3,0.5,"[{""label"":""1 glass"",""grams"":250},{""label"":""100 g"",""grams"":100}]",1 glass
in-masala-chai,Masala chai,chai|masala tea|tea with milk and sugar|chaha|chaya,beverage,beverage,true,51,1.6,7.5,1.6,0,"[{""label"":""1 cup"",""grams"":155},{""label"":""100 g"",""grams"":100}]",1 cup
in-masala-soda,Masala soda,masala shikanji soda|jeera soda,beverage,beverage|sugary_drink,true,32,0,8,0,0,"[{""label"":""1 glass"",""grams"":250},{""label"":""100 g"",""grams"":100}]",1 glass
in-milk-coffee,Milk coffee,instant coffee with milk|coffee with milk|hot coffee,beverage,beverage|dairy,true,54,2,7,2,0,"[{""label"":""1 cup"",""grams"":155},{""label"":""100 g"",""grams"":100}]",1 cup
in-milk-tea,Milk tea,cutting chai|adrak chai|ginger tea|regular tea|kadak chai,beverage,beverage|dairy,true,51,1.7,7,1.8,0,"[{""label"":""1 cup"",""grams"":155},{""label"":""100 g"",""grams"":100}]",1 cup
in-mosambi-juice,Mosambi juice,sweet lime juice|musambi juice|fresh mosambi,beverage,beverage,true,41,0.5,9.5,0.2,0.3,"[{""label"":""1 glass"",""grams"":250},{""label"":""100 g"",""grams"":100}]",1 glass
in-nimbu-pani,Nimbu pani,shikanji|lemonade|nimbu sharbat|lemon juice drink,beverage,beverage|sugary_drink,true,32,0,8,0,0,"[{""label"":""1 glass"",""grams"":250},{""label"":""100 g"",""grams"":100}]",1 glass
in-paneer-soda,Paneer soda,goli soda|panneer soda|banta,beverage,beverage|sugary_drink,true,40,0,10,0,0,"[{""label"":""1 glass"",""grams"":250},{""label"":""100 g"",""grams"":100}]",1 glass
in-ragi-malt,Ragi malt,ragi java|ragi ambali|ragi porridge drink|ragi kanji,beverage,beverage|grain,true,66,2,12,1.5,1.5,"[{""label"":""1 glass"",""grams"":250},{""label"":""100 g"",""grams"":100}]",1 glass
in-rose-milk,Rose milk,rose milk drink|gulab doodh,beverage,beverage|dairy,true,91,3,13,3,0,"[{""label"":""1 glass"",""grams"":250},{""label"":""100 g"",""grams"":100}]",1 glass
in-rose-sherbet,Rose sherbet,rooh afza|gulab sharbat|rose syrup drink,beverage,beverage|sugary_drink,true,48,0,12,0,0,"[{""label"":""1 glass"",""grams"":250},{""label"":""100 g"",""grams"":100}]",1 glass
in-salted-lassi,Salted lassi,namkeen lassi|salty lassi|chaas lassi,beverage,beverage|dairy,true,54,2.8,4.5,2.8,0,"[{""label"":""1 glass"",""grams"":250},{""label"":""100 g"",""grams"":100}]",1 glass
in-sattu-drink,Sattu drink,sattu sharbat|sattu ghol,beverage,beverage|legume,true,94,5,17,1.5,4,"[{""label"":""1 glass"",""grams"":250},{""label"":""100 g"",""grams"":100}]",1 glass
in-sol-kadhi,Sol kadhi,solkadi|kokum coconut drink,beverage,beverage|dairy,true,54,0.8,4,4,0.5,"[{""label"":""1 glass"",""grams"":200},{""label"":""100 g"",""grams"":100}]",1 glass
in-sugarcane-juice,Sugarcane juice,ganne ka ras|ganna juice|kabbu halu|cherukurasam,beverage,beverage|sugary_drink,true,74,0.2,18,0.1,0,"[{""label"":""1 glass"",""grams"":250},{""label"":""100 g"",""grams"":100}]",1 glass
in-tea-with-milk-no-sugar,Tea with milk (no sugar),sugar free chai|chai without sugar|pheeki chai,beverage,beverage|dairy,true,30,1.5,2.5,1.5,0,"[{""label"":""1 cup"",""grams"":155},{""label"":""100 g"",""grams"":100}]",1 cup
in-tender-coconut-water,Tender coconut water,nariyal pani|elaneer|ilaneer|daab|coconut water,beverage,beverage,true,18,0.7,4,0.2,1.1,"[{""label"":""1 coconut"",""grams"":300},{""label"":""1 glass"",""grams"":250},{""label"":""100 g"",""grams"":100}]",1 coconut
in-thandai,Thandai,sardai|holi thandai,beverage,beverage|dairy,true,118,3.5,15,5,0.5,"[{""label"":""1 glass"",""grams"":250},{""label"":""100 g"",""grams"":100}]",1 glass
in-watermelon-juice,Watermelon juice,tarbooz juice|kalingad juice,beverage,beverage,true,36,0.6,8,0.2,0.3,"[{""label"":""1 glass"",""grams"":250},{""label"":""100 g"",""grams"":100}]",1 glass
in-akki-roti,Akki roti,rice roti|rice flour roti,bread,grain,true,235,4.5,42,6,2.5,"[{""label"":""1 akki roti"",""grams"":80},{""label"":""2 akki rotis"",""grams"":160},{""label"":""100 g"",""grams"":100}]",1 akki roti
in-aloo-paratha,Aloo paratha,alu paratha|potato paratha|aloo parantha,bread,grain|vegetable,true,249,5.8,36,10,4,"[{""label"":""1 aloo paratha"",""grams"":120},{""label"":""2 aloo parathas"",""grams"":240},{""label"":""100 g"",""grams"":100}]",1 aloo paratha
in-amritsari-kulcha,Amritsari kulcha,stuffed kulcha|aloo kulcha,bread,grain,true,280,6.5,38,12,3,"[{""label"":""1 amritsari kulcha"",""grams"":150},{""label"":""2 amritsari kulchas"",""grams"":300},{""label"":""100 g"",""grams"":100}]",1 amritsari kulcha
in-baati,Baati,bati|dal baati (baati),bread,grain|high_fibre,true,363,8,52,15,6,"[{""label"":""1 baati"",""grams"":70},{""label"":""2 baatis"",""grams"":140},{""label"":""100 g"",""grams"":100}]",1 baati
in-bajra-roti,Bajra roti,bajre ki roti|sajje rotti|bajra bhakri|kambu roti,bread,grain|high_fibre,true,260,7.5,48,6,8,"[{""label"":""1 bajra roti"",""grams"":60},{""label"":""2 bajra rotis"",""grams"":120},{""label"":""100 g"",""grams"":100}]",1 bajra roti
in-bhakri,Bhakri,wheat bhakri|bhakhri,bread,grain|high_fibre,true,298,8,52,8,7,"[{""label"":""1 bhakri"",""grams"":70},{""label"":""2 bhakris"",""grams"":140},{""label"":""100 g"",""grams"":100}]",1 bhakri
in-bhatura,Bhatura,bhature|bhatoora,bread,grain|fried,true,356,7,47,16,2,"[{""label"":""1 bhatura"",""grams"":80},{""label"":""2 bhaturas"",""grams"":160},{""label"":""100 g"",""grams"":100}]",1 bhatura
in-butter-naan,Butter naan,makhani naan,bread,grain,true,303,8.5,48,9,2.1,"[{""label"":""1 butter naan"",""grams"":100},{""label"":""2 butter naans"",""grams"":200},{""label"":""100 g"",""grams"":100}]",1 butter naan
in-butter-roti,Butter roti,tandoori butter roti,bread,grain,true,292,8.5,50,7.5,4.6,"[{""label"":""1 butter roti"",""grams"":65},{""label"":""2 butter rotis"",""grams"":130},{""label"":""100 g"",""grams"":100}]",1 butter roti
in-chapati,Chapati,chapathi|roti|rotli,bread,grain|high_fibre,true,266,8.4,49,5.5,6.5,"[{""label"":""1 chapati"",""grams"":45},{""label"":""2 chapatis"",""grams"":90},{""label"":""100 g"",""grams"":100}]",2 chapatis
in-cheese-naan,Cheese naan,cheese garlic naan,bread,grain|dairy,true,325,11,42,13,1.8,"[{""label"":""1 cheese naan"",""grams"":120},{""label"":""2 cheese naans"",""grams"":240},{""label"":""100 g"",""grams"":100}]",1 cheese naan
in-egg-paratha,Egg paratha,anda paratha|mughlai paratha,bread,grain|egg,false,266,9,30,13,3.5,"[{""label"":""1 egg paratha"",""grams"":130},{""label"":""2 egg parathas"",""grams"":260},{""label"":""100 g"",""grams"":100}]",1 egg paratha
in-garlic-naan,Garlic naan,lehsuni naan|garlic butter naan,bread,grain,true,298,8.5,48,8.5,2.2,"[{""label"":""1 garlic naan"",""grams"":100},{""label"":""2 garlic naans"",""grams"":200},{""label"":""100 g"",""grams"":100}]",1 garlic naan
in-gobi-paratha,Gobi paratha,cauliflower paratha|gobhi paratha,bread,grain|vegetable,true,231,5.5,32,10,4.5,"[{""label"":""1 gobi paratha"",""grams"":120},{""label"":""2 gobi parathas"",""grams"":240},{""label"":""100 g"",""grams"":100}]",1 gobi paratha
in-jowar-roti,Jowar roti,jolada rotti|jowar bhakri|jonna rotte,bread,grain|high_fibre,true,242,7,50,3,6.5,"[{""label"":""1 jowar roti"",""grams"":55},{""label"":""2 jowar rotis"",""grams"":110},{""label"":""100 g"",""grams"":100}]",1 jowar roti
in-kulcha,Kulcha,plain kulcha,bread,grain,true,284,8.5,50,6,2,"[{""label"":""1 kulcha"",""grams"":80},{""label"":""2 kulchas"",""grams"":160},{""label"":""100 g"",""grams"":100}]",1 kulcha
in-kuttu-ki-puri,Kuttu ki puri,buckwheat puri|vrat puri,bread,grain|fried,true,344,6,42,18,5,"[{""label"":""1 kuttu puri"",""grams"":35},{""label"":""2 kuttu puris"",""grams"":70},{""label"":""100 g"",""grams"":100}]",1 kuttu puri
in-lachha-paratha,Lachha paratha,laccha paratha|lachcha paratha,bread,grain,true,348,7,46,16,4,"[{""label"":""1 lachha paratha"",""grams"":90},{""label"":""2 lachha parathas"",""grams"":180},{""label"":""100 g"",""grams"":100}]",1 lachha paratha
in-litti,Litti,sattu litti,bread,grain|high_fibre,true,292,9,45,10,7,"[{""label"":""1 litti"",""grams"":80},{""label"":""2 littis"",""grams"":160},{""label"":""100 g"",""grams"":100}]",1 litti
in-luchi,Luchi,maida puri,bread,grain|fried,true,381,6.5,47,19,1.8,"[{""label"":""1 luchi"",""grams"":25},{""label"":""2 luchis"",""grams"":50},{""label"":""3 luchis"",""grams"":75},{""label"":""100 g"",""grams"":100}]",3 luchis
in-makki-ki-roti,Makki ki roti,makki roti|corn roti|maize roti,bread,grain|high_fibre,true,271,5.5,45,9,6,"[{""label"":""1 makki ki roti"",""grams"":70},{""label"":""2 makki ki rotis"",""grams"":140},{""label"":""100 g"",""grams"":100}]",1 makki ki roti
in-malabar-parotta,Malabar parotta,kerala parotta|porotta|barotta|layered parotta,bread,grain,true,347,7,47,15,2,"[{""label"":""1 parotta"",""grams"":100},{""label"":""2 parottas"",""grams"":200},{""label"":""100 g"",""grams"":100}]",1 parotta
in-methi-paratha,Methi paratha,fenugreek paratha,bread,grain|vegetable|high_fibre,true,277,7.5,40,11,6,"[{""label"":""1 methi paratha"",""grams"":80},{""label"":""2 methi parathas"",""grams"":160},{""label"":""100 g"",""grams"":100}]",1 methi paratha
in-missi-roti,Missi roti,besan roti,bread,grain|high_fibre,true,268,11,44,7,7.5,"[{""label"":""1 missi roti"",""grams"":70},{""label"":""2 missi rotis"",""grams"":140},{""label"":""100 g"",""grams"":100}]",1 missi roti
in-mooli-paratha,Mooli paratha,radish paratha,bread,grain,true,230,5.5,33,9.5,4.5,"[{""label"":""1 mooli paratha"",""grams"":110},{""label"":""2 mooli parathas"",""grams"":220},{""label"":""100 g"",""grams"":100}]",1 mooli paratha
in-naan,Naan,nan|plain naan|tandoori naan,bread,grain,true,276,8.8,50,5,2.2,"[{""label"":""1 naan"",""grams"":90},{""label"":""2 naans"",""grams"":180},{""label"":""100 g"",""grams"":100}]",1 naan
in-paneer-paratha,Paneer paratha,paneer parantha|cottage cheese paratha,bread,grain|dairy,true,282,10,33,13,3.5,"[{""label"":""1 paneer paratha"",""grams"":120},{""label"":""2 paneer parathas"",""grams"":240},{""label"":""100 g"",""grams"":100}]",1 paneer paratha
in-paratha,Paratha,plain paratha|parantha|parotta (north)|tawa paratha,bread,grain,true,316,7.5,45,13,5.5,"[{""label"":""1 paratha"",""grams"":80},{""label"":""2 parathas"",""grams"":160},{""label"":""100 g"",""grams"":100}]",1 paratha
in-pav,Pav,ladi pav|pao|bun|dinner roll,bread,grain,true,265,8.5,50,4,2.4,"[{""label"":""1 pav"",""grams"":40},{""label"":""2 pavs"",""grams"":80},{""label"":""100 g"",""grams"":100}]",2 pavs
in-phulka,Phulka,fulka|phulka roti|no-oil roti,bread,grain|high_fibre,true,243,8.8,52,1.5,7,"[{""label"":""1 phulka"",""grams"":30},{""label"":""2 phulkas"",""grams"":60},{""label"":""100 g"",""grams"":100}]",2 phulkas
in-poori,Poori,puri|luchi (whole wheat),bread,grain|fried,true,357,7,44,18,4.5,"[{""label"":""1 poori"",""grams"":30},{""label"":""2 pooris"",""grams"":60},{""label"":""3 pooris"",""grams"":90},{""label"":""100 g"",""grams"":100}]",3 pooris
in-ragi-roti,Ragi roti,ragi rotti|nachni bhakri|finger millet roti,bread,grain|high_fibre,true,244,5.5,45,6,6,"[{""label"":""1 ragi roti"",""grams"":60},{""label"":""2 ragi rotis"",""grams"":120},{""label"":""100 g"",""grams"":100}]",1 ragi roti
in-roti,Roti,chapati|fulka|rotli|poli|chapathi,bread,grain|high_fibre,true,258,8.7,51,3.7,6.9,"[{""label"":""1 roti"",""grams"":40},{""label"":""2 rotis"",""grams"":80},{""label"":""100 g"",""grams"":100}]",2 rotis
in-roti-with-ghee,Roti with ghee,ghee roti|chupdi roti|tuppa chapati,bread,grain|high_fibre,true,288,8,47,9,6.3,"[{""label"":""1 roti"",""grams"":45},{""label"":""2 rotis"",""grams"":90},{""label"":""100 g"",""grams"":100}]",2 rotis
in-rumali-roti,Rumali roti,roomali roti,bread,grain,true,271,8,52,4,2.5,"[{""label"":""1 rumali roti"",""grams"":50},{""label"":""2 rumali rotis"",""grams"":100},{""label"":""100 g"",""grams"":100}]",1 rumali roti
in-sheermal,Sheermal,shirmal,bread,grain,true,344,8,52,12,2,"[{""label"":""1 sheermal"",""grams"":70},{""label"":""2 sheermals"",""grams"":140},{""label"":""100 g"",""grams"":100}]",1 sheermal
in-tandoori-roti,Tandoori roti,tandoori rotti|tandoor roti,bread,grain,true,264,9,54,2.5,5,"[{""label"":""1 tandoori roti"",""grams"":60},{""label"":""2 tandoori rotis"",""grams"":120},{""label"":""100 g"",""grams"":100}]",1 tandoori roti
in-thepla,Thepla,methi thepla|thepala,bread,grain,true,286,7.5,42,11,5.5,"[{""label"":""1 thepla"",""grams"":40},{""label"":""2 theplas"",""grams"":80},{""label"":""100 g"",""grams"":100}]",2 theplas
in-adai,Adai,adai dosa|lentil dosa,breakfast,legume,true,171,7,24,6,3.5,"[{""label"":""1 adai"",""grams"":100},{""label"":""2 adais"",""grams"":200},{""label"":""100 g"",""grams"":100}]",1 adai
in-appam,Appam,palappam|hoppers|vellayappam,breakfast,grain,true,157,3,30,3,0.8,"[{""label"":""1 appam"",""grams"":60},{""label"":""2 appams"",""grams"":120},{""label"":""100 g"",""grams"":100}]",2 appams
in-besan-chilla,Besan chilla,besan cheela|pudla|besan ka chilla|gram flour pancake,breakfast,legume,true,173,10,22,6,4.5,"[{""label"":""1 chilla"",""grams"":80},{""label"":""2 chillas"",""grams"":160},{""label"":""100 g"",""grams"":100}]",1 chilla
in-bread-butter,Bread butter,bread with butter|butter toast,breakfast,grain,true,329,7,45,14,2.3,"[{""label"":""1 slice"",""grams"":35},{""label"":""2 slices"",""grams"":70},{""label"":""100 g"",""grams"":100}]",2 slices
in-bread-jam,Bread jam,bread with jam|jam toast,breakfast,grain,true,274,6,58,2.5,2.2,"[{""label"":""1 slice"",""grams"":40},{""label"":""2 slices"",""grams"":80},{""label"":""100 g"",""grams"":100}]",2 slices
in-bread-omelette,Bread omelette,bread omlet|anda bread,breakfast,street_food|egg|grain,false,220,9,22,11,1.5,"[{""label"":""1 plate (2 slices + omelette)"",""grams"":150},{""label"":""100 g"",""grams"":100}]",1 plate (2 slices + omelette)
in-cornflakes-with-milk,Cornflakes with milk,cornflakes|cereal with milk,breakfast,dairy|grain,true,102,4,16,2.5,0.5,"[{""label"":""1 bowl"",""grams"":250},{""label"":""100 g"",""grams"":100}]",1 bowl
in-daliya,Daliya,savoury daliya|broken wheat upma|godhuma rava upma|dalia khichdi,breakfast,grain,true,102,3.5,17,3,3.5,"[{""label"":""1 katori"",""grams"":200},{""label"":""1/2 katori"",""grams"":100},{""label"":""1 bowl"",""grams"":333},{""label"":""100 g"",""grams"":100}]",1 katori
in-dosa,Dosa,dosai|dosey|thosai|home dosa,breakfast,grain,true,161,3.8,28,4,1.2,"[{""label"":""1 dosa"",""grams"":70},{""label"":""2 dosas"",""grams"":140},{""label"":""100 g"",""grams"":100}]",1 dosa
in-egg-dosa,Egg dosa,muttai dosai|anda dosa,breakfast,egg|grain,false,192,6.5,24,8,1.2,"[{""label"":""1 egg dosa"",""grams"":130},{""label"":""2 egg dosas"",""grams"":260},{""label"":""100 g"",""grams"":100}]",1 egg dosa
in-ghee-roast-dosa,Ghee roast dosa,ghee dosa|nei roast,breakfast,grain,true,229,4,29,11,1.2,"[{""label"":""1 ghee roast"",""grams"":110},{""label"":""2 ghee roasts"",""grams"":220},{""label"":""100 g"",""grams"":100}]",1 ghee roast
in-idiyappam,Idiyappam,string hoppers|nool puttu|sevai|noolappam,breakfast,grain,true,140,2.5,32,0.4,0.8,"[{""label"":""1 idiyappam"",""grams"":40},{""label"":""3 idiyappams"",""grams"":120},{""label"":""100 g"",""grams"":100}]",3 idiyappams
in-idli,Idli,idly|iddli|idlee|steamed rice cake,breakfast,grain,true,126,3.9,27.5,0.4,1.5,"[{""label"":""1 idli"",""grams"":40},{""label"":""2 idlis"",""grams"":80},{""label"":""3 idlis"",""grams"":120},{""label"":""100 g"",""grams"":100}]",2 idlis
in-idli-sambar,Idli sambar,idli with sambar|sambar idli,breakfast,legume|grain,true,98,3.5,19,1.3,2,"[{""label"":""1 plate (2 idlis + sambar)"",""grams"":230},{""label"":""100 g"",""grams"":100}]",1 plate (2 idlis + sambar)
in-kozhukattai,Kozhukattai,pidi kozhukattai|kara kozhukattai,breakfast,grain,true,168,3,32,3.5,2,"[{""label"":""1 kozhukattai"",""grams"":40},{""label"":""3 kozhukattais"",""grams"":120},{""label"":""100 g"",""grams"":100}]",3 kozhukattais
in-kuzhi-paniyaram,Kuzhi paniyaram,paddu|guntha ponganalu|appe|kuli paniyaram,breakfast,grain,true,175,4,27,6,1.5,"[{""label"":""1 paniyaram"",""grams"":25},{""label"":""4 paniyarams"",""grams"":100},{""label"":""100 g"",""grams"":100}]",4 paniyarams
in-lemon-sevai,Lemon sevai,lemon idiyappam|sevai,breakfast,grain,true,170,3,30,4.5,1,"[{""label"":""1 katori"",""grams"":200},{""label"":""1/2 katori"",""grams"":100},{""label"":""1 bowl"",""grams"":333},{""label"":""100 g"",""grams"":100}]",1 katori
in-mangalore-buns,Mangalore buns,banana buns,breakfast,fried|grain,true,308,6,45,12,2,"[{""label"":""1 bun"",""grams"":70},{""label"":""2 buns"",""grams"":140},{""label"":""100 g"",""grams"":100}]",1 bun
in-masala-dosa,Masala dosa,masala dosai|aloo dosa,breakfast,grain,true,173,3.7,26,6.5,2,"[{""label"":""1 masala dosa"",""grams"":180},{""label"":""2 masala dosas"",""grams"":360},{""label"":""100 g"",""grams"":100}]",1 masala dosa
in-medu-vada,Medu vada,uzhunnu vada|ulundu vadai|urad vada|vadai,breakfast,fried|legume,true,290,8.5,26,18,5,"[{""label"":""1 vada"",""grams"":50},{""label"":""2 vadas"",""grams"":100},{""label"":""100 g"",""grams"":100}]",2 vadas
in-moong-dal-chilla,Moong dal chilla,moong cheela|moong dal cheela,breakfast,legume,true,152,9.5,20,4.5,3.5,"[{""label"":""1 chilla"",""grams"":80},{""label"":""2 chillas"",""grams"":160},{""label"":""100 g"",""grams"":100}]",1 chilla
in-mysore-masala-dosa,Mysore masala dosa,mysore dosa,breakfast,grain,true,187,3.8,26,8,2,"[{""label"":""1 mysore masala dosa"",""grams"":200},{""label"":""2 mysore masala dosas"",""grams"":400},{""label"":""100 g"",""grams"":100}]",1 mysore masala dosa
in-neer-dosa,Neer dosa,neer dose|water dosa,breakfast,grain,true,144,2.5,28,2.5,0.5,"[{""label"":""1 neer dosa"",""grams"":50},{""label"":""3 neer dosas"",""grams"":150},{""label"":""100 g"",""grams"":100}]",3 neer dosas
in-oats-porridge,Oats porridge,oatmeal with milk|oats with milk|oats kheer (breakfast),breakfast,grain,true,88,4,12,3,1.5,"[{""label"":""1 bowl"",""grams"":250},{""label"":""100 g"",""grams"":100}]",1 bowl
in-oats-upma,Oats upma,oats uppittu|masala oats,breakfast,grain,true,120,4,17,4.5,2.5,"[{""label"":""1 katori"",""grams"":200},{""label"":""1/2 katori"",""grams"":100},{""label"":""1 bowl"",""grams"":333},{""label"":""100 g"",""grams"":100}]",1 katori
in-onion-uttapam,Onion uttapam,onion uthappam,breakfast,grain,true,166,4,26,5.5,2,"[{""label"":""1 onion uttapam"",""grams"":160},{""label"":""2 onion uttapams"",""grams"":320},{""label"":""100 g"",""grams"":100}]",1 onion uttapam
in-paper-dosa,Paper dosa,paper roast,breakfast,grain,true,206,4,30,8,1.2,"[{""label"":""1 paper dosa"",""grams"":100},{""label"":""2 paper dosas"",""grams"":200},{""label"":""100 g"",""grams"":100}]",1 paper dosa
in-pesarattu,Pesarattu,moong dal dosa|green gram dosa|pesarattu dosa,breakfast,legume,true,156,7.5,22,5,3.5,"[{""label"":""1 pesarattu"",""grams"":100},{""label"":""2 pesarattus"",""grams"":200},{""label"":""100 g"",""grams"":100}]",1 pesarattu
in-plain-dosa,Plain dosa,sada dosa|plain dosai|restaurant dosa,breakfast,grain,true,183,3.9,29,6,1.2,"[{""label"":""1 plain dosa"",""grams"":90},{""label"":""2 plain dosas"",""grams"":180},{""label"":""100 g"",""grams"":100}]",1 plain dosa
in-poha,Poha,kanda poha|pohe|aval upma|avalakki|chuda|beaten rice,breakfast,grain,true,153,2.8,26,4.5,1.2,"[{""label"":""1 katori"",""grams"":150},{""label"":""1/2 katori"",""grams"":75},{""label"":""1 bowl"",""grams"":250},{""label"":""100 g"",""grams"":100}]",1 katori
in-pongal,Pongal,ven pongal|khara pongal|ghee pongal,breakfast,grain,true,148,4.2,20,6,1.2,"[{""label"":""1 katori"",""grams"":200},{""label"":""1/2 katori"",""grams"":100},{""label"":""1 bowl"",""grams"":333},{""label"":""100 g"",""grams"":100}]",1 katori
in-poori-bhaji,Poori bhaji,puri sabzi|puri bhaji|poori masala|poori kizhangu,breakfast,fried|grain|vegetable,true,242,5,30,12,3,"[{""label"":""1 plate (3 pooris + bhaji)"",""grams"":230},{""label"":""100 g"",""grams"":100}]",1 plate (3 pooris + bhaji)
in-puttu,Puttu,rice puttu|kutti puttu,breakfast,grain,true,182,3.5,35,3.5,2,"[{""label"":""1 puttu"",""grams"":120},{""label"":""1/2 puttu"",""grams"":60},{""label"":""100 g"",""grams"":100}]",1 puttu
in-ragi-dosa,Ragi dosa,finger millet dosa|nachni dosa,breakfast,grain,true,148,3.5,25,4.5,3,"[{""label"":""1 ragi dosa"",""grams"":80},{""label"":""2 ragi dosas"",""grams"":160},{""label"":""100 g"",""grams"":100}]",1 ragi dosa
in-ragi-mudde,Ragi mudde,ragi ball|ragi kali|ragi sangati|mudde,breakfast,grain,true,120,2.8,28,0.5,4,"[{""label"":""1 ragi mudde"",""grams"":150},{""label"":""2 ragi muddes"",""grams"":300},{""label"":""100 g"",""grams"":100}]",1 ragi mudde
in-rava-dosa,Rava dosa,sooji dosa|onion rava dosa,breakfast,grain,true,207,4,28,9,1.2,"[{""label"":""1 rava dosa"",""grams"":90},{""label"":""2 rava dosas"",""grams"":180},{""label"":""100 g"",""grams"":100}]",1 rava dosa
in-rava-idli,Rava idli,sooji idli|semolina idli,breakfast,grain,true,157,4.5,24,5,1.2,"[{""label"":""1 rava idli"",""grams"":50},{""label"":""2 rava idlis"",""grams"":100},{""label"":""100 g"",""grams"":100}]",2 rava idlis
in-sabudana-khichdi,Sabudana khichdi,sago khichdi|sabudana khichadi|javvarisi upma,breakfast,grain,true,218,2,35,8,1,"[{""label"":""1 katori"",""grams"":150},{""label"":""1/2 katori"",""grams"":75},{""label"":""1 bowl"",""grams"":250},{""label"":""100 g"",""grams"":100}]",1 katori
in-sambar-vada,Sambar vada,sambar vadai|vada sambar,breakfast,fried|legume,true,150,5,16,8,3,"[{""label"":""1 sambar vada"",""grams"":150},{""label"":""2 sambar vadas"",""grams"":300},{""label"":""100 g"",""grams"":100}]",1 sambar vada
in-semiya-upma,Semiya upma,vermicelli upma|shevaya upma|sevai upma,breakfast,grain,true,157,3.5,25,5,1.2,"[{""label"":""1 katori"",""grams"":200},{""label"":""1/2 katori"",""grams"":100},{""label"":""1 bowl"",""grams"":333},{""label"":""100 g"",""grams"":100}]",1 katori
in-set-dosa,Set dosa,sponge dosa,breakfast,grain,true,170,4,30,4,1.2,"[{""label"":""1 set dosa"",""grams"":60},{""label"":""3 set dosas"",""grams"":180},{""label"":""100 g"",""grams"":100}]",3 set dosas
in-sweet-daliya,Sweet daliya,meetha daliya|dalia with milk|broken wheat porridge,breakfast,grain,true,111,4,18,3,2,"[{""label"":""1 katori"",""grams"":200},{""label"":""1/2 katori"",""grams"":100},{""label"":""1 bowl"",""grams"":333},{""label"":""100 g"",""grams"":100}]",1 katori
in-thalipeeth,Thalipeeth,bhajanee thalipeeth,breakfast,grain|high_fibre,true,262,8,38,10,6,"[{""label"":""1 thalipeeth"",""grams"":80},{""label"":""2 thalipeeths"",""grams"":160},{""label"":""100 g"",""grams"":100}]",1 thalipeeth
in-upma,Upma,uppittu|rava upma|uppuma|sooji upma,breakfast,grain,true,143,3.5,22,5,1.8,"[{""label"":""1 katori"",""grams"":200},{""label"":""1/2 katori"",""grams"":100},{""label"":""1 bowl"",""grams"":333},{""label"":""100 g"",""grams"":100}]",1 katori
in-uttapam,Uttapam,uthappam|oothappam|uttappa,breakfast,grain,true,166,4.2,27,5,1.8,"[{""label"":""1 uttapam"",""grams"":150},{""label"":""2 uttapams"",""grams"":300},{""label"":""100 g"",""grams"":100}]",1 uttapam
in-coconut-chutney,Coconut chutney,thengai chutney|kobbari pachadi|nariyal chutney|white chutney,condiment,,true,177,2.5,8,16,4.5,"[{""label"":""1 tbsp"",""grams"":15},{""label"":""2 tbsp"",""grams"":30},{""label"":""1 small katori"",""grams"":50},{""label"":""100 g"",""grams"":100}]",2 tbsp
in-garlic-chutney,Garlic chutney,lehsun chutney|vada pav chutney|dry garlic chutney,condiment,high_fibre,true,406,8,30,30,8,"[{""label"":""1 tsp"",""grams"":5},{""label"":""1 tbsp"",""grams"":12},{""label"":""100 g"",""grams"":100}]",1 tsp
in-gongura-pickle,Gongura pickle,gongura pachadi|pulicha keerai thokku,condiment,,true,198,2,9,18,4,"[{""label"":""1 tsp"",""grams"":8},{""label"":""1 tbsp"",""grams"":20},{""label"":""100 g"",""grams"":100}]",1 tsp
in-gulkand,Gulkand,rose petal jam,condiment,,true,281,0.5,70,0.1,1,"[{""label"":""1 tsp"",""grams"":8},{""label"":""1 tbsp"",""grams"":20},{""label"":""100 g"",""grams"":100}]",1 tsp
in-gunpowder-podi,Gunpowder podi,idli podi|milagai podi|chutney pudi|gun powder,condiment,high_fibre,true,378,18,42,18,12,"[{""label"":""1 tbsp"",""grams"":10},{""label"":""2 tbsp"",""grams"":20},{""label"":""100 g"",""grams"":100}]",1 tbsp
in-jaggery,Jaggery,gur|gud|bellam|vellam|sharkara|panela,condiment,,true,381,0.4,95,0.1,0.6,"[{""label"":""1 tsp"",""grams"":5},{""label"":""1 piece"",""grams"":10},{""label"":""1 tbsp"",""grams"":15},{""label"":""100 g"",""grams"":100}]",1 piece
in-lime-pickle,Lime pickle,nimbu ka achar|lemon pickle|narthangai oorugai,condiment,,true,128,1,10,10,3,"[{""label"":""1 tsp"",""grams"":8},{""label"":""1 tbsp"",""grams"":20},{""label"":""100 g"",""grams"":100}]",1 tsp
in-mango-pickle,Mango pickle,aam ka achar|avakaya|mangai oorugai|kairi achar,condiment,,true,166,1,8,15,2.5,"[{""label"":""1 tsp"",""grams"":8},{""label"":""1 tbsp"",""grams"":20},{""label"":""100 g"",""grams"":100}]",1 tsp
in-mint-chutney,Mint chutney,green chutney|hari chutney|pudina chutney|dhania chutney,condiment,,true,45,2.5,8,1,3,"[{""label"":""1 tbsp"",""grams"":15},{""label"":""2 tbsp"",""grams"":30},{""label"":""100 g"",""grams"":100}]",1 tbsp
in-mixed-pickle,Mixed pickle,mix achar|mixed achar,condiment,,true,157,1.2,8,14,3,"[{""label"":""1 tsp"",""grams"":8},{""label"":""1 tbsp"",""grams"":20},{""label"":""100 g"",""grams"":100}]",1 tsp
in-onion-chutney,Onion chutney,vengaya chutney|ulli chutney,condiment,,true,113,1.5,12,7,2,"[{""label"":""1 tbsp"",""grams"":15},{""label"":""2 tbsp"",""grams"":30},{""label"":""100 g"",""grams"":100}]",2 tbsp
in-peanut-chutney,Peanut chutney,palli chutney|groundnut chutney|shenga chutney|kadalai chutney,condiment,,true,263,9,14,20,4.5,"[{""label"":""1 tbsp"",""grams"":15},{""label"":""2 tbsp"",""grams"":30},{""label"":""1 small katori"",""grams"":50},{""label"":""100 g"",""grams"":100}]",2 tbsp
in-tamarind-chutney,Tamarind chutney,imli chutney|saunth|meethi chutney|sweet chutney,condiment,,true,220,0.8,55,0.2,2.5,"[{""label"":""1 tbsp"",""grams"":20},{""label"":""2 tbsp"",""grams"":40},{""label"":""100 g"",""grams"":100}]",1 tbsp
in-tomato-chutney,Tomato chutney,thakkali chutney|tomato pachadi|red chutney,condiment,,true,105,2,12,6,2.5,"[{""label"":""1 tbsp"",""grams"":15},{""label"":""2 tbsp"",""grams"":30},{""label"":""1 small katori"",""grams"":50},{""label"":""100 g"",""grams"":100}]",2 tbsp
in-aloo-baingan,Aloo baingan,potato brinjal sabzi|aloo vangi,curry,vegetable,true,100,2,11,6,3,"[{""label"":""1 katori"",""grams"":150},{""label"":""1/2 katori"",""grams"":75},{""label"":""1 bowl"",""grams"":250},{""label"":""100 g"",""grams"":100}]",1 katori
in-aloo-gobi,Aloo gobi,alu gobi|potato cauliflower sabzi|aloo gobhi,curry,vegetable,true,106,2.5,12,6,2.8,"[{""label"":""1 katori"",""grams"":150},{""label"":""1/2 katori"",""grams"":75},{""label"":""1 bowl"",""grams"":250},{""label"":""100 g"",""grams"":100}]",1 katori
in-aloo-matar,Aloo matar,aloo mutter|potato peas curry,curry,vegetable,true,116,3.2,14,6,3.2,"[{""label"":""1 katori"",""grams"":150},{""label"":""1/2 katori"",""grams"":75},{""label"":""1 bowl"",""grams"":250},{""label"":""100 g"",""grams"":100}]",1 katori
in-aloo-methi,Aloo methi,methi aloo|potato fenugreek,curry,vegetable,true,111,2.8,13,6,3,"[{""label"":""1 katori"",""grams"":150},{""label"":""1/2 katori"",""grams"":75},{""label"":""1 bowl"",""grams"":250},{""label"":""100 g"",""grams"":100}]",1 katori
in-aloo-palak,Aloo palak,palak aloo|spinach potato,curry,vegetable,true,95,2.8,10,5.5,2.8,"[{""label"":""1 katori"",""grams"":150},{""label"":""1/2 katori"",""grams"":75},{""label"":""1 bowl"",""grams"":250},{""label"":""100 g"",""grams"":100}]",1 katori
in-aloo-posto,Aloo posto,alu posto|potato poppy seed,curry,vegetable,true,158,3.5,15,10,2.8,"[{""label"":""1 katori"",""grams"":150},{""label"":""1/2 katori"",""grams"":75},{""label"":""1 bowl"",""grams"":250},{""label"":""100 g"",""grams"":100}]",1 katori
in-aloo-sabzi,Aloo sabzi,potato curry|batata bhaji|aloo ki sabzi|urulai kizhangu,curry,vegetable,true,105,2,14,5,1.8,"[{""label"":""1 katori"",""grams"":150},{""label"":""1/2 katori"",""grams"":75},{""label"":""1 bowl"",""grams"":250},{""label"":""100 g"",""grams"":100}]",1 katori
in-arbi-masala,Arbi masala,arbi fry|colocasia curry|seppankizhangu roast,curry,vegetable,true,124,2,17,6,3,"[{""label"":""1 katori"",""grams"":150},{""label"":""1/2 katori"",""grams"":75},{""label"":""1 bowl"",""grams"":250},{""label"":""100 g"",""grams"":100}]",1 katori
in-avial,Avial,aviyal|avail,curry,vegetable,true,104,2.5,8,7.5,3,"[{""label"":""1 katori"",""grams"":150},{""label"":""1/2 katori"",""grams"":75},{""label"":""1 bowl"",""grams"":250},{""label"":""100 g"",""grams"":100}]",1 katori
in-bagara-baingan,Bagara baingan,baghare baingan|brinjal masala|gutti vankaya,curry,vegetable,true,138,2.5,9,11,3.5,"[{""label"":""1 katori"",""grams"":150},{""label"":""1/2 katori"",""grams"":75},{""label"":""1 bowl"",""grams"":250},{""label"":""100 g"",""grams"":100}]",1 katori
in-baingan-bharta,Baingan bharta,baingan ka bharta|begun pora|vangyache bharit|brinjal mash,curry,vegetable,true,88,2,8,6,3,"[{""label"":""1 katori"",""grams"":150},{""label"":""1/2 katori"",""grams"":75},{""label"":""1 bowl"",""grams"":250},{""label"":""100 g"",""grams"":100}]",1 katori
in-beans-poriyal,Beans poriyal,beans thoran|beans palya|french beans sabzi,curry,vegetable,true,88,2.2,8,6,3.5,"[{""label"":""1 katori"",""grams"":150},{""label"":""1/2 katori"",""grams"":75},{""label"":""1 bowl"",""grams"":250},{""label"":""100 g"",""grams"":100}]",1 katori
in-beetroot-poriyal,Beetroot poriyal,beetroot thoran|beetroot palya,curry,vegetable,true,92,2,10,5.5,2.8,"[{""label"":""1 katori"",""grams"":150},{""label"":""1/2 katori"",""grams"":75},{""label"":""1 bowl"",""grams"":250},{""label"":""100 g"",""grams"":100}]",1 katori
in-bharli-vangi,Bharli vangi,stuffed brinjal|bharwa baingan,curry,vegetable,true,144,3,10,11,3.5,"[{""label"":""1 katori"",""grams"":150},{""label"":""1/2 katori"",""grams"":75},{""label"":""1 bowl"",""grams"":250},{""label"":""100 g"",""grams"":100}]",1 katori
in-bhindi-fry,Bhindi fry,okra fry|vendakkai poriyal|bhendi fry|kurkuri bhindi,curry,vegetable,true,129,2.5,9,10,3.5,"[{""label"":""1 katori"",""grams"":100},{""label"":""1/2 katori"",""grams"":50},{""label"":""1 bowl"",""grams"":167},{""label"":""100 g"",""grams"":100}]",1 katori
in-bhindi-masala,Bhindi masala,okra masala|bhendi masala|bhindi sabzi,curry,vegetable,true,111,2.5,9,8,3.5,"[{""label"":""1 katori"",""grams"":150},{""label"":""1/2 katori"",""grams"":75},{""label"":""1 bowl"",""grams"":250},{""label"":""100 g"",""grams"":100}]",1 katori
in-butter-chicken,Butter chicken,murgh makhani|chicken makhani|butter chicken gravy,curry,meat,false,191,13,6,13,0.8,"[{""label"":""1 katori"",""grams"":150},{""label"":""1/2 katori"",""grams"":75},{""label"":""1 bowl"",""grams"":250},{""label"":""100 g"",""grams"":100}]",1 katori
in-cabbage-poriyal,Cabbage poriyal,muttaikose poriyal|cabbage palya|cabbage thoran,curry,vegetable,true,84,1.8,7,6,2.8,"[{""label"":""1 katori"",""grams"":150},{""label"":""1/2 katori"",""grams"":75},{""label"":""1 bowl"",""grams"":250},{""label"":""100 g"",""grams"":100}]",1 katori
in-cabbage-sabzi,Cabbage sabzi,patta gobhi sabzi|kobi bhaji|cabbage curry,curry,vegetable,true,75,1.8,7,5,2.5,"[{""label"":""1 katori"",""grams"":150},{""label"":""1/2 katori"",""grams"":75},{""label"":""1 bowl"",""grams"":250},{""label"":""100 g"",""grams"":100}]",1 katori
in-chicken-chettinad,Chicken chettinad,chettinad chicken|kozhi chettinad,curry,meat|high_protein,false,176,15,5,11,1.5,"[{""label"":""1 katori"",""grams"":150},{""label"":""1/2 katori"",""grams"":75},{""label"":""1 bowl"",""grams"":250},{""label"":""100 g"",""grams"":100}]",1 katori
in-chicken-curry,Chicken curry,murgh curry|chicken gravy|kozhi curry|home style chicken curry,curry,meat|high_protein,false,151,13,5,9,1,"[{""label"":""1 katori"",""grams"":150},{""label"":""1/2 katori"",""grams"":75},{""label"":""1 bowl"",""grams"":250},{""label"":""100 g"",""grams"":100}]",1 katori
in-chicken-do-pyaza,Chicken do pyaza,murgh do pyaza,curry,meat|high_protein,false,168,14,6,10,1.2,"[{""label"":""1 katori"",""grams"":150},{""label"":""1/2 katori"",""grams"":75},{""label"":""1 bowl"",""grams"":250},{""label"":""100 g"",""grams"":100}]",1 katori
in-chicken-korma,Chicken korma,murgh korma|chicken kurma,curry,meat,false,200,13,6,14,1,"[{""label"":""1 katori"",""grams"":150},{""label"":""1/2 katori"",""grams"":75},{""label"":""1 bowl"",""grams"":250},{""label"":""100 g"",""grams"":100}]",1 katori
in-chicken-saag,Chicken saag,palak chicken|saagwala chicken,curry,meat|vegetable|high_protein,false,149,13,5,9,2,"[{""label"":""1 katori"",""grams"":150},{""label"":""1/2 katori"",""grams"":75},{""label"":""1 bowl"",""grams"":250},{""label"":""100 g"",""grams"":100}]",1 katori
in-chicken-stew,Chicken stew,kerala chicken stew|chicken ishtu,curry,meat,false,139,10,5,9,1,"[{""label"":""1 katori"",""grams"":150},{""label"":""1/2 katori"",""grams"":75},{""label"":""1 bowl"",""grams"":250},{""label"":""100 g"",""grams"":100}]",1 katori
in-chicken-tikka-masala,Chicken tikka masala,chicken tikka gravy|CTM,curry,meat|high_protein,false,173,13,6,11,1,"[{""label"":""1 katori"",""grams"":150},{""label"":""1/2 katori"",""grams"":75},{""label"":""1 bowl"",""grams"":250},{""label"":""100 g"",""grams"":100}]",1 katori
in-chicken-xacuti,Chicken xacuti,goan chicken xacuti,curry,meat,false,193,14,6,13,2,"[{""label"":""1 katori"",""grams"":150},{""label"":""1/2 katori"",""grams"":75},{""label"":""1 bowl"",""grams"":250},{""label"":""100 g"",""grams"":100}]",1 katori
in-chilli-paneer,Chilli paneer,chili paneer|paneer chilli dry,curry,fast_food|dairy,true,224,11,12,15,1.5,"[{""label"":""1 katori"",""grams"":150},{""label"":""1/2 katori"",""grams"":75},{""label"":""1 bowl"",""grams"":250},{""label"":""100 g"",""grams"":100}]",1 katori
in-chingri-malai-curry,Chingri malai curry,chingri malaikari|prawn malai curry,curry,seafood|dairy,false,193,10,5,15,0.8,"[{""label"":""1 katori"",""grams"":150},{""label"":""1/2 katori"",""grams"":75},{""label"":""1 bowl"",""grams"":250},{""label"":""100 g"",""grams"":100}]",1 katori
in-chole,Chole,chana masala|chhole|chickpea curry|pindi chole|kabuli chana,curry,legume,true,149,6.5,20,6,5.5,"[{""label"":""1 katori"",""grams"":150},{""label"":""1/2 katori"",""grams"":75},{""label"":""1 bowl"",""grams"":250},{""label"":""100 g"",""grams"":100}]",1 katori
in-corn-palak,Corn palak,palak corn|spinach corn curry,curry,vegetable,true,117,4,11,7,2.8,"[{""label"":""1 katori"",""grams"":150},{""label"":""1/2 katori"",""grams"":75},{""label"":""1 bowl"",""grams"":250},{""label"":""100 g"",""grams"":100}]",1 katori
in-crab-curry,Crab curry,kekda curry|nandu kuzhambu|crab masala,curry,seafood|high_protein,false,130,10,5,8,1,"[{""label"":""1 katori"",""grams"":150},{""label"":""1/2 katori"",""grams"":75},{""label"":""1 bowl"",""grams"":250},{""label"":""100 g"",""grams"":100}]",1 katori
in-doi-maach,Doi maach,doi maachh|fish in yogurt,curry,seafood|high_protein,false,157,13,4,10,0.5,"[{""label"":""1 katori"",""grams"":150},{""label"":""1/2 katori"",""grams"":75},{""label"":""1 bowl"",""grams"":250},{""label"":""100 g"",""grams"":100}]",1 katori
in-dum-aloo,Dum aloo,dum alu|kashmiri dum aloo,curry,vegetable,true,146,2.2,15,9,2,"[{""label"":""1 katori"",""grams"":150},{""label"":""1/2 katori"",""grams"":75},{""label"":""1 bowl"",""grams"":250},{""label"":""100 g"",""grams"":100}]",1 katori
in-erissery,Erissery,pumpkin erissery|mathan erissery,curry,vegetable,true,108,3,12,6,3,"[{""label"":""1 katori"",""grams"":150},{""label"":""1/2 katori"",""grams"":75},{""label"":""1 bowl"",""grams"":250},{""label"":""100 g"",""grams"":100}]",1 katori
in-fish-curry,Fish curry,machli curry|meen kuzhambu|fish gravy|macher jhol,curry,seafood|high_protein,false,125,12,4,7,0.8,"[{""label"":""1 katori"",""grams"":150},{""label"":""1/2 katori"",""grams"":75},{""label"":""1 bowl"",""grams"":250},{""label"":""100 g"",""grams"":100}]",1 katori
in-gatte-ki-sabzi,Gatte ki sabzi,gatta curry|besan gatte,curry,legume|vegetable,true,154,7,15,8,3,"[{""label"":""1 katori"",""grams"":150},{""label"":""1/2 katori"",""grams"":75},{""label"":""1 bowl"",""grams"":250},{""label"":""100 g"",""grams"":100}]",1 katori
in-gavar-sabzi,Gavar sabzi,cluster beans sabzi|gawar phali|kothavarangai poriyal,curry,vegetable,true,90,3,10,5,3.5,"[{""label"":""1 katori"",""grams"":150},{""label"":""1/2 katori"",""grams"":75},{""label"":""1 bowl"",""grams"":250},{""label"":""100 g"",""grams"":100}]",1 katori
in-ghugni,Ghugni,ghugni chaat|dried peas curry|matar ghugni,curry,legume,true,118,6,17,4,5,"[{""label"":""1 katori"",""grams"":150},{""label"":""1/2 katori"",""grams"":75},{""label"":""1 bowl"",""grams"":250},{""label"":""100 g"",""grams"":100}]",1 katori
in-goan-fish-curry,Goan fish curry,xitti kodi|goan curry,curry,seafood,false,152,11,5,10,1.2,"[{""label"":""1 katori"",""grams"":150},{""label"":""1/2 katori"",""grams"":75},{""label"":""1 bowl"",""grams"":250},{""label"":""100 g"",""grams"":100}]",1 katori
in-jeera-aloo,Jeera aloo,aloo jeera|cumin potatoes|jeera alu,curry,vegetable,true,122,2,17,5.5,2,"[{""label"":""1 katori"",""grams"":150},{""label"":""1/2 katori"",""grams"":75},{""label"":""1 bowl"",""grams"":250},{""label"":""100 g"",""grams"":100}]",1 katori
in-kadai-chicken,Kadai chicken,karahi chicken|kadhai chicken,curry,meat|high_protein,false,173,14,5,11,1.2,"[{""label"":""1 katori"",""grams"":150},{""label"":""1/2 katori"",""grams"":75},{""label"":""1 bowl"",""grams"":250},{""label"":""100 g"",""grams"":100}]",1 katori
in-kadai-paneer,Kadai paneer,karahi paneer|kadhai paneer,curry,dairy,true,190,9,8,14,2,"[{""label"":""1 katori"",""grams"":150},{""label"":""1/2 katori"",""grams"":75},{""label"":""1 bowl"",""grams"":250},{""label"":""100 g"",""grams"":100}]",1 katori
in-kaddu-sabzi,Kaddu sabzi,khatta meetha kaddu|pumpkin sabzi|kashiphal,curry,vegetable,true,69,1.2,9,3.5,1.5,"[{""label"":""1 katori"",""grams"":150},{""label"":""1/2 katori"",""grams"":75},{""label"":""1 bowl"",""grams"":250},{""label"":""100 g"",""grams"":100}]",1 katori
in-kadhi,Kadhi,gujarati kadhi|plain kadhi|majjige huli|mor kuzhambu,curry,dairy,true,71,3,6,4,0.4,"[{""label"":""1 katori"",""grams"":150},{""label"":""1/2 katori"",""grams"":75},{""label"":""1 bowl"",""grams"":250},{""label"":""100 g"",""grams"":100}]",1 katori
in-kadhi-pakora,Kadhi pakora,pakoda kadhi|kadhi pakoda|punjabi kadhi,curry,dairy,true,106,3.5,9,6.5,1,"[{""label"":""1 katori"",""grams"":150},{""label"":""1/2 katori"",""grams"":75},{""label"":""1 bowl"",""grams"":250},{""label"":""100 g"",""grams"":100}]",1 katori
in-kala-chana-curry,Kala chana curry,kala chana|black chickpea curry|kadala curry,curry,legume|high_fibre,true,133,7,18,5,6,"[{""label"":""1 katori"",""grams"":150},{""label"":""1/2 katori"",""grams"":75},{""label"":""1 bowl"",""grams"":250},{""label"":""100 g"",""grams"":100}]",1 katori
in-karela-fry,Karela fry,karela sabzi|bitter gourd fry|pavakkai fry,curry,vegetable,true,142,2.5,10,11,3.5,"[{""label"":""1 katori"",""grams"":100},{""label"":""1/2 katori"",""grams"":50},{""label"":""1 bowl"",""grams"":167},{""label"":""100 g"",""grams"":100}]",1 katori
in-kathal-sabzi,Kathal sabzi,jackfruit curry|kathal ki sabzi|echor dalna,curry,vegetable,true,104,2.2,12,6,3.5,"[{""label"":""1 katori"",""grams"":150},{""label"":""1/2 katori"",""grams"":75},{""label"":""1 bowl"",""grams"":250},{""label"":""100 g"",""grams"":100}]",1 katori
in-keema-matar,Keema matar,keema mutter|kheema peas,curry,meat|vegetable,false,192,13,7,13,2.5,"[{""label"":""1 katori"",""grams"":150},{""label"":""1/2 katori"",""grams"":75},{""label"":""1 bowl"",""grams"":250},{""label"":""100 g"",""grams"":100}]",1 katori
in-ker-sangri,Ker sangri,ker sangri sabzi,curry,vegetable|high_fibre,true,152,5,15,10,9,"[{""label"":""1 katori"",""grams"":100},{""label"":""1/2 katori"",""grams"":50},{""label"":""1 bowl"",""grams"":167},{""label"":""100 g"",""grams"":100}]",1 katori
in-kootu,Kootu,koottu|poricha kootu,curry,legume,true,82,4,9,4,3,"[{""label"":""1 katori"",""grams"":150},{""label"":""1/2 katori"",""grams"":75},{""label"":""1 bowl"",""grams"":250},{""label"":""100 g"",""grams"":100}]",1 katori
in-kosha-mangsho,Kosha mangsho,kasha mangsho|bengali mutton,curry,meat,false,213,15,5,15,1,"[{""label"":""1 katori"",""grams"":150},{""label"":""1/2 katori"",""grams"":75},{""label"":""1 bowl"",""grams"":250},{""label"":""100 g"",""grams"":100}]",1 katori
in-laal-maas,Laal maas,lal maas|rajasthani mutton,curry,meat,false,223,14,4,17,1,"[{""label"":""1 katori"",""grams"":150},{""label"":""1/2 katori"",""grams"":75},{""label"":""1 bowl"",""grams"":250},{""label"":""100 g"",""grams"":100}]",1 katori
in-lauki-chana-dal,Lauki chana dal,dudhi chana dal|bottle gourd dal,curry,legume|vegetable,true,70,3,8,3.5,2.5,"[{""label"":""1 katori"",""grams"":150},{""label"":""1/2 katori"",""grams"":75},{""label"":""1 bowl"",""grams"":250},{""label"":""100 g"",""grams"":100}]",1 katori
in-lauki-sabzi,Lauki sabzi,ghiya sabzi|dudhi bhaji|bottle gourd curry|sorakaya kura,curry,vegetable,true,48,1,5,3,1.5,"[{""label"":""1 katori"",""grams"":150},{""label"":""1/2 katori"",""grams"":75},{""label"":""1 bowl"",""grams"":250},{""label"":""100 g"",""grams"":100}]",1 katori
in-lobia-curry,Lobia curry,lobia masala|black eyed peas curry|chawli usal|alasande,curry,legume,true,115,6,16,4,4.5,"[{""label"":""1 katori"",""grams"":150},{""label"":""1/2 katori"",""grams"":75},{""label"":""1 bowl"",""grams"":250},{""label"":""100 g"",""grams"":100}]",1 katori
in-malabar-fish-curry,Malabar fish curry,kerala fish curry|meen curry|meen mulakittathu,curry,seafood|high_protein,false,143,12,4,9,1,"[{""label"":""1 katori"",""grams"":150},{""label"":""1/2 katori"",""grams"":75},{""label"":""1 bowl"",""grams"":250},{""label"":""100 g"",""grams"":100}]",1 katori
in-malai-kofta,Malai kofta,malai kofta curry,curry,dairy|vegetable,true,217,5,12,17,1.8,"[{""label"":""1 katori"",""grams"":150},{""label"":""1/2 katori"",""grams"":75},{""label"":""1 bowl"",""grams"":250},{""label"":""100 g"",""grams"":100}]",1 katori
in-matar-mushroom,Matar mushroom,mushroom matar|mutter mushroom,curry,vegetable,true,104,3.5,8,7,2.4,"[{""label"":""1 katori"",""grams"":150},{""label"":""1/2 katori"",""grams"":75},{""label"":""1 bowl"",""grams"":250},{""label"":""100 g"",""grams"":100}]",1 katori
in-matar-paneer,Matar paneer,mutter paneer|peas paneer,curry,dairy|vegetable,true,160,7.5,9,11,2.5,"[{""label"":""1 katori"",""grams"":150},{""label"":""1/2 katori"",""grams"":75},{""label"":""1 bowl"",""grams"":250},{""label"":""100 g"",""grams"":100}]",1 katori
in-matki-usal,Matki usal,moth bean usal|matkichi usal|sprouts usal,curry,legume,true,113,6.5,15,4,4.5,"[{""label"":""1 katori"",""grams"":150},{""label"":""1/2 katori"",""grams"":75},{""label"":""1 bowl"",""grams"":250},{""label"":""100 g"",""grams"":100}]",1 katori
in-meen-moilee,Meen moilee,fish molee|fish moily|fish moilee,curry,seafood,false,157,11,4,11,0.8,"[{""label"":""1 katori"",""grams"":150},{""label"":""1/2 katori"",""grams"":75},{""label"":""1 bowl"",""grams"":250},{""label"":""100 g"",""grams"":100}]",1 katori
in-methi-matar-malai,Methi matar malai,methi mutter malai,curry,dairy|vegetable,true,177,5,9,14,2.5,"[{""label"":""1 katori"",""grams"":150},{""label"":""1/2 katori"",""grams"":75},{""label"":""1 bowl"",""grams"":250},{""label"":""100 g"",""grams"":100}]",1 katori
in-methi-sabzi,Methi sabzi,methi bhaji|fenugreek leaves sabzi,curry,vegetable,true,89,3.5,7,6,3.5,"[{""label"":""1 katori"",""grams"":100},{""label"":""1/2 katori"",""grams"":50},{""label"":""1 bowl"",""grams"":167},{""label"":""100 g"",""grams"":100}]",1 katori
in-mirchi-ka-salan,Mirchi ka salan,mirchi salan|chilli salan,curry,vegetable,true,150,3,9,12,3,"[{""label"":""1 katori"",""grams"":100},{""label"":""1/2 katori"",""grams"":50},{""label"":""1 bowl"",""grams"":167},{""label"":""100 g"",""grams"":100}]",1 katori
in-mixed-veg-curry,Mixed veg curry,mix veg curry|restaurant mixed vegetable,curry,vegetable,true,123,3,9,9,3,"[{""label"":""1 katori"",""grams"":150},{""label"":""1/2 katori"",""grams"":75},{""label"":""1 bowl"",""grams"":250},{""label"":""100 g"",""grams"":100}]",1 katori
in-mochar-ghonto,Mochar ghonto,banana flower curry|mocha ghonto|vazhaipoo poriyal,curry,vegetable,true,101,3,11,6,4.5,"[{""label"":""1 katori"",""grams"":150},{""label"":""1/2 katori"",""grams"":75},{""label"":""1 bowl"",""grams"":250},{""label"":""100 g"",""grams"":100}]",1 katori
in-mushroom-masala,Mushroom masala,kadai mushroom|mushroom curry,curry,vegetable,true,95,3,6,7,1.8,"[{""label"":""1 katori"",""grams"":150},{""label"":""1/2 katori"",""grams"":75},{""label"":""1 bowl"",""grams"":250},{""label"":""100 g"",""grams"":100}]",1 katori
in-mutton-curry,Mutton curry,gosht curry|goat curry|mutton masala|kosha|mamsam kura,curry,meat,false,187,14,4,13,0.8,"[{""label"":""1 katori"",""grams"":150},{""label"":""1/2 katori"",""grams"":75},{""label"":""1 bowl"",""grams"":250},{""label"":""100 g"",""grams"":100}]",1 katori
in-mutton-korma,Mutton korma,gosht korma|lamb korma,curry,meat,false,214,13,5,16,0.8,"[{""label"":""1 katori"",""grams"":150},{""label"":""1/2 katori"",""grams"":75},{""label"":""1 bowl"",""grams"":250},{""label"":""100 g"",""grams"":100}]",1 katori
in-navratan-korma,Navratan korma,navaratna korma,curry,vegetable,true,159,4,10,12,2.5,"[{""label"":""1 katori"",""grams"":150},{""label"":""1/2 katori"",""grams"":75},{""label"":""1 bowl"",""grams"":250},{""label"":""100 g"",""grams"":100}]",1 katori
in-nihari,Nihari,nalli nihari|mutton nihari,curry,meat,false,170,11,5,12,0.8,"[{""label"":""1 katori"",""grams"":150},{""label"":""1/2 katori"",""grams"":75},{""label"":""1 bowl"",""grams"":250},{""label"":""100 g"",""grams"":100}]",1 katori
in-olan,Olan,kerala olan,curry,vegetable,true,81,1.5,6,6,1.5,"[{""label"":""1 katori"",""grams"":150},{""label"":""1/2 katori"",""grams"":75},{""label"":""1 bowl"",""grams"":250},{""label"":""100 g"",""grams"":100}]",1 katori
in-palak-paneer,Palak paneer,saag paneer|spinach paneer,curry,dairy|vegetable,true,147,7,6,11,2.2,"[{""label"":""1 katori"",""grams"":150},{""label"":""1/2 katori"",""grams"":75},{""label"":""1 bowl"",""grams"":250},{""label"":""100 g"",""grams"":100}]",1 katori
in-palak-sabzi,Palak sabzi,palak bhaji|spinach stir fry|keerai poriyal,curry,vegetable,true,72,3,5,5,2.5,"[{""label"":""1 katori"",""grams"":150},{""label"":""1/2 katori"",""grams"":75},{""label"":""1 bowl"",""grams"":250},{""label"":""100 g"",""grams"":100}]",1 katori
in-paneer-bhurji,Paneer bhurji,scrambled paneer|paneer bhurjee,curry,dairy,true,214,13,5,16,1,"[{""label"":""1 katori"",""grams"":100},{""label"":""1/2 katori"",""grams"":50},{""label"":""1 bowl"",""grams"":167},{""label"":""100 g"",""grams"":100}]",1 katori
in-paneer-butter-masala,Paneer butter masala,paneer makhani|butter paneer|paneer makhanwala,curry,dairy,true,214,8,8,17,1.5,"[{""label"":""1 katori"",""grams"":150},{""label"":""1/2 katori"",""grams"":75},{""label"":""1 bowl"",""grams"":250},{""label"":""100 g"",""grams"":100}]",1 katori
in-paneer-do-pyaza,Paneer do pyaza,paneer do pyaaza,curry,dairy,true,190,9,8,14,2,"[{""label"":""1 katori"",""grams"":150},{""label"":""1/2 katori"",""grams"":75},{""label"":""1 bowl"",""grams"":250},{""label"":""100 g"",""grams"":100}]",1 katori
in-paneer-tikka,Paneer tikka,paneer tikka dry|tandoori paneer,curry,dairy,true,252,16,7,18,1,"[{""label"":""4 pieces"",""grams"":120},{""label"":""6 pieces"",""grams"":180},{""label"":""100 g"",""grams"":100}]",6 pieces
in-paneer-tikka-masala,Paneer tikka masala,paneer tikka gravy,curry,dairy,true,202,9.5,8,15,1.5,"[{""label"":""1 katori"",""grams"":150},{""label"":""1/2 katori"",""grams"":75},{""label"":""1 bowl"",""grams"":250},{""label"":""100 g"",""grams"":100}]",1 katori
in-parwal-sabzi,Parwal sabzi,potol sabzi|pointed gourd curry|parval,curry,vegetable,true,75,2,7,5,3,"[{""label"":""1 katori"",""grams"":150},{""label"":""1/2 katori"",""grams"":75},{""label"":""1 bowl"",""grams"":250},{""label"":""100 g"",""grams"":100}]",1 katori
in-pithla,Pithla,zunka|pitla|besan curry,curry,legume,true,126,7,13,6,4,"[{""label"":""1 katori"",""grams"":150},{""label"":""1/2 katori"",""grams"":75},{""label"":""1 bowl"",""grams"":250},{""label"":""100 g"",""grams"":100}]",1 katori
in-potol-dalna,Potol dalna,aloo potol dalna|parwal curry bengali,curry,vegetable,true,97,2,10,6,2.5,"[{""label"":""1 katori"",""grams"":150},{""label"":""1/2 katori"",""grams"":75},{""label"":""1 bowl"",""grams"":250},{""label"":""100 g"",""grams"":100}]",1 katori
in-prawn-curry,Prawn curry,jhinga curry|chemmeen curry|prawns masala curry|royyala kura,curry,seafood|high_protein,false,143,11,5,9,1,"[{""label"":""1 katori"",""grams"":150},{""label"":""1/2 katori"",""grams"":75},{""label"":""1 bowl"",""grams"":250},{""label"":""100 g"",""grams"":100}]",1 katori
in-rajma,Rajma,rajma masala|red kidney bean curry,curry,legume,true,114,6,16,4,5,"[{""label"":""1 katori"",""grams"":150},{""label"":""1/2 katori"",""grams"":75},{""label"":""1 bowl"",""grams"":250},{""label"":""100 g"",""grams"":100}]",1 katori
in-raw-banana-fry,Raw banana fry,vazhakkai fry|kacche kele ki sabzi|plantain fry,curry,vegetable,true,152,1.5,22,7,2.5,"[{""label"":""1 katori"",""grams"":100},{""label"":""1/2 katori"",""grams"":50},{""label"":""1 bowl"",""grams"":167},{""label"":""100 g"",""grams"":100}]",1 katori
in-rogan-josh,Rogan josh,mutton rogan josh|roghan josh,curry,meat,false,196,14,4,14,0.8,"[{""label"":""1 katori"",""grams"":150},{""label"":""1/2 katori"",""grams"":75},{""label"":""1 bowl"",""grams"":250},{""label"":""100 g"",""grams"":100}]",1 katori
in-sabzi-mixed-veg,Sabzi (mixed veg),mixed veg sabzi|mix veg|tarkari|subzi|bhaji,curry,vegetable,true,94,2.5,9,6,3,"[{""label"":""1 katori"",""grams"":150},{""label"":""1/2 katori"",""grams"":75},{""label"":""1 bowl"",""grams"":250},{""label"":""100 g"",""grams"":100}]",1 katori
in-sarson-ka-saag,Sarson ka saag,sarson da saag|mustard greens curry|saag,curry,vegetable,true,84,3,6,6,3.2,"[{""label"":""1 katori"",""grams"":150},{""label"":""1/2 katori"",""grams"":75},{""label"":""1 bowl"",""grams"":250},{""label"":""100 g"",""grams"":100}]",1 katori
in-sev-tamatar,Sev tamatar,sev tameta nu shaak|sev tomato curry,curry,vegetable,true,158,4,12,11,2.5,"[{""label"":""1 katori"",""grams"":150},{""label"":""1/2 katori"",""grams"":75},{""label"":""1 bowl"",""grams"":250},{""label"":""100 g"",""grams"":100}]",1 katori
in-shahi-paneer,Shahi paneer,paneer shahi korma,curry,dairy,true,224,8,8,18,1.2,"[{""label"":""1 katori"",""grams"":150},{""label"":""1/2 katori"",""grams"":75},{""label"":""1 bowl"",""grams"":250},{""label"":""100 g"",""grams"":100}]",1 katori
in-shimla-mirch-aloo,Shimla mirch aloo,capsicum aloo|aloo capsicum,curry,vegetable,true,96,2,11,5.5,2.5,"[{""label"":""1 katori"",""grams"":150},{""label"":""1/2 katori"",""grams"":75},{""label"":""1 bowl"",""grams"":250},{""label"":""100 g"",""grams"":100}]",1 katori
in-shorshe-ilish,Shorshe ilish,hilsa in mustard|sorshe ilish|ilish bhapa,curry,seafood,false,258,17,3,20,0.8,"[{""label"":""1 katori"",""grams"":150},{""label"":""1/2 katori"",""grams"":75},{""label"":""1 bowl"",""grams"":250},{""label"":""100 g"",""grams"":100}]",1 katori
in-shukto,Shukto,shukto bengali,curry,vegetable,true,94,2.5,9,6,2.8,"[{""label"":""1 katori"",""grams"":150},{""label"":""1/2 katori"",""grams"":75},{""label"":""1 bowl"",""grams"":250},{""label"":""100 g"",""grams"":100}]",1 katori
in-soya-chunks-curry,Soya chunks curry,meal maker curry|soya bean curry|nutri curry,curry,legume|high_protein,true,111,9,9,5,3,"[{""label"":""1 katori"",""grams"":150},{""label"":""1/2 katori"",""grams"":75},{""label"":""1 bowl"",""grams"":250},{""label"":""100 g"",""grams"":100}]",1 katori
in-suran-sabzi,Suran sabzi,elephant foot yam curry|jimikand sabzi|senai roast,curry,vegetable,true,120,1.8,18,5,2,"[{""label"":""1 katori"",""grams"":150},{""label"":""1/2 katori"",""grams"":75},{""label"":""1 bowl"",""grams"":250},{""label"":""100 g"",""grams"":100}]",1 katori
in-thoran,Thoran,vegetable thoran|upperi,curry,vegetable,true,98,2.5,8,7,3.5,"[{""label"":""1 katori"",""grams"":150},{""label"":""1/2 katori"",""grams"":75},{""label"":""1 bowl"",""grams"":250},{""label"":""100 g"",""grams"":100}]",1 katori
in-tinda-masala,Tinda masala,tinda sabzi|round gourd curry,curry,vegetable,true,62,1.5,6,4,2,"[{""label"":""1 katori"",""grams"":150},{""label"":""1/2 katori"",""grams"":75},{""label"":""1 bowl"",""grams"":250},{""label"":""100 g"",""grams"":100}]",1 katori
in-tindora-sabzi,Tindora sabzi,kundru sabzi|dondakaya fry|kovakkai poriyal|ivy gourd fry,curry,vegetable,true,80,1.5,6,6,2,"[{""label"":""1 katori"",""grams"":150},{""label"":""1/2 katori"",""grams"":75},{""label"":""1 bowl"",""grams"":250},{""label"":""100 g"",""grams"":100}]",1 katori
in-turai-sabzi,Turai sabzi,tori sabzi|ridge gourd curry|beerakaya kura,curry,vegetable,true,54,1.3,5,3.5,1.5,"[{""label"":""1 katori"",""grams"":150},{""label"":""1/2 katori"",""grams"":75},{""label"":""1 bowl"",""grams"":250},{""label"":""100 g"",""grams"":100}]",1 katori
in-undhiyu,Undhiyu,undhiya|oondhiyu,curry,vegetable,true,157,4,15,10,4.5,"[{""label"":""1 katori"",""grams"":150},{""label"":""1/2 katori"",""grams"":75},{""label"":""1 bowl"",""grams"":250},{""label"":""100 g"",""grams"":100}]",1 katori
in-veg-jalfrezi,Veg jalfrezi,vegetable jalfrezi,curry,vegetable,true,104,2.5,9,7,2.5,"[{""label"":""1 katori"",""grams"":150},{""label"":""1/2 katori"",""grams"":75},{""label"":""1 bowl"",""grams"":250},{""label"":""100 g"",""grams"":100}]",1 katori
in-veg-kolhapuri,Veg kolhapuri,vegetable kolhapuri,curry,vegetable,true,127,3,10,9,3.2,"[{""label"":""1 katori"",""grams"":150},{""label"":""1/2 katori"",""grams"":75},{""label"":""1 bowl"",""grams"":250},{""label"":""100 g"",""grams"":100}]",1 katori
in-veg-kurma,Veg kurma,vegetable kurma|veg korma|kurma,curry,vegetable,true,124,3,9,9,2.5,"[{""label"":""1 katori"",""grams"":150},{""label"":""1/2 katori"",""grams"":75},{""label"":""1 bowl"",""grams"":250},{""label"":""100 g"",""grams"":100}]",1 katori
in-veg-stew,Veg stew,kerala vegetable stew|ishtu,curry,vegetable,true,99,2,8,7,2,"[{""label"":""1 katori"",""grams"":150},{""label"":""1/2 katori"",""grams"":75},{""label"":""1 bowl"",""grams"":250},{""label"":""100 g"",""grams"":100}]",1 katori
in-boondi-raita,Boondi raita,bundi raita,dairy,dairy,true,94,3.5,9,5,0.6,"[{""label"":""1 katori"",""grams"":100},{""label"":""1/2 katori"",""grams"":50},{""label"":""1 bowl"",""grams"":167},{""label"":""100 g"",""grams"":100}]",1 katori
in-buffalo-milk,Buffalo milk,bhains ka doodh|emme haalu|erumai paal,dairy,dairy,true,96,4.3,5,6.5,0,"[{""label"":""1 glass"",""grams"":250},{""label"":""100 g"",""grams"":100}]",1 glass
in-cheese-slice,Cheese slice,processed cheese|cheese singles,dairy,dairy,true,312,18,6,24,0,"[{""label"":""1 slice"",""grams"":20},{""label"":""2 slices"",""grams"":40},{""label"":""100 g"",""grams"":100}]",1 slice
in-chhena,Chhena,chena|chhana|fresh paneer crumbled,dairy,dairy,true,254,17,1.5,20,0,"[{""label"":""1 katori"",""grams"":100},{""label"":""100 g"",""grams"":100}]",1 katori
in-cow-milk,Cow milk,gai ka doodh|desi cow milk|pasu paal,dairy,dairy,true,67,3.2,4.4,4.1,0,"[{""label"":""1 glass"",""grams"":250},{""label"":""100 g"",""grams"":100}]",1 glass
in-cucumber-raita,Cucumber raita,kheere ka raita|vellarikka pachadi,dairy,dairy,true,54,2.8,4.5,2.8,0.4,"[{""label"":""1 katori"",""grams"":100},{""label"":""1/2 katori"",""grams"":50},{""label"":""1 bowl"",""grams"":167},{""label"":""100 g"",""grams"":100}]",1 katori
in-double-toned-milk,Double toned milk,double toned doodh|1.5% milk,dairy,dairy,true,44,3,4.7,1.5,0,"[{""label"":""1 glass"",""grams"":250},{""label"":""100 g"",""grams"":100}]",1 glass
in-full-cream-milk,Full cream milk,doodh|whole milk|full fat milk|milk,dairy,dairy,true,86,3.2,4.8,6,0,"[{""label"":""1 glass"",""grams"":250},{""label"":""100 g"",""grams"":100}]",1 glass
in-hung-curd,Hung curd,chakka|greek yogurt (desi)|strained curd,dairy,dairy,true,102,7,5,6,0,"[{""label"":""1 katori"",""grams"":100},{""label"":""1/2 katori"",""grams"":50},{""label"":""1 bowl"",""grams"":167},{""label"":""100 g"",""grams"":100}]",1 katori
in-khoa,Khoa,mawa|khoya|khova,dairy,dairy,true,421,14.6,20.5,31.2,0,"[{""label"":""1 tbsp"",""grams"":15},{""label"":""1 katori"",""grams"":100},{""label"":""100 g"",""grams"":100}]",1 tbsp
in-low-fat-curd,Low fat curd,toned milk curd|skimmed dahi|low fat dahi,dairy,dairy,true,47,3.5,4.8,1.5,0,"[{""label"":""1 katori"",""grams"":100},{""label"":""1/2 katori"",""grams"":50},{""label"":""1 bowl"",""grams"":167},{""label"":""100 g"",""grams"":100}]",1 katori
in-low-fat-paneer,Low fat paneer,toned milk paneer|lite paneer,dairy,dairy|high_protein,true,172,22,3,8,0,"[{""label"":""1 katori, cubed"",""grams"":100},{""label"":""100 g"",""grams"":100}]","1 katori, cubed"
in-malai,Malai,milk cream|dairy cream|cream from milk|meethi malai,dairy,dairy,true,384,2.5,3.5,40,0,"[{""label"":""1 tbsp"",""grams"":15},{""label"":""100 g"",""grams"":100}]",1 tbsp
in-paneer,Paneer,cottage cheese|chhena (pressed)|panir,dairy,dairy,true,265,18.3,1.2,20.8,0,"[{""label"":""1 cube (20 g)"",""grams"":20},{""label"":""1 katori, cubed"",""grams"":100},{""label"":""100 g"",""grams"":100}]","1 katori, cubed"
in-plain-curd,Plain curd,dahi|curd|yogurt|thayir|mosaru|perugu|doi,dairy,dairy,true,63,3.3,4.7,3.4,0,"[{""label"":""1 katori"",""grams"":100},{""label"":""1/2 katori"",""grams"":50},{""label"":""1 bowl"",""grams"":167},{""label"":""100 g"",""grams"":100}]",1 katori
in-raita,Raita,onion raita|mix raita|pachadi|thayir pachadi,dairy,dairy,true,58,3,5,3,0.5,"[{""label"":""1 katori"",""grams"":100},{""label"":""1/2 katori"",""grams"":50},{""label"":""1 bowl"",""grams"":167},{""label"":""100 g"",""grams"":100}]",1 katori
in-toned-milk,Toned milk,toned doodh|3% milk,dairy,dairy,true,58,3.1,4.7,3,0,"[{""label"":""1 glass"",""grams"":250},{""label"":""100 g"",""grams"":100}]",1 glass
in-amti,Amti,maharashtrian amti|katachi amti|varan,dal,legume,true,98,5,13,3.5,2.8,"[{""label"":""1 katori"",""grams"":150},{""label"":""1/2 katori"",""grams"":75},{""label"":""1 bowl"",""grams"":250},{""label"":""100 g"",""grams"":100}]",1 katori
in-chana-dal,Chana dal,bengal gram dal|chanyachi dal|kadalai paruppu,dal,legume,true,118,7,17,3.5,4.5,"[{""label"":""1 katori"",""grams"":150},{""label"":""1/2 katori"",""grams"":75},{""label"":""1 bowl"",""grams"":250},{""label"":""100 g"",""grams"":100}]",1 katori
in-cholar-dal,Cholar dal,chholar dal|bengali chana dal,dal,legume,true,127,6.5,16,5,4,"[{""label"":""1 katori"",""grams"":150},{""label"":""1/2 katori"",""grams"":75},{""label"":""1 bowl"",""grams"":250},{""label"":""100 g"",""grams"":100}]",1 katori
in-dal-no-oil-boiled,"Dal (no oil, boiled)",boiled dal|plain boiled lentils|patla dal,dal,legume|high_protein,true,86,6.5,15.5,0.5,3.2,"[{""label"":""1 katori"",""grams"":150},{""label"":""1/2 katori"",""grams"":75},{""label"":""1 bowl"",""grams"":250},{""label"":""100 g"",""grams"":100}]",1 katori
in-dal-dhokli,Dal dhokli,dal dhokali|varan phal,dal,legume,true,123,5,18,4,2.5,"[{""label"":""1 katori"",""grams"":200},{""label"":""1/2 katori"",""grams"":100},{""label"":""1 bowl"",""grams"":333},{""label"":""100 g"",""grams"":100}]",1 katori
in-dal-fry,Dal fry,dal fry restaurant style|fried dal,dal,legume,true,116,5.8,14.5,4.5,3,"[{""label"":""1 katori"",""grams"":150},{""label"":""1/2 katori"",""grams"":75},{""label"":""1 bowl"",""grams"":250},{""label"":""100 g"",""grams"":100}]",1 katori
in-dal-makhani,Dal makhani,dal makhni|maa ki dal makhani|black dal,dal,legume,true,148,5.5,13,9,3.5,"[{""label"":""1 katori"",""grams"":150},{""label"":""1/2 katori"",""grams"":75},{""label"":""1 bowl"",""grams"":250},{""label"":""100 g"",""grams"":100}]",1 katori
in-dal-palak,Dal palak,palak dal|spinach dal|keerai kootu,dal,legume,true,90,5,11,3.5,3,"[{""label"":""1 katori"",""grams"":150},{""label"":""1/2 katori"",""grams"":75},{""label"":""1 bowl"",""grams"":250},{""label"":""100 g"",""grams"":100}]",1 katori
in-dal-tadka,Dal tadka,tadka dal|yellow dal|dal tarka|toor dal tadka,dal,legume,true,104,5.5,14,3.5,2.8,"[{""label"":""1 katori"",""grams"":150},{""label"":""1/2 katori"",""grams"":75},{""label"":""1 bowl"",""grams"":250},{""label"":""100 g"",""grams"":100}]",1 katori
in-dalma,Dalma,odia dalma|dal with vegetables,dal,legume,true,82,4.5,12,2.5,3.5,"[{""label"":""1 katori"",""grams"":150},{""label"":""1/2 katori"",""grams"":75},{""label"":""1 bowl"",""grams"":250},{""label"":""100 g"",""grams"":100}]",1 katori
in-gujarati-dal,Gujarati dal,khatti meethi dal|gujarati toor dal,dal,legume,true,88,4.5,13,2.5,2.2,"[{""label"":""1 katori"",""grams"":150},{""label"":""1/2 katori"",""grams"":75},{""label"":""1 bowl"",""grams"":250},{""label"":""100 g"",""grams"":100}]",1 katori
in-kaali-dal,Kaali dal,maa ki dal|sabut urad dal|kali dal,dal,legume,true,126,6,14,6,4,"[{""label"":""1 katori"",""grams"":150},{""label"":""1/2 katori"",""grams"":75},{""label"":""1 bowl"",""grams"":250},{""label"":""100 g"",""grams"":100}]",1 katori
in-kulthi-dal,Kulthi dal,horse gram dal|ulavalu charu|kollu|hurali saaru,dal,legume,true,104,7,15,2.5,3.5,"[{""label"":""1 katori"",""grams"":150},{""label"":""1/2 katori"",""grams"":75},{""label"":""1 bowl"",""grams"":250},{""label"":""100 g"",""grams"":100}]",1 katori
in-masoor-dal,Masoor dal,red lentil dal|lal masoor dal|musur dal,dal,legume,true,103,6.5,14,3,2.8,"[{""label"":""1 katori"",""grams"":150},{""label"":""1/2 katori"",""grams"":75},{""label"":""1 bowl"",""grams"":250},{""label"":""100 g"",""grams"":100}]",1 katori
in-moong-curry,Moong curry,sabut moong|whole moong dal|green moong curry,dal,legume,true,106,6.5,14,3.5,4,"[{""label"":""1 katori"",""grams"":150},{""label"":""1/2 katori"",""grams"":75},{""label"":""1 bowl"",""grams"":250},{""label"":""100 g"",""grams"":100}]",1 katori
in-moong-dal,Moong dal,yellow moong dal|mung dal|pesara pappu|paasi paruppu,dal,legume,true,94,6,13,2.5,2.5,"[{""label"":""1 katori"",""grams"":150},{""label"":""1/2 katori"",""grams"":75},{""label"":""1 bowl"",""grams"":250},{""label"":""100 g"",""grams"":100}]",1 katori
in-panchmel-dal,Panchmel dal,panchratna dal|five lentil dal,dal,legume,true,110,6.2,14,4,3.2,"[{""label"":""1 katori"",""grams"":150},{""label"":""1/2 katori"",""grams"":75},{""label"":""1 bowl"",""grams"":250},{""label"":""100 g"",""grams"":100}]",1 katori
in-pappu,Pappu,tomato pappu|andhra dal|mudda pappu,dal,legume,true,98,6,13,3,2.5,"[{""label"":""1 katori"",""grams"":150},{""label"":""1/2 katori"",""grams"":75},{""label"":""1 bowl"",""grams"":250},{""label"":""100 g"",""grams"":100}]",1 katori
in-sambar,Sambar,sambhar|sambaar|saambar|kuzhambu,dal,legume,true,65,3,9.5,2.2,2.4,"[{""label"":""1 katori"",""grams"":150},{""label"":""1/2 katori"",""grams"":75},{""label"":""1 bowl"",""grams"":250},{""label"":""100 g"",""grams"":100}]",1 katori
in-toor-dal,Toor dal,arhar dal|tuvar dal|plain dal|toovar paruppu|kandi pappu,dal,legume,true,87,6,15,1,3,"[{""label"":""1 katori"",""grams"":150},{""label"":""1/2 katori"",""grams"":75},{""label"":""1 bowl"",""grams"":250},{""label"":""100 g"",""grams"":100}]",1 katori
in-urad-dal,Urad dal,dhuli urad dal|white urad dal|split black gram dal,dal,legume,true,114,7,15,3.5,3,"[{""label"":""1 katori"",""grams"":150},{""label"":""1/2 katori"",""grams"":75},{""label"":""1 bowl"",""grams"":250},{""label"":""100 g"",""grams"":100}]",1 katori
in-boiled-egg,Boiled egg,anda|ubla anda|hard boiled egg|muttai,egg,egg|high_protein,false,150,12.6,1.1,10.6,0,"[{""label"":""1 egg"",""grams"":50},{""label"":""2 eggs"",""grams"":100},{""label"":""100 g"",""grams"":100}]",1 egg
in-boiled-egg-white,Boiled egg white,egg white|anda safedi,egg,egg|high_protein,false,48,10.9,0.7,0.2,0,"[{""label"":""1 egg white"",""grams"":33},{""label"":""2 egg whites"",""grams"":66},{""label"":""100 g"",""grams"":100}]",1 egg white
in-egg-bhurji,Egg bhurji,anda bhurji|scrambled eggs indian|egg podimas|egg burji,egg,egg,false,175,11,4,13,0.8,"[{""label"":""1 katori"",""grams"":100},{""label"":""1/2 katori"",""grams"":50},{""label"":""1 bowl"",""grams"":167},{""label"":""100 g"",""grams"":100}]",1 katori
in-egg-curry,Egg curry,anda curry|egg masala|muttai kuzhambu|dimer dalna,egg,egg,false,140,8,5,10,1,"[{""label"":""1 katori"",""grams"":150},{""label"":""1/2 katori"",""grams"":75},{""label"":""1 bowl"",""grams"":250},{""label"":""100 g"",""grams"":100}]",1 katori
in-egg-half-fry,Egg half fry,sunny side up|fried egg|bullseye|egg fry,egg,egg,false,208,13,0.8,17,0,"[{""label"":""1 egg"",""grams"":55},{""label"":""2 eggs"",""grams"":110},{""label"":""100 g"",""grams"":100}]",1 egg
in-egg-roast,Egg roast,kerala egg roast|mutta roast,egg,egg,false,165,9,6,12,1.5,"[{""label"":""1 katori"",""grams"":150},{""label"":""1/2 katori"",""grams"":75},{""label"":""1 bowl"",""grams"":250},{""label"":""100 g"",""grams"":100}]",1 katori
in-masala-omelette,Masala omelette,masala omlet|spicy omelette,egg,egg,false,180,10,4,14,0.8,"[{""label"":""1 masala omelette (2 eggs)"",""grams"":130},{""label"":""100 g"",""grams"":100}]",1 masala omelette (2 eggs)
in-omelette,Omelette,omlet|anda omelette|onion omelette|amlet,egg,egg,false,170,10.5,3,13,0.5,"[{""label"":""1 omelette (2 eggs)"",""grams"":120},{""label"":""100 g"",""grams"":100}]",1 omelette (2 eggs)
in-cooking-oil,Cooking oil,refined oil|tel|vegetable oil|sunflower oil|groundnut oil|mustard oil,fat_oil,,true,900,0,0,100,0,"[{""label"":""1 tsp"",""grams"":4.5},{""label"":""1 tbsp"",""grams"":13.5},{""label"":""100 g"",""grams"":100}]",1 tsp
in-ghee,Ghee,clarified butter|desi ghee|neyyi|tuppa|nei,fat_oil,,true,896,0,0,99.5,0,"[{""label"":""1 tsp"",""grams"":5},{""label"":""1 tbsp"",""grams"":14},{""label"":""100 g"",""grams"":100}]",1 tsp
in-tadka-ghee-spices,Tadka (ghee + spices),tempering|chhonk|baghar|oggarane,fat_oil,,true,818,0.5,2,90,1,"[{""label"":""1 tsp"",""grams"":5},{""label"":""1 tbsp"",""grams"":14},{""label"":""100 g"",""grams"":100}]",1 tsp
in-white-butter,White butter,makkhan|safed makhan|homemade butter|benne|vennai,fat_oil,,true,724,0.5,0.5,80,0,"[{""label"":""1 tsp"",""grams"":5},{""label"":""1 tbsp"",""grams"":14},{""label"":""100 g"",""grams"":100}]",1 tbsp
in-amla,Amla,indian gooseberry|nellikai|usiri|amlaki|avla,fruit,fruit,true,51,0.5,13.7,0.1,3.4,"[{""label"":""1 amla"",""grams"":30},{""label"":""2 amlas"",""grams"":60},{""label"":""100 g"",""grams"":100}]",1 amla
in-apple,Apple,seb|safarchand|sev,fruit,fruit,true,53,0.3,13.8,0.2,2.4,"[{""label"":""1 apple"",""grams"":180},{""label"":""1 small apple"",""grams"":120},{""label"":""100 g"",""grams"":100}]",1 apple
in-bael-fruit,Bael fruit,bael|bel|stone apple|vilvam,fruit,fruit,true,131,1.8,31.8,0.3,2.9,"[{""label"":""1 cup, pulp"",""grams"":100},{""label"":""100 g"",""grams"":100}]","1 cup, pulp"
in-banana,Banana,kela|keli|vazhaipazham|arati pandu|kolla|elaichi banana,fruit,fruit,true,93,1.1,22.8,0.3,2.6,"[{""label"":""1 banana"",""grams"":110},{""label"":""1 small banana"",""grams"":80},{""label"":""100 g"",""grams"":100}]",1 banana
in-ber,Ber,jujube|bor|elandha pazham|regi pandu,fruit,fruit,true,70,0.8,17,0.1,1,"[{""label"":""10 ber"",""grams"":100},{""label"":""100 g"",""grams"":100}]",10 ber
in-chikoo,Chikoo,chiku|sapota|sapodilla|sapota pazham,fruit,fruit,true,81,0.4,20,1.1,5.3,"[{""label"":""1 chikoo"",""grams"":80},{""label"":""2 chikoos"",""grams"":160},{""label"":""100 g"",""grams"":100}]",1 chikoo
in-custard-apple,Custard apple,sitaphal|sharifa|seethapazham|ramphal,fruit,fruit,true,97,2.1,23.6,0.3,4.4,"[{""label"":""1 sitaphal (edible pulp)"",""grams"":100},{""label"":""2 sitaphal (edible pulp)s"",""grams"":200},{""label"":""100 g"",""grams"":100}]",1 sitaphal (edible pulp)
in-dates,Dates,khajoor|khajur|pind khajur|dry dates|perichampazham,fruit,fruit|high_fibre,true,300,2.5,75,0.4,7,"[{""label"":""1 date"",""grams"":8},{""label"":""3 dates"",""grams"":24},{""label"":""100 g"",""grams"":100}]",3 dates
in-dried-apricots,Dried apricots,khubani|khumani|jardalu,fruit,fruit|high_fibre,true,256,3.4,63,0.5,7.3,"[{""label"":""1 apricot"",""grams"":8},{""label"":""5 apricots"",""grams"":40},{""label"":""100 g"",""grams"":100}]",5 apricots
in-dried-figs,Dried figs,anjeer|anjir|dry fig,fruit,fruit|high_fibre,true,258,3.3,64,0.9,9.8,"[{""label"":""1 anjeer"",""grams"":20},{""label"":""2 anjeers"",""grams"":40},{""label"":""100 g"",""grams"":100}]",2 anjeers
in-fig,Fig,anjeer (fresh)|anjir|athi pazham,fruit,fruit,true,77,0.8,19.2,0.3,2.9,"[{""label"":""1 fig"",""grams"":50},{""label"":""2 figs"",""grams"":100},{""label"":""100 g"",""grams"":100}]",1 fig
in-fruit-chaat,Fruit chaat,fruit salad|chaat masala fruits,fruit,fruit,true,70,0.8,17,0.3,2.2,"[{""label"":""1 bowl"",""grams"":200},{""label"":""100 g"",""grams"":100}]",1 bowl
in-grapes,Grapes,angoor|draksha|thiratchai,fruit,fruit,true,75,0.7,18,0.2,0.9,"[{""label"":""1 cup"",""grams"":150},{""label"":""10 grapes"",""grams"":50},{""label"":""100 g"",""grams"":100}]",1 cup
in-guava,Guava,amrood|peru|koyya|jamakaya|pera,fruit,fruit,true,66,2.6,14.3,1,5.4,"[{""label"":""1 guava"",""grams"":100},{""label"":""2 guavas"",""grams"":200},{""label"":""100 g"",""grams"":100}]",1 guava
in-jackfruit,Jackfruit,kathal|chakka|palapazham|panasa,fruit,fruit,true,101,1.7,23,0.6,1.5,"[{""label"":""5 bulbs"",""grams"":100},{""label"":""1 cup, bulbs"",""grams"":165},{""label"":""100 g"",""grams"":100}]",5 bulbs
in-jamun,Jamun,java plum|black plum|naval pazham|neredu,fruit,fruit,true,65,0.7,15.5,0.2,0.6,"[{""label"":""10 jamuns"",""grams"":60},{""label"":""1 cup"",""grams"":135},{""label"":""100 g"",""grams"":100}]",10 jamuns
in-kiwi,Kiwi,kiwi fruit,fruit,fruit,true,62,1.1,14.7,0.5,3,"[{""label"":""1 kiwi"",""grams"":75},{""label"":""2 kiwis"",""grams"":150},{""label"":""100 g"",""grams"":100}]",1 kiwi
in-litchi,Litchi,lychee|lichi,fruit,fruit,true,70,0.8,16.5,0.4,1.3,"[{""label"":""10 litchis"",""grams"":100},{""label"":""5 litchis"",""grams"":50},{""label"":""100 g"",""grams"":100}]",10 litchis
in-mango,Mango,aam|alphonso|mambazham|mamidi pandu|hapus|kesar mango|langda,fruit,fruit,true,64,0.8,15,0.4,1.6,"[{""label"":""1 mango"",""grams"":200},{""label"":""1 cup, sliced"",""grams"":165},{""label"":""100 g"",""grams"":100}]",1 mango
in-mosambi,Mosambi,sweet lime|musambi|sathukudi|battayi,fruit,fruit,true,40,0.8,9.3,0.3,1.7,"[{""label"":""1 mosambi"",""grams"":150},{""label"":""2 mosambis"",""grams"":300},{""label"":""100 g"",""grams"":100}]",1 mosambi
in-muskmelon,Muskmelon,kharbooja|kharbuja|cantaloupe|mulam pazham,fruit,fruit,true,36,0.8,8.2,0.2,0.9,"[{""label"":""1 cup, diced"",""grams"":160},{""label"":""1 slice"",""grams"":150},{""label"":""100 g"",""grams"":100}]","1 cup, diced"
in-orange,Orange,santra|narangi|kamala|kinnow,fruit,fruit,true,47,0.9,11.8,0.1,2.4,"[{""label"":""1 orange"",""grams"":130},{""label"":""2 oranges"",""grams"":260},{""label"":""100 g"",""grams"":100}]",1 orange
in-papaya,Papaya,papita|pappali|boppayi|parangi,fruit,fruit,true,45,0.5,10.8,0.3,1.7,"[{""label"":""1 cup, cubed"",""grams"":145},{""label"":""1 slice"",""grams"":100},{""label"":""100 g"",""grams"":100}]","1 cup, cubed"
in-peach,Peach,aadu|aaru,fruit,fruit,true,41,0.9,9.5,0.3,1.5,"[{""label"":""1 peach"",""grams"":150},{""label"":""2 peachs"",""grams"":300},{""label"":""100 g"",""grams"":100}]",1 peach
in-pear,Pear,nashpati|naspati|babugosha,fruit,fruit,true,56,0.4,15,0.1,3.1,"[{""label"":""1 pear"",""grams"":170},{""label"":""2 pears"",""grams"":340},{""label"":""100 g"",""grams"":100}]",1 pear
in-pineapple,Pineapple,ananas|annasi pazham,fruit,fruit,true,52,0.5,13,0.1,1.4,"[{""label"":""1 cup, chunks"",""grams"":165},{""label"":""1 slice"",""grams"":85},{""label"":""100 g"",""grams"":100}]","1 cup, chunks"
in-plum,Plum,aloo bukhara|alubukhara,fruit,fruit,true,48,0.7,11.4,0.3,1.4,"[{""label"":""1 plum"",""grams"":65},{""label"":""2 plums"",""grams"":130},{""label"":""100 g"",""grams"":100}]",1 plum
in-pomegranate,Pomegranate,anar|anardana (fresh)|mathulai|danimma,fruit,fruit,true,84,1.7,18.7,1.2,4,"[{""label"":""1 cup, arils"",""grams"":175},{""label"":""1/2 cup, arils"",""grams"":87},{""label"":""100 g"",""grams"":100}]","1 cup, arils"
in-raisins,Raisins,kishmish|munakka|drakshi|ullar thiratchai,fruit,fruit,true,325,3,79,0.5,3.7,"[{""label"":""1 tbsp"",""grams"":10},{""label"":""1 handful"",""grams"":30},{""label"":""100 g"",""grams"":100}]",1 tbsp
in-raw-mango,Raw mango,kairi|kacha aam|mangai|mamidikaya,fruit,fruit,true,42,0.7,10.1,0.1,1.2,"[{""label"":""1 raw mango"",""grams"":150},{""label"":""100 g"",""grams"":100}]",1 raw mango
in-strawberries,Strawberries,strawberry,fruit,fruit,true,32,0.7,7.7,0.3,2,"[{""label"":""1 cup"",""grams"":150},{""label"":""5 strawberries"",""grams"":60},{""label"":""100 g"",""grams"":100}]",1 cup
in-tender-coconut-malai,Tender coconut malai,nariyal malai|elaneer vazhukkai|coconut flesh (tender),fruit,fruit,true,63,1.5,6,4,1.5,"[{""label"":""1 coconut"",""grams"":60},{""label"":""100 g"",""grams"":100}]",1 coconut
in-watermelon,Watermelon,tarbooz|kalingad|tarbuj|darbuja,fruit,fruit,true,34,0.6,7.6,0.2,0.4,"[{""label"":""1 cup, diced"",""grams"":150},{""label"":""1 slice"",""grams"":280},{""label"":""100 g"",""grams"":100}]","1 cup, diced"
in-atta,Atta,whole wheat flour|gehun ka atta|chakki atta|godhuma pindi,grain,grain|high_fibre,true,325,12,71,1.7,11,"[{""label"":""1 cup"",""grams"":120},{""label"":""1 tbsp"",""grams"":8},{""label"":""100 g"",""grams"":100}]",1 cup
in-bajra-flour,Bajra flour,pearl millet flour|bajra atta|sajje hittu|kambu maavu,grain,grain|high_fibre,true,338,11.6,67.5,5,11.5,"[{""label"":""1 cup"",""grams"":120},{""label"":""1 tbsp"",""grams"":8},{""label"":""100 g"",""grams"":100}]",1 cup
in-barnyard-millet,Barnyard millet,sanwa|samak ke chawal|kuthiraivali|oodalu|vrat rice,grain,grain|high_fibre,true,287,6.2,65.5,2.2,9.8,"[{""label"":""1/4 cup"",""grams"":45},{""label"":""100 g"",""grams"":100}]",1/4 cup
in-basmati-rice-raw,Basmati rice (raw),basmati|raw basmati|chawal (uncooked),grain,grain,true,343,7.1,78,0.6,1.3,"[{""label"":""1 cup"",""grams"":185},{""label"":""1/4 cup"",""grams"":46},{""label"":""100 g"",""grams"":100}]",1/4 cup
in-besan,Besan,gram flour|chickpea flour|kadalai maavu|senaga pindi,grain,grain|high_protein|high_fibre,true,349,22,58,5.6,10.8,"[{""label"":""1 cup"",""grams"":90},{""label"":""1 tbsp"",""grams"":7},{""label"":""100 g"",""grams"":100}]",1 tbsp
in-dalia-raw,Dalia (raw),broken wheat|daliya|godhuma rava|lapsi rava|bulgur,grain,grain|high_fibre,true,316,11.8,70,1.5,12.5,"[{""label"":""1 cup"",""grams"":140},{""label"":""1/4 cup"",""grams"":35},{""label"":""100 g"",""grams"":100}]",1/4 cup
in-foxtail-millet,Foxtail millet,kangni|thinai|navane|korralu|kakum,grain,grain|high_fibre,true,316,12.3,60.9,4.3,8,"[{""label"":""1/4 cup"",""grams"":45},{""label"":""100 g"",""grams"":100}]",1/4 cup
in-jowar-flour,Jowar flour,sorghum flour|jowar atta|jola hittu|cholam maavu,grain,grain|high_fibre,true,330,10.4,72.6,1.9,9.7,"[{""label"":""1 cup"",""grams"":120},{""label"":""1 tbsp"",""grams"":8},{""label"":""100 g"",""grams"":100}]",1 cup
in-kodo-millet,Kodo millet,kodra|varagu|harka|arikelu,grain,grain|high_fibre,true,290,8.3,65.6,1.4,9,"[{""label"":""1/4 cup"",""grams"":45},{""label"":""100 g"",""grams"":100}]",1/4 cup
in-little-millet,Little millet,kutki|samai|saame|sama,grain,grain|high_fibre,true,326,7.7,67,4.7,7.6,"[{""label"":""1/4 cup"",""grams"":45},{""label"":""100 g"",""grams"":100}]",1/4 cup
in-maida,Maida,refined flour|all purpose flour|maida flour,grain,grain,true,349,10.3,76,1,2.7,"[{""label"":""1 cup"",""grams"":125},{""label"":""1 tbsp"",""grams"":8},{""label"":""100 g"",""grams"":100}]",1 cup
in-makki-ka-atta,Makki ka atta,maize flour|corn flour (maize)|makai atta,grain,grain|high_fibre,true,349,9,73,4,7.3,"[{""label"":""1 cup"",""grams"":120},{""label"":""1 tbsp"",""grams"":8},{""label"":""100 g"",""grams"":100}]",1 cup
in-poha-raw-flakes,Poha (raw flakes),flattened rice|beaten rice|aval|avalakki|chuda|atukulu,grain,grain,true,340,6.6,77,1.2,2.5,"[{""label"":""1 cup"",""grams"":70},{""label"":""1 handful"",""grams"":25},{""label"":""100 g"",""grams"":100}]",1 cup
in-ragi-flour,Ragi flour,finger millet flour|nachni atta|ragi|keppai maavu|nagli,grain,grain|high_fibre,true,312,7.2,72,1.9,11.2,"[{""label"":""1 cup"",""grams"":120},{""label"":""1 tbsp"",""grams"":8},{""label"":""100 g"",""grams"":100}]",1 cup
in-rice-flour,Rice flour,chawal ka atta|akki hittu|arisi maavu|biyyam pindi,grain,grain,true,344,6,80,0.5,2.4,"[{""label"":""1 cup"",""grams"":160},{""label"":""1 tbsp"",""grams"":10},{""label"":""100 g"",""grams"":100}]",1 cup
in-sabudana,Sabudana,sago|tapioca pearls|javvarisi|saggubiyyam,grain,grain,true,349,0.2,87,0.2,0.9,"[{""label"":""1 cup"",""grams"":150},{""label"":""1 tbsp"",""grams"":12},{""label"":""100 g"",""grams"":100}]",1 cup
in-sattu,Sattu,sattu atta|chana sattu|roasted gram flour,grain,grain|high_protein|high_fibre,true,352,21,60,5.5,11,"[{""label"":""1 tbsp"",""grams"":10},{""label"":""1/4 cup"",""grams"":30},{""label"":""100 g"",""grams"":100}]",1/4 cup
in-sona-masoori-rice-raw,Sona masoori rice (raw),sona masuri|ponni rice|raw rice|kolam rice,grain,grain,true,346,7,79,0.5,1,"[{""label"":""1 cup"",""grams"":190},{""label"":""1/4 cup"",""grams"":48},{""label"":""100 g"",""grams"":100}]",1/4 cup
in-sooji,Sooji,semolina|rava|suji|bombay rava|upma rava,grain,grain,true,344,12.7,72.8,1.1,3.9,"[{""label"":""1 cup"",""grams"":170},{""label"":""1 tbsp"",""grams"":11},{""label"":""100 g"",""grams"":100}]",1 tbsp
in-chana-dal-raw,Chana dal (raw),bengal gram dal|kadalai paruppu|senaga pappu,legume,legume|high_protein|high_fibre,true,343,20.8,59.8,5.6,15,"[{""label"":""1/4 cup"",""grams"":50},{""label"":""1 cup"",""grams"":200},{""label"":""100 g"",""grams"":100}]",1/4 cup
in-horse-gram-raw,Horse gram (raw),kulthi|kollu|ulavalu|hurali,legume,legume|high_protein|high_fibre,true,304,22,57,0.5,8,"[{""label"":""1/4 cup"",""grams"":50},{""label"":""100 g"",""grams"":100}]",1/4 cup
in-kabuli-chana-raw,Kabuli chana (raw),dry chickpeas|chole (raw)|safed chana|kondakadalai,legume,legume|high_fibre,true,344,19.3,60.6,6,15,"[{""label"":""1/4 cup"",""grams"":45},{""label"":""1 cup"",""grams"":200},{""label"":""100 g"",""grams"":100}]",1/4 cup
in-kala-chana-raw,Kala chana (raw),black chickpeas|desi chana|kadala|bengal gram whole,legume,legume|high_protein|high_fibre,true,331,20,60,5,17,"[{""label"":""1/4 cup"",""grams"":45},{""label"":""1 cup"",""grams"":200},{""label"":""100 g"",""grams"":100}]",1/4 cup
in-lobia-raw,Lobia (raw),black eyed beans|chawli|karamani|alasande,legume,legume|high_protein|high_fibre,true,324,23.5,60,1.3,11,"[{""label"":""1/4 cup"",""grams"":45},{""label"":""100 g"",""grams"":100}]",1/4 cup
in-masoor-dal-raw,Masoor dal (raw),red lentils|masoor|mysore dal,legume,legume|high_protein|high_fibre,true,327,24.6,60,1.1,10.7,"[{""label"":""1/4 cup"",""grams"":50},{""label"":""1 cup"",""grams"":200},{""label"":""100 g"",""grams"":100}]",1/4 cup
in-moong-whole-raw,"Moong (whole, raw)",sabut moong|green gram|hesaru kalu|pachai payaru,legume,legume|high_protein|high_fibre,true,324,23.9,62.6,1.2,16.3,"[{""label"":""1/4 cup"",""grams"":50},{""label"":""100 g"",""grams"":100}]",1/4 cup
in-moong-dal-raw,Moong dal (raw),yellow moong dal|split moong|pesara pappu|pasi paruppu,legume,legume|high_protein|high_fibre,true,332,24.5,59.9,1.2,8.2,"[{""label"":""1/4 cup"",""grams"":50},{""label"":""1 cup"",""grams"":200},{""label"":""100 g"",""grams"":100}]",1/4 cup
in-moong-sprouts,Moong sprouts,sprouted moong|ankurit moong|mung bean sprouts|sprouts,legume,legume|high_protein,true,34,3,6,0.2,1.8,"[{""label"":""1 cup"",""grams"":105},{""label"":""1 katori"",""grams"":100},{""label"":""100 g"",""grams"":100}]",1 cup
in-moth-beans-raw,Moth beans (raw),matki|moth|mataki|madki,legume,legume|high_protein|high_fibre,true,333,23.6,61.5,1.6,10.8,"[{""label"":""1/4 cup"",""grams"":50},{""label"":""100 g"",""grams"":100}]",1/4 cup
in-rajma-raw,Rajma (raw),raw kidney beans|dry rajma,legume,legume|high_protein|high_fibre,true,312,22.9,60.6,1.3,16.6,"[{""label"":""1/4 cup"",""grams"":45},{""label"":""1 cup"",""grams"":185},{""label"":""100 g"",""grams"":100}]",1/4 cup
in-soya-chunks,Soya chunks,meal maker|nutrela|soy chunks|soya badi|tvp,legume,legume|high_protein|high_fibre,true,318,52,33,0.5,13,"[{""label"":""1/4 cup (dry)"",""grams"":25},{""label"":""1 cup (dry)"",""grams"":50},{""label"":""100 g"",""grams"":100}]",1/4 cup (dry)
in-toor-dal-raw,Toor dal (raw),arhar dal raw|tuvar dal|kandi pappu|thuvaram paruppu,legume,legume|high_protein|high_fibre,true,317,22.3,57.6,1.7,9,"[{""label"":""1/4 cup"",""grams"":50},{""label"":""1 cup"",""grams"":200},{""label"":""100 g"",""grams"":100}]",1/4 cup
in-urad-dal-raw,Urad dal (raw),black gram dal|ulundu|minapa pappu|uddina bele,legume,legume|high_protein|high_fibre,true,323,24,59.6,1.4,11.9,"[{""label"":""1/4 cup"",""grams"":50},{""label"":""1 cup"",""grams"":200},{""label"":""100 g"",""grams"":100}]",1/4 cup
in-american-chopsuey,American chopsuey,american chop suey|chopsuey,main,fried|fast_food|grain,true,223,4,30,10,1.5,"[{""label"":""1 plate"",""grams"":250},{""label"":""100 g"",""grams"":100}]",1 plate
in-chicken-fried-rice,Chicken fried rice,chicken fry rice,main,fast_food|meat|grain,false,180,7,25,6,1,"[{""label"":""1 plate"",""grams"":250},{""label"":""100 g"",""grams"":100}]",1 plate
in-chicken-hakka-noodles,Chicken hakka noodles,chicken noodles|chicken chowmein,main,fast_food|meat|grain,false,181,7,23,7,1.2,"[{""label"":""1 plate"",""grams"":250},{""label"":""100 g"",""grams"":100}]",1 plate
in-chicken-manchurian,Chicken manchurian,chicken manchurian gravy,main,fast_food|meat,false,172,11,10,10,0.8,"[{""label"":""1 katori"",""grams"":150},{""label"":""1/2 katori"",""grams"":75},{""label"":""1 bowl"",""grams"":250},{""label"":""100 g"",""grams"":100}]",1 katori
in-chicken-thali,Chicken thali,non veg thali|chicken meals,main,meat|grain,false,156,7,17,7,1.5,"[{""label"":""1 thali"",""grams"":650},{""label"":""100 g"",""grams"":100}]",1 thali
in-chole-bhature,Chole bhature,chhole bhature|chole bhatura,main,fried|legume,true,281,7,36,13,4,"[{""label"":""1 plate (2 bhature + chole)"",""grams"":360},{""label"":""100 g"",""grams"":100}]",1 plate (2 bhature + chole)
in-dal-baati-churma,Dal baati churma,dal bati churma|daal baati,main,legume|grain,true,323,7,40,16,4.5,"[{""label"":""1 plate"",""grams"":300},{""label"":""100 g"",""grams"":100}]",1 plate
in-egg-fried-rice,Egg fried rice,anda fried rice,main,fast_food|egg|grain,false,178,5.5,26,6,1,"[{""label"":""1 plate"",""grams"":250},{""label"":""100 g"",""grams"":100}]",1 plate
in-fish-thali,Fish thali,goan fish thali|fish meals|malvani thali,main,seafood|grain,false,146,7,18,5.5,1.5,"[{""label"":""1 thali"",""grams"":650},{""label"":""100 g"",""grams"":100}]",1 thali
in-fried-rice,Fried rice,veg fried rice|vegetable fried rice,main,fast_food|grain,true,165,3.5,27,5,1.2,"[{""label"":""1 plate"",""grams"":250},{""label"":""100 g"",""grams"":100}]",1 plate
in-gujarati-thali,Gujarati thali,gujju thali|kathiyawadi thali,main,grain,true,147,4.5,20,6,2.5,"[{""label"":""1 thali"",""grams"":650},{""label"":""100 g"",""grams"":100}]",1 thali
in-hakka-noodles,Hakka noodles,veg hakka noodles|veg noodles|chowmein,main,fast_food|grain,true,171,4,26,6,1.5,"[{""label"":""1 plate"",""grams"":250},{""label"":""100 g"",""grams"":100}]",1 plate
in-maggi-noodles,Maggi noodles,maggi|instant noodles|masala noodles|2 minute noodles,main,fast_food|grain,true,136,3,19,5.5,1,"[{""label"":""1 packet (cooked)"",""grams"":230},{""label"":""1 bowl"",""grams"":200},{""label"":""100 g"",""grams"":100}]",1 packet (cooked)
in-manchurian,Manchurian,veg manchurian|manchurian gravy|veg manchurian gravy,main,fast_food,true,151,3.5,15,9,2,"[{""label"":""1 katori"",""grams"":150},{""label"":""1/2 katori"",""grams"":75},{""label"":""1 bowl"",""grams"":250},{""label"":""100 g"",""grams"":100}]",1 katori
in-masala-pasta,Masala pasta,indian style pasta|red sauce pasta,main,fast_food|grain,true,164,4.5,24,6,1.8,"[{""label"":""1 plate"",""grams"":250},{""label"":""100 g"",""grams"":100}]",1 plate
in-paneer-tikka-pizza,Paneer tikka pizza,paneer pizza,main,fast_food|dairy|grain,true,251,11,28,11,1.8,"[{""label"":""1 slice"",""grams"":80},{""label"":""1 medium pizza (6 slices)"",""grams"":480},{""label"":""100 g"",""grams"":100}]",1 slice
in-schezwan-fried-rice,Schezwan fried rice,szechuan fried rice,main,fast_food|grain,true,178,3.5,27,6.5,1.2,"[{""label"":""1 plate"",""grams"":250},{""label"":""100 g"",""grams"":100}]",1 plate
in-schezwan-noodles,Schezwan noodles,szechuan noodles|schezwan hakka noodles,main,fast_food|grain,true,184,4,26,7.5,1.6,"[{""label"":""1 plate"",""grams"":250},{""label"":""100 g"",""grams"":100}]",1 plate
in-south-indian-meals,South Indian meals,meals|sappadu|oota|banana leaf meal|andhra meals,main,grain,true,130,3.5,20,4.5,2,"[{""label"":""1 thali"",""grams"":700},{""label"":""100 g"",""grams"":100}]",1 thali
in-veg-burger,Veg burger,aloo tikki burger|veggie burger,main,fast_food|grain|vegetable,true,236,6,32,10,3,"[{""label"":""1 burger"",""grams"":150},{""label"":""2 burgers"",""grams"":300},{""label"":""100 g"",""grams"":100}]",1 burger
in-veg-chowmein,Veg chowmein,street chowmein|chow mein,main,fast_food|grain|vegetable,true,183,4,27,7,2,"[{""label"":""1 plate"",""grams"":250},{""label"":""100 g"",""grams"":100}]",1 plate
in-veg-pizza,Veg pizza,veggie pizza|onion capsicum pizza,main,fast_food|grain|vegetable,true,235,9.5,30,9,2,"[{""label"":""1 slice"",""grams"":75},{""label"":""1 medium pizza (6 slices)"",""grams"":450},{""label"":""100 g"",""grams"":100}]",1 slice
in-veg-thali,Veg thali,north indian thali|veg meal|thali,main,grain|vegetable,true,134,4.5,19,5,2.5,"[{""label"":""1 thali"",""grams"":600},{""label"":""100 g"",""grams"":100}]",1 thali
in-white-sauce-pasta,White sauce pasta,pasta in white sauce|alfredo pasta,main,fast_food|grain,true,189,5.5,22,9,1.2,"[{""label"":""1 plate"",""grams"":250},{""label"":""100 g"",""grams"":100}]",1 plate
in-chicken-65,Chicken 65,chicken sixty five,meat,meat|fried|high_protein,false,244,20,10,14,0.8,"[{""label"":""1 katori"",""grams"":100},{""label"":""1/2 katori"",""grams"":50},{""label"":""1 bowl"",""grams"":167},{""label"":""100 g"",""grams"":100}]",1 katori
in-chicken-fry,Chicken fry,kerala chicken fry|kozhi varuval|chicken roast,meat,meat|high_protein,false,237,20,6,15,1,"[{""label"":""1 katori"",""grams"":100},{""label"":""1/2 katori"",""grams"":50},{""label"":""1 bowl"",""grams"":167},{""label"":""100 g"",""grams"":100}]",1 katori
in-chicken-keema,Chicken keema,chicken kheema|minced chicken curry,meat,meat|high_protein,false,181,16,5,11,1.2,"[{""label"":""1 katori"",""grams"":150},{""label"":""1/2 katori"",""grams"":75},{""label"":""1 bowl"",""grams"":250},{""label"":""100 g"",""grams"":100}]",1 katori
in-chicken-lollipop,Chicken lollipop,chicken lollypop|drums of heaven,meat,meat|fried,false,263,18,12,16,0.5,"[{""label"":""1 lollipop"",""grams"":40},{""label"":""2 lollipops"",""grams"":80},{""label"":""100 g"",""grams"":100}]",2 lollipops
in-chicken-malai-tikka,Chicken malai tikka,murgh malai tikka|reshmi tikka,meat,meat|dairy|high_protein,false,198,22,3,11,0.3,"[{""label"":""4 pieces"",""grams"":120},{""label"":""6 pieces"",""grams"":180},{""label"":""100 g"",""grams"":100}]",6 pieces
in-chicken-seekh-kebab,Chicken seekh kebab,chicken seekh|murgh seekh kebab,meat,meat|high_protein,false,195,18,4,12,0.6,"[{""label"":""1 seekh kebab"",""grams"":50},{""label"":""2 seekh kebabs"",""grams"":100},{""label"":""100 g"",""grams"":100}]",2 seekh kebabs
in-chicken-sukka,Chicken sukka,chicken ghee roast|kori sukka,meat,meat|high_protein,false,217,18,6,14,2.5,"[{""label"":""1 katori"",""grams"":150},{""label"":""1/2 katori"",""grams"":75},{""label"":""1 bowl"",""grams"":250},{""label"":""100 g"",""grams"":100}]",1 katori
in-chicken-tikka,Chicken tikka,murgh tikka|chicken tikka dry,meat,meat|high_protein,false,173,24,4,7,0.8,"[{""label"":""4 pieces"",""grams"":120},{""label"":""6 pieces"",""grams"":180},{""label"":""100 g"",""grams"":100}]",6 pieces
in-chilli-chicken,Chilli chicken,chili chicken|chilli chicken dry,meat,meat|fast_food,false,214,16,11,12,1,"[{""label"":""1 katori"",""grams"":150},{""label"":""1/2 katori"",""grams"":75},{""label"":""1 bowl"",""grams"":250},{""label"":""100 g"",""grams"":100}]",1 katori
in-galouti-kebab,Galouti kebab,galawati kebab,meat,meat,false,266,14,8,20,1,"[{""label"":""1 kebab"",""grams"":40},{""label"":""2 kebabs"",""grams"":80},{""label"":""100 g"",""grams"":100}]",2 kebabs
in-haleem,Haleem,haleem hyderabadi|khichda,meat,meat,false,164,10,12,9,2.5,"[{""label"":""1 katori"",""grams"":200},{""label"":""1/2 katori"",""grams"":100},{""label"":""1 bowl"",""grams"":333},{""label"":""100 g"",""grams"":100}]",1 katori
in-mutton-chops,Mutton chops,lamb chops masala,meat,meat,false,241,17,3,18,0.5,"[{""label"":""1 chop"",""grams"":60},{""label"":""2 chops"",""grams"":120},{""label"":""100 g"",""grams"":100}]",2 chops
in-mutton-keema,Mutton keema,keema|kheema|minced mutton|keema masala,meat,meat,false,213,15,5,15,1.2,"[{""label"":""1 katori"",""grams"":150},{""label"":""1/2 katori"",""grams"":75},{""label"":""1 bowl"",""grams"":250},{""label"":""100 g"",""grams"":100}]",1 katori
in-mutton-pepper-fry,Mutton pepper fry,mutton milagu varuval,meat,meat|high_protein,false,221,18,4,15,1,"[{""label"":""1 katori"",""grams"":150},{""label"":""1/2 katori"",""grams"":75},{""label"":""1 bowl"",""grams"":250},{""label"":""100 g"",""grams"":100}]",1 katori
in-mutton-seekh-kebab,Mutton seekh kebab,seekh kabab|lamb seekh,meat,meat,false,241,16,4,18,0.6,"[{""label"":""1 seekh kebab"",""grams"":50},{""label"":""2 seekh kebabs"",""grams"":100},{""label"":""100 g"",""grams"":100}]",2 seekh kebabs
in-mutton-sukka,Mutton sukka,mutton chukka|mutton fry|attirachi varattiyathu,meat,meat|high_protein,false,232,18,5,16,2,"[{""label"":""1 katori"",""grams"":150},{""label"":""1/2 katori"",""grams"":75},{""label"":""1 bowl"",""grams"":250},{""label"":""100 g"",""grams"":100}]",1 katori
in-pepper-chicken,Pepper chicken,chicken pepper fry|kozhi milagu,meat,meat|high_protein,false,198,18,5,12,1,"[{""label"":""1 katori"",""grams"":150},{""label"":""1/2 katori"",""grams"":75},{""label"":""1 bowl"",""grams"":250},{""label"":""100 g"",""grams"":100}]",1 katori
in-shami-kebab,Shami kebab,shami kabab,meat,meat|fried,false,221,15,10,14,2.5,"[{""label"":""1 kebab"",""grams"":45},{""label"":""2 kebabs"",""grams"":90},{""label"":""100 g"",""grams"":100}]",2 kebabs
in-tandoori-chicken,Tandoori chicken,tandoori murgh,meat,meat|high_protein,false,183,25,3,8,0.5,"[{""label"":""1 leg piece"",""grams"":120},{""label"":""1/2 chicken"",""grams"":250},{""label"":""1 plate (4 pieces)"",""grams"":300},{""label"":""100 g"",""grams"":100}]",1 leg piece
in-almonds,Almonds,badam|badaam|almond,nut_seed,high_protein|high_fibre,true,595,21.2,21.6,49.9,12.5,"[{""label"":""5 almonds"",""grams"":6},{""label"":""10 almonds"",""grams"":12},{""label"":""1 handful"",""grams"":30},{""label"":""100 g"",""grams"":100}]",10 almonds
in-boiled-peanuts,Boiled peanuts,ubli moongphali|boiled groundnut|verkadalai (boiled),nut_seed,high_fibre,true,318,13.5,21,22,8.8,"[{""label"":""1 cup"",""grams"":65},{""label"":""100 g"",""grams"":100}]",1 cup
in-cashews,Cashews,kaju|cashew nuts|mundiri|jeedi pappu|godambi,nut_seed,,true,582,18.2,30.2,43.9,3.3,"[{""label"":""5 cashews"",""grams"":8},{""label"":""10 cashews"",""grams"":16},{""label"":""1 handful"",""grams"":30},{""label"":""100 g"",""grams"":100}]",10 cashews
in-chironji,Chironji,charoli|chirauli|sara paruppu,nut_seed,,true,649,19,12.1,59.1,3.8,"[{""label"":""1 tsp"",""grams"":3},{""label"":""1 tbsp"",""grams"":9},{""label"":""100 g"",""grams"":100}]",1 tbsp
in-coconut-fresh-grated,"Coconut (fresh, grated)",nariyal|thengai|kobbari|grated coconut|kopra (fresh),nut_seed,high_fibre,true,358,3.3,15.2,33.5,9,"[{""label"":""1 tbsp"",""grams"":8},{""label"":""1/2 cup"",""grams"":40},{""label"":""100 g"",""grams"":100}]",1 tbsp
in-dry-coconut,Dry coconut,kopra|khopra|copra|sukha nariyal|kobbari,nut_seed,high_fibre,true,668,7,24,64,16,"[{""label"":""1 tbsp, grated"",""grams"":6},{""label"":""1 piece"",""grams"":20},{""label"":""100 g"",""grams"":100}]","1 tbsp, grated"
in-flax-seeds,Flax seeds,alsi|jawas|agase|ali vidai|linseed,nut_seed,high_fibre,true,514,18.3,28.9,42.2,27.3,"[{""label"":""1 tbsp"",""grams"":10},{""label"":""1 tsp"",""grams"":3.5},{""label"":""100 g"",""grams"":100}]",1 tbsp
in-mixed-dry-fruits,Mixed dry fruits,dry fruits|dry fruit mix|mewa|trail mix,nut_seed,high_fibre,true,548,15,35,40,6,"[{""label"":""1 handful"",""grams"":30},{""label"":""100 g"",""grams"":100}]",1 handful
in-peanuts,Peanuts,moongphali|groundnut|mungfali|shenga|kadalai|verusenaga,nut_seed,high_protein|high_fibre,true,593,25.8,16.1,49.2,8.5,"[{""label"":""1 handful"",""grams"":30},{""label"":""1 tbsp"",""grams"":9},{""label"":""100 g"",""grams"":100}]",1 handful
in-pistachios,Pistachios,pista|pistachio nuts,nut_seed,high_protein|high_fibre,true,576,20.2,27.2,45.3,10.6,"[{""label"":""10 pistachios"",""grams"":7},{""label"":""1 handful"",""grams"":30},{""label"":""100 g"",""grams"":100}]",10 pistachios
in-pumpkin-seeds,Pumpkin seeds,kaddu ke beej|pepitas|magaj (pumpkin),nut_seed,high_protein|high_fibre,true,593,30.2,10.7,49,6,"[{""label"":""1 tbsp"",""grams"":9},{""label"":""1 handful"",""grams"":30},{""label"":""100 g"",""grams"":100}]",1 tbsp
in-roasted-peanuts,Roasted peanuts,bhuni moongphali|roasted groundnut|shenga (roasted),nut_seed,high_protein|high_fibre,true,610,26,18,50,8,"[{""label"":""1 handful"",""grams"":30},{""label"":""100 g"",""grams"":100}]",1 handful
in-sesame-seeds,Sesame seeds,til|ellu|nuvvulu|gingelly seeds,nut_seed,high_fibre,true,588,17.7,23.4,49.7,11.8,"[{""label"":""1 tbsp"",""grams"":9},{""label"":""1 tsp"",""grams"":3},{""label"":""100 g"",""grams"":100}]",1 tbsp
in-sunflower-seeds,Sunflower seeds,surajmukhi beej|sunflower kernels,nut_seed,high_protein|high_fibre,true,610,20.8,20,51.5,8.6,"[{""label"":""1 tbsp"",""grams"":9},{""label"":""1 handful"",""grams"":30},{""label"":""100 g"",""grams"":100}]",1 tbsp
in-walnuts,Walnuts,akhrot|walnut kernels,nut_seed,high_fibre,true,689,15.2,13.7,65.2,6.7,"[{""label"":""2 walnuts (4 halves)"",""grams"":8},{""label"":""1 handful"",""grams"":30},{""label"":""100 g"",""grams"":100}]",2 walnuts (4 halves)
in-basmati-rice-cooked,Basmati rice (cooked),cooked basmati|basmati chawal,rice,grain,true,127,3,28,0.4,0.5,"[{""label"":""1 katori"",""grams"":150},{""label"":""1 plate"",""grams"":300},{""label"":""100 g"",""grams"":100}]",1 katori
in-bisi-bele-bath,Bisi bele bath,bisibelebath|bisi bele bhath|sambar rice (karnataka),rice,grain,true,124,4,18,4.5,2.5,"[{""label"":""1 katori"",""grams"":200},{""label"":""1 plate"",""grams"":400},{""label"":""100 g"",""grams"":100}]",1 katori
in-brown-rice,Brown rice,cooked brown rice|brown chawal,rice,grain,true,109,2.6,23.5,0.9,1.8,"[{""label"":""1 katori"",""grams"":150},{""label"":""1 plate"",""grams"":300},{""label"":""100 g"",""grams"":100}]",1 katori
in-chicken-biryani,Chicken biryani,murgh biryani|chicken dum biryani|hyderabadi biryani|biriyani,rice,grain|meat,false,185,9,22,7,1,"[{""label"":""1 plate"",""grams"":300},{""label"":""1 katori"",""grams"":150},{""label"":""100 g"",""grams"":100}]",1 plate
in-chicken-biryani-restaurant,Chicken biryani (restaurant),restaurant biryani|dum biryani takeaway,rice,grain|meat,false,209,8.5,24,9,1,"[{""label"":""1 plate"",""grams"":400},{""label"":""1 katori"",""grams"":150},{""label"":""100 g"",""grams"":100}]",1 plate
in-chole-chawal,Chole chawal,chole rice|chana chawal,rice,grain|legume,true,151,5,23,5,3.2,"[{""label"":""1 plate"",""grams"":350},{""label"":""100 g"",""grams"":100}]",1 plate
in-coconut-rice,Coconut rice,thengai sadam|kobbari annam,rice,grain,true,188,3,27,8,2,"[{""label"":""1 katori"",""grams"":150},{""label"":""1 plate"",""grams"":300},{""label"":""100 g"",""grams"":100}]",1 katori
in-curd-rice,Curd rice,thayir sadam|dahi chawal|mosaranna|daddojanam,rice,grain|dairy,true,116,3.2,18,3.5,0.4,"[{""label"":""1 katori"",""grams"":200},{""label"":""1 plate"",""grams"":400},{""label"":""100 g"",""grams"":100}]",1 katori
in-dal-chawal,Dal chawal,dal rice|dal bhaat|varan bhaat|pappu annam,rice,grain|legume,true,121,4.5,21,2.5,1.8,"[{""label"":""1 plate"",""grams"":350},{""label"":""100 g"",""grams"":100}]",1 plate
in-dal-khichdi,Dal khichdi,khichdi|khichri|khichuri|dal khichri,rice,grain|legume,true,104,4,17,2.5,1.5,"[{""label"":""1 katori"",""grams"":200},{""label"":""1 plate"",""grams"":400},{""label"":""100 g"",""grams"":100}]",1 katori
in-egg-biryani,Egg biryani,anda biryani|muttai biryani,rice,grain|egg,false,174,6.5,23,6.5,1,"[{""label"":""1 plate"",""grams"":300},{""label"":""1 katori"",""grams"":150},{""label"":""100 g"",""grams"":100}]",1 plate
in-fish-biryani,Fish biryani,meen biryani,rice,grain|seafood,false,176,9,21,6.5,1,"[{""label"":""1 plate"",""grams"":300},{""label"":""1 katori"",""grams"":150},{""label"":""100 g"",""grams"":100}]",1 plate
in-ghee-rice,Ghee rice,neychoru|nei choru|ghee bhaat,rice,grain,true,181,3,29,6,0.6,"[{""label"":""1 katori"",""grams"":150},{""label"":""1 plate"",""grams"":300},{""label"":""100 g"",""grams"":100}]",1 katori
in-jeera-rice,Jeera rice,cumin rice|zeera rice,rice,grain,true,154,2.8,28,3.5,0.6,"[{""label"":""1 katori"",""grams"":150},{""label"":""1 plate"",""grams"":300},{""label"":""100 g"",""grams"":100}]",1 katori
in-kadhi-chawal,Kadhi chawal,kadhi rice,rice,grain|dairy,true,127,3.2,20,4,0.7,"[{""label"":""1 plate"",""grams"":350},{""label"":""100 g"",""grams"":100}]",1 plate
in-kashmiri-pulao,Kashmiri pulao,kashmiri pulav|dry fruit pulao,rice,grain,true,195,3.5,30,7,1.2,"[{""label"":""1 katori"",""grams"":150},{""label"":""1 plate"",""grams"":300},{""label"":""100 g"",""grams"":100}]",1 katori
in-kolkata-biryani,Kolkata biryani,calcutta biryani|kolkata chicken biryani,rice,grain,false,189,8,24,7,1.2,"[{""label"":""1 plate"",""grams"":350},{""label"":""1 katori"",""grams"":150},{""label"":""100 g"",""grams"":100}]",1 plate
in-lemon-rice,Lemon rice,chitranna|elumichai sadam|nimmakaya pulihora,rice,grain,true,168,3,27,5.5,1,"[{""label"":""1 katori"",""grams"":150},{""label"":""1 plate"",""grams"":300},{""label"":""100 g"",""grams"":100}]",1 katori
in-masala-khichdi,Masala khichdi,vegetable khichdi|masala khichuri,rice,grain,true,120,4,17,4.5,2,"[{""label"":""1 katori"",""grams"":200},{""label"":""1 plate"",""grams"":400},{""label"":""100 g"",""grams"":100}]",1 katori
in-matar-pulao,Matar pulao,peas pulao|green peas pulav,rice,grain|vegetable,true,156,3.8,26,4.5,2,"[{""label"":""1 katori"",""grams"":150},{""label"":""1 plate"",""grams"":300},{""label"":""100 g"",""grams"":100}]",1 katori
in-matta-rice,Matta rice,kerala red rice|rosematta|kuthari|red rice,rice,grain,true,112,2.6,25,0.5,1.5,"[{""label"":""1 katori"",""grams"":150},{""label"":""1 plate"",""grams"":300},{""label"":""100 g"",""grams"":100}]",1 katori
in-moong-dal-khichdi,Moong dal khichdi,moong khichdi|yellow moong khichdi,rice,grain|legume,true,113,4.5,18,3,1.8,"[{""label"":""1 katori"",""grams"":200},{""label"":""1 plate"",""grams"":400},{""label"":""100 g"",""grams"":100}]",1 katori
in-mutton-biryani,Mutton biryani,gosht biryani|lamb biryani|mutton dum biryani,rice,grain|meat,false,196,9.5,21,8.5,1,"[{""label"":""1 plate"",""grams"":300},{""label"":""1 katori"",""grams"":150},{""label"":""100 g"",""grams"":100}]",1 plate
in-paneer-biryani,Paneer biryani,paneer dum biryani,rice,grain|dairy,true,189,6,24,8,1.5,"[{""label"":""1 plate"",""grams"":300},{""label"":""1 katori"",""grams"":150},{""label"":""100 g"",""grams"":100}]",1 plate
in-prawn-biryani,Prawn biryani,shrimp biryani|jhinga biryani|chemmeen biryani,rice,grain|seafood,false,174,8.5,22,6,1,"[{""label"":""1 plate"",""grams"":300},{""label"":""1 katori"",""grams"":150},{""label"":""100 g"",""grams"":100}]",1 plate
in-rajma-chawal,Rajma chawal,rajma rice|rajma chaawal,rice,grain|legume,true,134,5,22,3.5,3,"[{""label"":""1 plate"",""grams"":350},{""label"":""100 g"",""grams"":100}]",1 plate
in-rasam-rice,Rasam rice,rasam sadam|charu annam,rice,grain,true,106,2.5,20,2,0.8,"[{""label"":""1 katori"",""grams"":200},{""label"":""1 plate"",""grams"":400},{""label"":""100 g"",""grams"":100}]",1 katori
in-rice-kanji,Rice kanji,kanji|ganji|pej|rice porridge|congee,rice,grain,true,46,1.2,10,0.2,0.2,"[{""label"":""1 bowl"",""grams"":250},{""label"":""100 g"",""grams"":100}]",1 bowl
in-sambar-rice,Sambar rice,sambar sadam|sambar annam,rice,grain|legume,true,111,3,19,3,1.8,"[{""label"":""1 katori"",""grams"":200},{""label"":""1 plate"",""grams"":400},{""label"":""100 g"",""grams"":100}]",1 katori
in-steamed-rice,Steamed rice,chawal|plain rice|boiled rice|white rice|sadam|annam|bhaat,rice,grain,true,126,2.7,28.2,0.3,0.4,"[{""label"":""1 katori"",""grams"":150},{""label"":""1 plate"",""grams"":300},{""label"":""100 g"",""grams"":100}]",1 katori
in-tamarind-rice,Tamarind rice,puliyogare|puliyodharai|pulihora|imli rice,rice,grain,true,192,3.2,30,7,1.8,"[{""label"":""1 katori"",""grams"":150},{""label"":""1 plate"",""grams"":300},{""label"":""100 g"",""grams"":100}]",1 katori
in-tomato-rice,Tomato rice,tomato bath|thakkali sadam,rice,grain,true,159,3,26,5,1.2,"[{""label"":""1 katori"",""grams"":150},{""label"":""1 plate"",""grams"":300},{""label"":""100 g"",""grams"":100}]",1 katori
in-vangi-bath,Vangi bath,brinjal rice|vangi bhath,rice,grain|vegetable,true,162,3,25,6,2.2,"[{""label"":""1 katori"",""grams"":150},{""label"":""1 plate"",""grams"":300},{""label"":""100 g"",""grams"":100}]",1 katori
in-veg-biryani,Veg biryani,vegetable biryani|veg dum biryani|tahari,rice,grain|vegetable,true,160,3.5,25,5.5,1.8,"[{""label"":""1 plate"",""grams"":300},{""label"":""1 katori"",""grams"":150},{""label"":""100 g"",""grams"":100}]",1 plate
in-veg-pulao,Veg pulao,pulav|vegetable pulao|veg pulav,rice,grain|vegetable,true,151,3.3,25,4.5,1.5,"[{""label"":""1 katori"",""grams"":150},{""label"":""1 plate"",""grams"":300},{""label"":""100 g"",""grams"":100}]",1 katori
in-green-salad,Green salad,salad|cucumber carrot salad|mixed green salad,salad,vegetable,true,21,1,4.5,0.2,1.6,"[{""label"":""1 plate"",""grams"":150},{""label"":""100 g"",""grams"":100}]",1 plate
in-kachumber-salad,Kachumber salad,kachumbar|cucumber tomato onion salad|kosambari (no dal),salad,vegetable,true,23,1,5,0.2,1.5,"[{""label"":""1 katori"",""grams"":100},{""label"":""1/2 katori"",""grams"":50},{""label"":""1 bowl"",""grams"":167},{""label"":""100 g"",""grams"":100}]",1 katori
in-kosambari,Kosambari,moong dal kosambari|cucumber kosambari,salad,vegetable,true,80,5,11,2.5,3,"[{""label"":""1 katori"",""grams"":100},{""label"":""1/2 katori"",""grams"":50},{""label"":""1 bowl"",""grams"":167},{""label"":""100 g"",""grams"":100}]",1 katori
in-koshimbir,Koshimbir,kosimbir|koshambir,salad,vegetable,true,50,1.5,5,3,1.5,"[{""label"":""1 katori"",""grams"":100},{""label"":""1/2 katori"",""grams"":50},{""label"":""1 bowl"",""grams"":167},{""label"":""100 g"",""grams"":100}]",1 katori
in-laccha-pyaz,Laccha pyaz,onion salad|sirke wala pyaz|onion rings salad,salad,vegetable,true,38,1.1,9,0.1,1.7,"[{""label"":""1 katori"",""grams"":50},{""label"":""1/2 katori"",""grams"":25},{""label"":""1 bowl"",""grams"":83},{""label"":""100 g"",""grams"":100}]",1 katori
in-moong-sprouts-salad,Moong sprouts salad,sprouts salad|ankurit moong salad,salad,vegetable,true,63,4.5,10,1.2,3,"[{""label"":""1 bowl"",""grams"":150},{""label"":""100 g"",""grams"":100}]",1 bowl
in-amritsari-fish,Amritsari fish,amritsari machhi|fish pakora,seafood,seafood|fried,false,240,17,12,14,0.8,"[{""label"":""2 pieces"",""grams"":80},{""label"":""4 pieces"",""grams"":160},{""label"":""100 g"",""grams"":100}]",4 pieces
in-bangda-fry,Bangda fry,mackerel fry|ayala fry|bangude fry,seafood,seafood|fried|high_protein,false,225,20,5,14,0.5,"[{""label"":""1 bangda"",""grams"":100},{""label"":""2 bangdas"",""grams"":200},{""label"":""100 g"",""grams"":100}]",1 bangda
in-bombil-fry,Bombil fry,bombay duck fry|bummalo fry,seafood,seafood|fried,false,215,15,12,12,0.5,"[{""label"":""1 bombil"",""grams"":40},{""label"":""2 bombils"",""grams"":80},{""label"":""100 g"",""grams"":100}]",2 bombils
in-dried-fish-fry,Dried fish fry,karuvadu fry|sukat|sukha bombil|nethili karuvadu,seafood,seafood|fried|high_protein,false,287,40,5,12,0.5,"[{""label"":""1 small katori"",""grams"":50},{""label"":""100 g"",""grams"":100}]",1 small katori
in-fish-cutlet,Fish cutlet,meen cutlet|fish chop,seafood,seafood|fried,false,214,12,15,12,1.2,"[{""label"":""1 cutlet"",""grams"":60},{""label"":""2 cutlets"",""grams"":120},{""label"":""100 g"",""grams"":100}]",1 cutlet
in-fish-fry,Fish fry,tawa fish fry|machli fry|meen varuval|masala fish fry,seafood,seafood|fried|high_protein,false,218,20,8,12,0.8,"[{""label"":""1 piece"",""grams"":80},{""label"":""2 pieces"",""grams"":160},{""label"":""100 g"",""grams"":100}]",1 piece
in-fish-tikka,Fish tikka,machli tikka|tandoori fish,seafood,seafood|high_protein,false,158,20,4,7,0.5,"[{""label"":""4 pieces"",""grams"":120},{""label"":""6 pieces"",""grams"":180},{""label"":""100 g"",""grams"":100}]",6 pieces
in-hilsa-raw,Hilsa (raw),hilsa|ilish|pulasa,seafood,seafood|high_protein,false,262,21.8,0,19.4,0,"[{""label"":""1 piece"",""grams"":100},{""label"":""100 g"",""grams"":100}]",1 piece
in-katla-fish-raw,Katla fish (raw),katla|catla|bocha,seafood,seafood|high_protein,false,86,17,0,2,0,"[{""label"":""1 piece"",""grams"":100},{""label"":""100 g"",""grams"":100}]",1 piece
in-pomfret-raw,Pomfret (raw),pomfret|paplet|vavval|avoli|silver pomfret,seafood,seafood|high_protein,false,96,18.5,0,2.5,0,"[{""label"":""1 medium pomfret"",""grams"":150},{""label"":""100 g"",""grams"":100}]",1 medium pomfret
in-pomfret-fry,Pomfret fry,paplet fry|vavval meen fry,seafood,seafood|fried|high_protein,false,212,19,5,13,0.5,"[{""label"":""1 pomfret"",""grams"":120},{""label"":""2 pomfrets"",""grams"":240},{""label"":""100 g"",""grams"":100}]",1 pomfret
in-prawn-fry,Prawn fry,prawns fry|jhinga fry|chemmeen fry,seafood,seafood|fried|high_protein,false,210,18,8,12,0.8,"[{""label"":""1 katori"",""grams"":100},{""label"":""1/2 katori"",""grams"":50},{""label"":""1 bowl"",""grams"":167},{""label"":""100 g"",""grams"":100}]",1 katori
in-prawn-masala,Prawn masala,prawn roast|chemmeen roast|jhinga masala,seafood,seafood|high_protein,false,181,15,6,11,1.2,"[{""label"":""1 katori"",""grams"":150},{""label"":""1/2 katori"",""grams"":75},{""label"":""1 bowl"",""grams"":250},{""label"":""100 g"",""grams"":100}]",1 katori
in-rohu-fish-raw,Rohu fish (raw),rohu|rui|rui maach|kendai,seafood,seafood|high_protein,false,79,16.6,0,1.4,0,"[{""label"":""1 piece"",""grams"":100},{""label"":""100 g"",""grams"":100}]",1 piece
in-surmai-fry,Surmai fry,seer fish fry|vanjaram fry|kingfish fry,seafood,seafood|fried|high_protein,false,202,21,5,11,0.5,"[{""label"":""1 slice"",""grams"":90},{""label"":""2 slices"",""grams"":180},{""label"":""100 g"",""grams"":100}]",1 slice
in-aloo-bhujia,Aloo bhujia,bhujia|aloo bhujiya|bikaneri bhujia,snack,snack|fried|vegetable,true,550,10,40,40,5,"[{""label"":""1 handful"",""grams"":30},{""label"":""100 g"",""grams"":100}]",1 handful
in-aloo-bonda,Aloo bonda,batata vada|urulai bonda|potato bonda,snack,snack|fried|vegetable,true,242,4.5,28,13,2.5,"[{""label"":""1 bonda"",""grams"":60},{""label"":""2 bondas"",""grams"":120},{""label"":""100 g"",""grams"":100}]",1 bonda
in-banana-chips-kerala,Banana chips (Kerala),nendran chips|upperi|kaya varuthathu|kele ke chips,snack,snack|fried,true,530,2.5,56,34,5,"[{""label"":""1 handful"",""grams"":30},{""label"":""100 g"",""grams"":100}]",1 handful
in-bhakarwadi,Bhakarwadi,bakarwadi|bhakar wadi,snack,snack|fried,true,478,8,50,28,3,"[{""label"":""1 handful"",""grams"":30},{""label"":""100 g"",""grams"":100}]",1 handful
in-cake-rusk,Cake rusk,rusk|toast|milk rusk,snack,snack|grain,true,399,7,62,14,1.5,"[{""label"":""1 rusk"",""grams"":25},{""label"":""2 rusks"",""grams"":50},{""label"":""100 g"",""grams"":100}]",1 rusk
in-chana-jor-garam,Chana jor garam,chana jor|chana chor garam,snack,snack|legume|high_fibre,true,338,18,50,10,12,"[{""label"":""1 handful"",""grams"":30},{""label"":""100 g"",""grams"":100}]",1 handful
in-chana-sundal,Chana sundal,sundal|kadalai sundal|chickpea sundal,snack,snack|legume|high_fibre,true,120,7,18,3.5,6,"[{""label"":""1 katori"",""grams"":100},{""label"":""1/2 katori"",""grams"":50},{""label"":""1 bowl"",""grams"":167},{""label"":""100 g"",""grams"":100}]",1 katori
in-chicken-puff,Chicken puff,chicken patties|chicken puffs,snack,snack|meat,false,329,8,30,20,1.5,"[{""label"":""1 puff"",""grams"":100},{""label"":""2 puffs"",""grams"":200},{""label"":""100 g"",""grams"":100}]",1 puff
in-chilli-potato,Chilli potato,honey chilli potato|chili potato,snack,snack|fried|fast_food,true,261,3,32,14,2.5,"[{""label"":""1 katori"",""grams"":150},{""label"":""1/2 katori"",""grams"":75},{""label"":""1 bowl"",""grams"":250},{""label"":""100 g"",""grams"":100}]",1 katori
in-chivda,Chivda,chevda|poha chivda|mixture|makai chivda,snack,snack|fried|grain,true,494,8,50,30,4,"[{""label"":""1 handful"",""grams"":30},{""label"":""100 g"",""grams"":100}]",1 handful
in-dal-moth,Dal moth,dalmoth|moth namkeen,snack,snack|fried|legume|high_fibre,true,458,18,42,26,8,"[{""label"":""1 handful"",""grams"":30},{""label"":""100 g"",""grams"":100}]",1 handful
in-dhokla,Dhokla,khaman|khaman dhokla|dhokla gujarati,snack,snack|legume,true,152,6,24,4,2,"[{""label"":""2 pieces"",""grams"":60},{""label"":""4 pieces"",""grams"":120},{""label"":""100 g"",""grams"":100}]",4 pieces
in-egg-puff,Egg puff,egg patties|egg puffs,snack,snack|egg,false,327,7.5,30,20,1.5,"[{""label"":""1 puff"",""grams"":100},{""label"":""2 puffs"",""grams"":200},{""label"":""100 g"",""grams"":100}]",1 puff
in-fafda,Fafda,fafda gathiya,snack,snack|fried,true,486,11,45,30,4,"[{""label"":""1 plate"",""grams"":100},{""label"":""1 piece"",""grams"":15},{""label"":""100 g"",""grams"":100}]",1 plate
in-gathiya,Gathiya,ganthiya|bhavnagari gathiya,snack,snack|fried,true,524,11,48,33,4.5,"[{""label"":""1 handful"",""grams"":30},{""label"":""100 g"",""grams"":100}]",1 handful
in-glucose-biscuit,Glucose biscuit,glucose biscuits|parle-g style biscuit|tea biscuit,snack,snack|grain,true,450,7,77,13,1.5,"[{""label"":""2 biscuits"",""grams"":12},{""label"":""4 biscuits"",""grams"":24},{""label"":""100 g"",""grams"":100}]",4 biscuits
in-gobi-65,Gobi 65,cauliflower 65|gobi fry,snack,snack|fried|vegetable,true,208,4,20,13,2.5,"[{""label"":""1 katori"",""grams"":100},{""label"":""1/2 katori"",""grams"":50},{""label"":""1 bowl"",""grams"":167},{""label"":""100 g"",""grams"":100}]",1 katori
in-gobi-manchurian,Gobi manchurian,gobi manchurian dry|cauliflower manchurian,snack,snack|fried|fast_food|vegetable,true,207,4,22,12,2.5,"[{""label"":""1 katori"",""grams"":150},{""label"":""1/2 katori"",""grams"":75},{""label"":""1 bowl"",""grams"":250},{""label"":""100 g"",""grams"":100}]",1 katori
in-handvo,Handvo,handwa,snack,snack|legume,true,178,6,22,8,3,"[{""label"":""1 piece"",""grams"":80},{""label"":""2 pieces"",""grams"":160},{""label"":""100 g"",""grams"":100}]",1 piece
in-kachori,Kachori,khasta kachori|moong dal kachori|pyaz kachori,snack,snack|fried,true,413,7,42,25,4,"[{""label"":""1 kachori"",""grams"":60},{""label"":""2 kachoris"",""grams"":120},{""label"":""100 g"",""grams"":100}]",1 kachori
in-khakhra,Khakhra,khakra,snack,snack|grain|high_fibre,true,376,11,60,12,8,"[{""label"":""1 khakhra"",""grams"":20},{""label"":""2 khakhras"",""grams"":40},{""label"":""100 g"",""grams"":100}]",1 khakhra
in-khandvi,Khandvi,suralichi vadi|patuli,snack,snack|legume,true,131,6,14,6,1.5,"[{""label"":""3 pieces"",""grams"":60},{""label"":""6 pieces"",""grams"":120},{""label"":""100 g"",""grams"":100}]",6 pieces
in-khari-biscuit,Khari biscuit,puff biscuit|khari|butter khari,snack,snack|grain,true,502,7,52,30,2,"[{""label"":""2 kharis"",""grams"":20},{""label"":""4 kharis"",""grams"":40},{""label"":""100 g"",""grams"":100}]",2 kharis
in-kothimbir-vadi,Kothimbir vadi,kothimbir wadi|coriander fritters,snack,snack|fried,true,242,7,24,14,4,"[{""label"":""2 pieces"",""grams"":60},{""label"":""4 pieces"",""grams"":120},{""label"":""100 g"",""grams"":100}]",4 pieces
in-makhana,Makhana,fox nut|lotus seeds|phool makhana|gorgon nut,snack,snack|high_fibre,true,332,9.7,76.9,0.1,7.6,"[{""label"":""1 cup"",""grams"":15},{""label"":""1 handful"",""grams"":10},{""label"":""100 g"",""grams"":100}]",1 cup
in-masala-papad,Masala papad,papad masala,snack,snack|fried|high_fibre,true,294,12,35,14,10,"[{""label"":""1 masala papad"",""grams"":40},{""label"":""2 masala papads"",""grams"":80},{""label"":""100 g"",""grams"":100}]",1 masala papad
in-masala-peanuts,Masala peanuts,masala moongphali|coated peanuts|masala kadalai,snack,snack|fried|high_fibre,true,522,18,30,38,6,"[{""label"":""1 handful"",""grams"":30},{""label"":""100 g"",""grams"":100}]",1 handful
in-masala-vada,Masala vada,paruppu vadai|dal vada|chana dal vada|ambode,snack,snack|fried|legume|high_fibre,true,284,10,28,16,6,"[{""label"":""1 masala vada"",""grams"":40},{""label"":""2 masala vadas"",""grams"":80},{""label"":""100 g"",""grams"":100}]",2 masala vadas
in-mathri,Mathri,mathiya|mathi,snack,snack|fried,true,475,7,50,28,2.5,"[{""label"":""1 mathri"",""grams"":20},{""label"":""2 mathris"",""grams"":40},{""label"":""100 g"",""grams"":100}]",1 mathri
in-methi-na-gota,Methi na gota,methi pakoda|methi gota,snack,snack|fried|vegetable,true,295,8,30,17,5,"[{""label"":""1 plate"",""grams"":100},{""label"":""1 piece"",""grams"":20},{""label"":""100 g"",""grams"":100}]",1 plate
in-murmura,Murmura,puffed rice|kurmura|mamra|pori|muri|borugulu,snack,snack|grain,true,344,7.5,78,0.5,1.5,"[{""label"":""1 cup"",""grams"":15},{""label"":""1 bowl"",""grams"":30},{""label"":""100 g"",""grams"":100}]",1 bowl
in-murukku,Murukku,chakli|chakri|murkku|jantikalu,snack,snack|fried,true,474,7,55,26,4,"[{""label"":""1 piece"",""grams"":15},{""label"":""1 handful"",""grams"":30},{""label"":""100 g"",""grams"":100}]",1 piece
in-mysore-bonda,Mysore bonda,goli baje|mysore bajji,snack,snack|fried,true,263,5,30,14,1.5,"[{""label"":""2 bondas"",""grams"":80},{""label"":""4 bondas"",""grams"":160},{""label"":""100 g"",""grams"":100}]",2 bondas
in-namak-pare,Namak pare,namakpare|nimki|khara biscuit,snack,snack|fried,true,466,7,52,26,2,"[{""label"":""1 handful"",""grams"":30},{""label"":""100 g"",""grams"":100}]",1 handful
in-namkeen-mixture,Namkeen mixture,bombay mix|kara mixture|namkeen|chanachur|dalmoth,snack,snack|fried|high_fibre,true,531,12,45,35,6,"[{""label"":""1 handful"",""grams"":30},{""label"":""100 g"",""grams"":100}]",1 handful
in-onion-pakora,Onion pakora,kanda bhaji|onion bhaji|ulli pakodi|pyaz pakoda|vengaya pakoda,snack,snack|fried,true,277,6.5,24,18,3.5,"[{""label"":""1 plate"",""grams"":100},{""label"":""1 piece"",""grams"":20},{""label"":""100 g"",""grams"":100}]",1 plate
in-onion-samosa,Onion samosa,irani samosa|patti samosa,snack,snack|fried,true,350,6,38,20,3,"[{""label"":""2 onion samosas"",""grams"":60},{""label"":""4 onion samosas"",""grams"":120},{""label"":""100 g"",""grams"":100}]",2 onion samosas
in-pakora,Pakora,pakoda|bhajiya|bhaji|pakodi|mix pakora,snack,snack|fried,true,274,7,25,17,3.5,"[{""label"":""1 plate"",""grams"":100},{""label"":""1 piece"",""grams"":20},{""label"":""100 g"",""grams"":100}]",1 plate
in-paneer-pakora,Paneer pakora,paneer pakoda|paneer bhaji,snack,snack|fried|dairy,true,272,11,15,19,1.5,"[{""label"":""1 piece"",""grams"":25},{""label"":""2 pieces"",""grams"":50},{""label"":""100 g"",""grams"":100}]",2 pieces
in-papad-fried,Papad (fried),fried papad|fried appalam|pappadam,snack,snack|fried|high_protein|high_fibre,true,440,20,48,22,15,"[{""label"":""1 papad"",""grams"":15},{""label"":""2 papads"",""grams"":30},{""label"":""100 g"",""grams"":100}]",1 papad
in-papad-roasted,Papad (roasted),papadum|appalam|pappad|roasted papad,snack,snack|high_protein|high_fibre,true,332,25,60,3.3,18.6,"[{""label"":""1 papad"",""grams"":12},{""label"":""2 papads"",""grams"":24},{""label"":""100 g"",""grams"":100}]",1 papad
in-patra,Patra,alu vadi|pathrode|patrode|patra vadi,snack,snack,true,172,5,22,8,4,"[{""label"":""2 pieces"",""grams"":60},{""label"":""4 pieces"",""grams"":120},{""label"":""100 g"",""grams"":100}]",4 pieces
in-punjabi-samosa,Punjabi samosa,big samosa,snack,snack|fried,true,300,5,31,18,3,"[{""label"":""1 samosa"",""grams"":130},{""label"":""2 samosas"",""grams"":260},{""label"":""100 g"",""grams"":100}]",1 samosa
in-roasted-chana,Roasted chana,bhuna chana|chana|pottukadalai|dalia (roasted gram)|putani|bhune chane,snack,snack|legume|high_protein|high_fibre,true,338,22,58,5.5,16,"[{""label"":""1 handful"",""grams"":30},{""label"":""100 g"",""grams"":100}]",1 handful
in-roasted-makhana,Roasted makhana,ghee roasted makhana|masala makhana,snack,snack|high_fibre,true,374,9,70,8,7,"[{""label"":""1 cup"",""grams"":15},{""label"":""1 bowl"",""grams"":30},{""label"":""100 g"",""grams"":100}]",1 bowl
in-sabudana-vada,Sabudana vada,sago vada|sabudana wada,snack,snack|fried|grain,true,275,3,35,14,1.5,"[{""label"":""1 sabudana vada"",""grams"":50},{""label"":""2 sabudana vadas"",""grams"":100},{""label"":""100 g"",""grams"":100}]",2 sabudana vadas
in-salted-biscuit,Salted biscuit,salty biscuit|monaco style biscuit|cream cracker,snack,snack|grain,true,467,8,65,20,2.5,"[{""label"":""2 biscuits"",""grams"":14},{""label"":""4 biscuits"",""grams"":28},{""label"":""100 g"",""grams"":100}]",4 biscuits
in-samosa,Samosa,singara|aloo samosa|samsa,snack,snack|fried,true,287,5,30,17,3,"[{""label"":""1 samosa"",""grams"":100},{""label"":""2 samosas"",""grams"":200},{""label"":""100 g"",""grams"":100}]",1 samosa
in-sev,Sev,besan sev|nylon sev|omapodi|ratlami sev,snack,snack|fried|high_fibre,true,526,13,45,34,6,"[{""label"":""1 handful"",""grams"":30},{""label"":""100 g"",""grams"":100}]",1 handful
in-thattai,Thattai,nippattu|chekkalu|ellu adai,snack,snack|fried|grain,true,460,8,55,24,4,"[{""label"":""2 thattais"",""grams"":30},{""label"":""4 thattais"",""grams"":60},{""label"":""100 g"",""grams"":100}]",2 thattais
in-veg-cutlet,Veg cutlet,vegetable cutlet|aloo cutlet|veg tikki,snack,snack|fried|vegetable,true,188,4,22,10,3,"[{""label"":""1 cutlet"",""grams"":60},{""label"":""2 cutlets"",""grams"":120},{""label"":""100 g"",""grams"":100}]",1 cutlet
in-veg-puff,Veg puff,vegetable puff|aloo puff|veg patties,snack,snack|vegetable,true,328,5,33,20,2,"[{""label"":""1 puff"",""grams"":90},{""label"":""2 puffs"",""grams"":180},{""label"":""100 g"",""grams"":100}]",1 puff
in-veg-spring-roll,Veg spring roll,spring roll|veg rolls,snack,snack|fried|fast_food|vegetable,true,241,4,28,13,2,"[{""label"":""1 spring roll"",""grams"":50},{""label"":""2 spring rolls"",""grams"":100},{""label"":""100 g"",""grams"":100}]",2 spring rolls
in-chicken-soup,Chicken soup,chicken yakhni|chicken shorba|chicken clear soup,soup,meat|high_protein,false,37,4,2,1.5,0.3,"[{""label"":""1 bowl"",""grams"":250},{""label"":""100 g"",""grams"":100}]",1 bowl
in-chicken-sweet-corn-soup,Chicken sweet corn soup,chicken corn soup,soup,meat,false,56,3,8,1.5,0.6,"[{""label"":""1 bowl"",""grams"":250},{""label"":""100 g"",""grams"":100}]",1 bowl
in-dal-soup,Dal soup,lentil soup|dal shorba,soup,legume,true,52,3.5,8,1,1.5,"[{""label"":""1 bowl"",""grams"":250},{""label"":""100 g"",""grams"":100}]",1 bowl
in-lemon-coriander-soup,Lemon coriander soup,,soup,,true,28,1.2,4,1,0.8,"[{""label"":""1 bowl"",""grams"":250},{""label"":""100 g"",""grams"":100}]",1 bowl
in-manchow-soup,Manchow soup,veg manchow soup,soup,fast_food,true,48,2,6,2,1,"[{""label"":""1 bowl"",""grams"":250},{""label"":""100 g"",""grams"":100}]",1 bowl
in-mulligatawny-soup,Mulligatawny soup,mulligatawny|milagu thanni,soup,,true,64,3,7,3,1.5,"[{""label"":""1 bowl"",""grams"":250},{""label"":""100 g"",""grams"":100}]",1 bowl
in-mutton-paya-soup,Mutton paya soup,paya|paya shorba|aattukaal soup|trotters soup,soup,meat|high_protein,false,77,6,2,5,0.2,"[{""label"":""1 bowl"",""grams"":250},{""label"":""100 g"",""grams"":100}]",1 bowl
in-palak-soup,Palak soup,spinach soup,soup,vegetable,true,37,1.8,4,1.8,1.3,"[{""label"":""1 bowl"",""grams"":250},{""label"":""100 g"",""grams"":100}]",1 bowl
in-rasam,Rasam,saaru|chaaru|pepper rasam|tomato rasam|charu,soup,,true,32,1,4.5,1.2,0.6,"[{""label"":""1 katori"",""grams"":150},{""label"":""1/2 katori"",""grams"":75},{""label"":""1 bowl"",""grams"":250},{""label"":""100 g"",""grams"":100}]",1 katori
in-sweet-corn-soup,Sweet corn soup,veg sweet corn soup|corn soup,soup,,true,55,1.8,9,1.5,0.8,"[{""label"":""1 bowl"",""grams"":250},{""label"":""100 g"",""grams"":100}]",1 bowl
in-tomato-shorba,Tomato shorba,tomato soup (indian)|tamatar shorba,soup,,true,57,1.2,8,2.5,1,"[{""label"":""1 bowl"",""grams"":250},{""label"":""100 g"",""grams"":100}]",1 bowl
in-veg-clear-soup,Veg clear soup,clear vegetable soup,soup,vegetable,true,20,0.8,3.5,0.5,0.8,"[{""label"":""1 bowl"",""grams"":250},{""label"":""100 g"",""grams"":100}]",1 bowl
in-aloo-chaat,Aloo chaat,alu chaat|fried potato chaat,street_food,street_food|snack|vegetable,true,147,2.5,22,6,2.5,"[{""label"":""1 plate"",""grams"":150},{""label"":""100 g"",""grams"":100}]",1 plate
in-aloo-tikki,Aloo tikki,potato patty|aloo pattice,street_food,street_food|fried|snack|vegetable,true,193,3,24,10,2.5,"[{""label"":""1 tikki"",""grams"":60},{""label"":""2 tikkis"",""grams"":120},{""label"":""100 g"",""grams"":100}]",2 tikkis
in-aloo-tikki-chaat,Aloo tikki chaat,tikki chaat|ragda tikki,street_food,street_food|fried|snack|vegetable,true,180,4,22,9,2.5,"[{""label"":""1 plate"",""grams"":200},{""label"":""100 g"",""grams"":100}]",1 plate
in-bhaji-pav-bhaji,Bhaji (pav bhaji),pav bhaji bhaji|bhaji only,street_food,street_food|vegetable,true,120,2.8,13,7,3,"[{""label"":""1 katori"",""grams"":150},{""label"":""1/2 katori"",""grams"":75},{""label"":""1 bowl"",""grams"":250},{""label"":""100 g"",""grams"":100}]",1 katori
in-bhel-puri,Bhel puri,bhel|bhelpuri|jhal bhel,street_food,street_food|snack,true,212,5,34,7,3.5,"[{""label"":""1 plate"",""grams"":150},{""label"":""100 g"",""grams"":100}]",1 plate
in-bhutta,Bhutta,roasted corn on the cob|butta|makai,street_food,street_food|snack,true,106,3.4,21,1.5,2.4,"[{""label"":""1 bhutta (cob)"",""grams"":150},{""label"":""2 bhuttas"",""grams"":300},{""label"":""100 g"",""grams"":100}]",1 bhutta (cob)
in-bombay-sandwich,Bombay sandwich,veg sandwich|bombay masala sandwich,street_food,street_food|fast_food|grain,true,198,5,28,8,3,"[{""label"":""1 sandwich"",""grams"":150},{""label"":""2 sandwichs"",""grams"":300},{""label"":""100 g"",""grams"":100}]",1 sandwich
in-bread-pakora,Bread pakora,bread pakoda|bread bajji,street_food,street_food|fried|snack|grain,true,258,6,28,14,2,"[{""label"":""1 bread pakora"",""grams"":80},{""label"":""2 bread pakoras"",""grams"":160},{""label"":""100 g"",""grams"":100}]",1 bread pakora
in-bun-maska,Bun maska,bun butter|maska pav,street_food,street_food|grain,true,351,7,48,15,2,"[{""label"":""1 bun maska"",""grams"":80},{""label"":""2 bun maskas"",""grams"":160},{""label"":""100 g"",""grams"":100}]",1 bun maska
in-chana-chaat,Chana chaat,chole chaat|kabuli chana chaat,street_food,street_food|snack|legume|high_fibre,true,128,7,20,3.5,6,"[{""label"":""1 plate"",""grams"":150},{""label"":""100 g"",""grams"":100}]",1 plate
in-chicken-momos,Chicken momos,chicken momo|chicken dumplings,street_food,street_food|fast_food|meat,false,154,8,22,4,1.2,"[{""label"":""1 plate (6 momos)"",""grams"":150},{""label"":""1 momo"",""grams"":25},{""label"":""100 g"",""grams"":100}]",1 plate (6 momos)
in-chicken-roll,Chicken roll,chicken kathi roll|chicken frankie|chicken wrap,street_food,street_food|fast_food|meat,false,227,11,24,10,1.5,"[{""label"":""1 roll"",""grams"":200},{""label"":""2 rolls"",""grams"":400},{""label"":""100 g"",""grams"":100}]",1 roll
in-chicken-shawarma,Chicken shawarma,shawarma roll|chicken shawarma wrap,street_food,street_food|fast_food|meat,false,211,11,20,10,1.5,"[{""label"":""1 shawarma"",""grams"":250},{""label"":""2 shawarmas"",""grams"":500},{""label"":""100 g"",""grams"":100}]",1 shawarma
in-chole-kulche,Chole kulche,chole kulcha|matar kulcha,street_food,street_food|legume,true,207,6,30,8,4.5,"[{""label"":""1 plate (2 kulche + chole)"",""grams"":300},{""label"":""100 g"",""grams"":100}]",1 plate (2 kulche + chole)
in-dabeli,Dabeli,kutchi dabeli|double roti,street_food,street_food|fast_food,true,232,5,32,10,3,"[{""label"":""1 dabeli"",""grams"":130},{""label"":""2 dabelis"",""grams"":260},{""label"":""100 g"",""grams"":100}]",1 dabeli
in-dahi-puri,Dahi puri,dahi batata puri,street_food,street_food|fried|snack|dairy,true,171,4,24,7,2,"[{""label"":""1 plate (6 puris)"",""grams"":150},{""label"":""100 g"",""grams"":100}]",1 plate (6 puris)
in-dahi-vada,Dahi vada,dahi bhalla|dahi vade|thayir vadai|dahi bara,street_food,street_food|snack|dairy|legume,true,137,6,18,5,2,"[{""label"":""1 dahi vada"",""grams"":90},{""label"":""2 dahi vadas"",""grams"":180},{""label"":""100 g"",""grams"":100}]",1 dahi vada
in-egg-bhurji-pav,Egg bhurji pav,anda bhurji pav|egg burji pav,street_food,street_food|egg|grain,false,218,9,24,10,1.8,"[{""label"":""1 plate (bhurji + 2 pav)"",""grams"":230},{""label"":""100 g"",""grams"":100}]",1 plate (bhurji + 2 pav)
in-egg-roll,Egg roll,anda roll|egg kathi roll|egg frankie,street_food,street_food|fast_food|egg,false,236,9,26,11,1.5,"[{""label"":""1 egg roll"",""grams"":180},{""label"":""2 egg rolls"",""grams"":360},{""label"":""100 g"",""grams"":100}]",1 egg roll
in-fried-momos,Fried momos,fried veg momos|kurkure momos,street_food,street_food|fried|fast_food,true,236,5,28,12,2,"[{""label"":""1 plate (6 momos)"",""grams"":150},{""label"":""1 momo"",""grams"":25},{""label"":""100 g"",""grams"":100}]",1 plate (6 momos)
in-jhal-muri,Jhal muri,jhalmuri|masala puffed rice|churumuri|bhel muri,street_food,street_food|snack,true,246,5,40,8,3,"[{""label"":""1 bowl"",""grams"":100},{""label"":""100 g"",""grams"":100}]",1 bowl
in-kachori-sabzi,Kachori sabzi,kachori aloo|bedmi puri aloo|khasta kachori sabzi,street_food,street_food|fried|vegetable,true,289,6,32,16,3.5,"[{""label"":""1 plate (2 kachori + sabzi)"",""grams"":220},{""label"":""100 g"",""grams"":100}]",1 plate (2 kachori + sabzi)
in-litti-chokha,Litti chokha,litti choka|litti with chokha,street_food,street_food|grain|high_fibre,true,253,8,38,9,6,"[{""label"":""1 plate (2 litti + chokha)"",""grams"":250},{""label"":""100 g"",""grams"":100}]",1 plate (2 litti + chokha)
in-masala-corn,Masala corn,corn chaat|sweet corn cup|bhutta masala,street_food,street_food|snack,true,108,3.5,19,2.5,2.5,"[{""label"":""1 cup"",""grams"":150},{""label"":""100 g"",""grams"":100}]",1 cup
in-mirchi-bajji,Mirchi bajji,mirchi vada|chilli bajji|mirchi pakoda|milagai bajji,street_food,street_food|fried|snack|vegetable,true,216,4,20,14,3,"[{""label"":""1 bajji"",""grams"":50},{""label"":""2 bajjis"",""grams"":100},{""label"":""100 g"",""grams"":100}]",2 bajjis
in-misal-pav,Misal pav,misal|puneri misal|kolhapuri misal,street_food,street_food|legume|grain,true,189,6,23,9,4,"[{""label"":""1 plate (misal + 2 pav)"",""grams"":300},{""label"":""100 g"",""grams"":100}]",1 plate (misal + 2 pav)
in-paneer-kathi-roll,Paneer kathi roll,paneer roll|paneer frankie|paneer wrap,street_food,street_food|fast_food|dairy,true,235,9,26,11,2,"[{""label"":""1 roll"",""grams"":200},{""label"":""2 rolls"",""grams"":400},{""label"":""100 g"",""grams"":100}]",1 roll
in-pani-puri,Pani puri,golgappa|puchka|gupchup|pani ke batashe|phuchka,street_food,street_food|fried|snack,true,161,3,25,6,2.5,"[{""label"":""1 plate (6 puris)"",""grams"":150},{""label"":""1 puri"",""grams"":25},{""label"":""100 g"",""grams"":100}]",1 plate (6 puris)
in-papdi-chaat,Papdi chaat,papri chaat|dahi papdi,street_food,street_food|fried|snack,true,222,5,27,11,2.5,"[{""label"":""1 plate"",""grams"":150},{""label"":""100 g"",""grams"":100}]",1 plate
in-pav-bhaji,Pav bhaji,pao bhaji|bhaji pav,street_food,street_food|fast_food|grain|vegetable,true,186,5,25,8,3,"[{""label"":""1 plate (2 pav + bhaji)"",""grams"":300},{""label"":""100 g"",""grams"":100}]",1 plate (2 pav + bhaji)
in-ragda-pattice,Ragda pattice,ragda patties|ragda pattis,street_food,street_food|snack|legume,true,152,4.5,22,6,4,"[{""label"":""1 plate"",""grams"":250},{""label"":""100 g"",""grams"":100}]",1 plate
in-raj-kachori,Raj kachori,raaj kachori,street_food,street_food|fried|snack,true,229,6,26,12,3.5,"[{""label"":""1 raj kachori"",""grams"":180},{""label"":""2 raj kachoris"",""grams"":360},{""label"":""100 g"",""grams"":100}]",1 raj kachori
in-ram-ladoo,Ram ladoo,moong dal pakodi|ram laddu,street_food,street_food|fried|snack,true,258,10,30,12,5,"[{""label"":""1 plate"",""grams"":100},{""label"":""100 g"",""grams"":100}]",1 plate
in-samosa-chaat,Samosa chaat,samosa chole chaat,street_food,street_food|fried|snack,true,212,5,25,11,3.5,"[{""label"":""1 plate"",""grams"":200},{""label"":""100 g"",""grams"":100}]",1 plate
in-sev-puri,Sev puri,sev batata puri,street_food,street_food|fried|snack,true,272,5,33,14,3,"[{""label"":""1 plate (6 puris)"",""grams"":120},{""label"":""100 g"",""grams"":100}]",1 plate (6 puris)
in-sprouts-chaat,Sprouts chaat,moong sprouts chaat|ankurit chaat|sprouted moong salad,street_food,street_food|snack|legume,true,78,5,13,1.5,3.5,"[{""label"":""1 plate"",""grams"":150},{""label"":""100 g"",""grams"":100}]",1 plate
in-tawa-pulao,Tawa pulao,mumbai tawa pulao,street_food,street_food|fast_food|grain,true,164,3.5,25,6,2,"[{""label"":""1 plate"",""grams"":250},{""label"":""100 g"",""grams"":100}]",1 plate
in-vada-pav,Vada pav,wada pav|vada pao|batata vada pav,street_food,street_food|fried|fast_food|grain,true,255,5.5,35,11,3,"[{""label"":""1 vada pav"",""grams"":150},{""label"":""2 vada pavs"",""grams"":300},{""label"":""100 g"",""grams"":100}]",1 vada pav
in-veg-cheese-grilled-sandwich,Veg cheese grilled sandwich,grilled sandwich|cheese sandwich,street_food,street_food|fast_food|dairy|grain|vegetable,true,247,8,28,12,2.5,"[{""label"":""1 sandwich"",""grams"":160},{""label"":""2 sandwichs"",""grams"":320},{""label"":""100 g"",""grams"":100}]",1 sandwich
in-veg-frankie,Veg frankie,veg roll|veg kathi roll|veg wrap,street_food,street_food|fast_food|vegetable,true,216,5,30,9,2.5,"[{""label"":""1 frankie"",""grams"":180},{""label"":""2 frankies"",""grams"":360},{""label"":""100 g"",""grams"":100}]",1 frankie
in-veg-momos,Veg momos,momo|steamed momos|vegetable dumplings|dim sum,street_food,street_food|fast_food|vegetable,true,143,4,26,3,2,"[{""label"":""1 plate (6 momos)"",""grams"":150},{""label"":""1 momo"",""grams"":25},{""label"":""100 g"",""grams"":100}]",1 plate (6 momos)
in-ada-pradhaman,Ada pradhaman,ada payasam|palada pradhaman,sweet,dessert,true,216,2.5,32,9,1.5,"[{""label"":""1 katori"",""grams"":150},{""label"":""1/2 katori"",""grams"":75},{""label"":""1 bowl"",""grams"":250},{""label"":""100 g"",""grams"":100}]",1 katori
in-adhirasam,Adhirasam,ariselu|anarsa|athirasam,sweet,dessert|fried,true,384,3,60,15,1.5,"[{""label"":""1 adhirasam"",""grams"":40},{""label"":""2 adhirasams"",""grams"":80},{""label"":""100 g"",""grams"":100}]",1 adhirasam
in-atta-halwa,Atta halwa,kada prasad|aate ka halwa|karah prasad,sweet,dessert|grain,true,373,5,40,22,2.5,"[{""label"":""1 katori"",""grams"":100},{""label"":""1/2 katori"",""grams"":50},{""label"":""1 bowl"",""grams"":167},{""label"":""100 g"",""grams"":100}]",1 katori
in-atta-ladoo,Atta ladoo,pinni|wheat ladoo|gond ladoo,sweet,dessert|grain,true,476,8,50,28,4,"[{""label"":""1 ladoo"",""grams"":40},{""label"":""2 ladoos"",""grams"":80},{""label"":""100 g"",""grams"":100}]",1 ladoo
in-badam-halwa,Badam halwa,almond halwa,sweet,dessert,true,458,9,40,30,4,"[{""label"":""1 katori"",""grams"":100},{""label"":""1/2 katori"",""grams"":50},{""label"":""1 bowl"",""grams"":167},{""label"":""100 g"",""grams"":100}]",1 katori
in-balushahi,Balushahi,badusha|badushah,sweet,dessert|fried,true,412,4,50,22,1,"[{""label"":""1 balushahi"",""grams"":45},{""label"":""2 balushahis"",""grams"":90},{""label"":""100 g"",""grams"":100}]",1 balushahi
in-basundi,Basundi,basundi sweet,sweet,dessert|dairy,true,217,6,28,9,0,"[{""label"":""1 katori"",""grams"":100},{""label"":""1/2 katori"",""grams"":50},{""label"":""1 bowl"",""grams"":167},{""label"":""100 g"",""grams"":100}]",1 katori
in-bebinca,Bebinca,bibinca|goan bebinca,sweet,dessert,true,341,5,40,18,0.5,"[{""label"":""1 piece"",""grams"":60},{""label"":""2 pieces"",""grams"":120},{""label"":""100 g"",""grams"":100}]",1 piece
in-boondi-ladoo,Boondi ladoo,motichoor ladoo|boondi laddu|bundi ladoo,sweet,dessert|fried,true,437,5,60,20,1.5,"[{""label"":""1 ladoo"",""grams"":40},{""label"":""2 ladoos"",""grams"":80},{""label"":""100 g"",""grams"":100}]",1 ladoo
in-cham-cham,Cham cham,chum chum|chomchom,sweet,dessert|dairy,true,285,6,45,9,0,"[{""label"":""1 cham cham"",""grams"":40},{""label"":""2 cham chams"",""grams"":80},{""label"":""100 g"",""grams"":100}]",1 cham cham
in-chhena-poda,Chhena poda,chenna poda,sweet,dessert|dairy,true,288,10,35,12,0,"[{""label"":""1 piece"",""grams"":60},{""label"":""2 pieces"",""grams"":120},{""label"":""100 g"",""grams"":100}]",1 piece
in-chikki,Chikki,peanut chikki|gud chikki|groundnut chikki|kadalai mittai,sweet,dessert,true,497,15,55,25,4,"[{""label"":""1 piece"",""grams"":20},{""label"":""2 pieces"",""grams"":40},{""label"":""100 g"",""grams"":100}]",1 piece
in-churma-ladoo,Churma ladoo,churma laddu|churma,sweet,dessert,true,438,7,55,22,4,"[{""label"":""1 ladoo"",""grams"":40},{""label"":""2 ladoos"",""grams"":80},{""label"":""100 g"",""grams"":100}]",1 ladoo
in-coconut-barfi,Coconut barfi,nariyal barfi|thengai burfi|kopra pak,sweet,dessert|dairy,true,428,5,55,22,5,"[{""label"":""1 piece"",""grams"":30},{""label"":""2 pieces"",""grams"":60},{""label"":""100 g"",""grams"":100}]",1 piece
in-coconut-ladoo,Coconut ladoo,nariyal ladoo|thengai ladoo|coconut barfi ball,sweet,dessert,true,431,4,50,25,5,"[{""label"":""1 ladoo"",""grams"":30},{""label"":""2 ladoos"",""grams"":60},{""label"":""100 g"",""grams"":100}]",1 ladoo
in-cream-biscuit,Cream biscuit,cream biscuits|sandwich biscuit,sweet,dessert|grain,true,477,5,70,20,1.5,"[{""label"":""2 biscuits"",""grams"":24},{""label"":""4 biscuits"",""grams"":48},{""label"":""100 g"",""grams"":100}]",2 biscuits
in-dharwad-peda,Dharwad peda,dharwad pedha,sweet,dessert|dairy,true,384,9,60,12,0,"[{""label"":""1 peda"",""grams"":25},{""label"":""2 pedas"",""grams"":50},{""label"":""100 g"",""grams"":100}]",1 peda
in-double-ka-meetha,Double ka meetha,shahi tukda|shahi tukra|bread halwa,sweet,dessert,true,317,6,40,15,1,"[{""label"":""1 katori"",""grams"":100},{""label"":""1/2 katori"",""grams"":50},{""label"":""1 bowl"",""grams"":167},{""label"":""100 g"",""grams"":100}]",1 katori
in-dry-fruit-ladoo,Dry fruit ladoo,dry fruit laddu|dates ladoo|khajur ladoo,sweet,dessert|high_fibre,true,478,10,45,30,6,"[{""label"":""1 ladoo"",""grams"":30},{""label"":""2 ladoos"",""grams"":60},{""label"":""100 g"",""grams"":100}]",1 ladoo
in-falooda,Falooda,faluda|kulfi falooda|royal falooda,sweet,dessert|dairy,true,165,4,24,6,0.5,"[{""label"":""1 glass"",""grams"":250},{""label"":""100 g"",""grams"":100}]",1 glass
in-fruit-custard,Fruit custard,custard|fruit custard dessert,sweet,dessert|dairy,true,112,3.5,17,3.5,0.8,"[{""label"":""1 katori"",""grams"":150},{""label"":""1/2 katori"",""grams"":75},{""label"":""1 bowl"",""grams"":250},{""label"":""100 g"",""grams"":100}]",1 katori
in-gajak,Gajak,til gajak|rewari,sweet,dessert,true,448,9,60,20,4,"[{""label"":""1 piece"",""grams"":20},{""label"":""2 pieces"",""grams"":40},{""label"":""100 g"",""grams"":100}]",1 piece
in-gajar-halwa,Gajar halwa,gajar ka halwa|carrot halwa|gajrela,sweet,dessert,true,264,5,35,12,2,"[{""label"":""1 katori"",""grams"":100},{""label"":""1/2 katori"",""grams"":50},{""label"":""1 bowl"",""grams"":167},{""label"":""100 g"",""grams"":100}]",1 katori
in-ghevar,Ghevar,malai ghevar,sweet,dessert|fried,true,439,4,50,25,1,"[{""label"":""1 piece"",""grams"":80},{""label"":""2 pieces"",""grams"":160},{""label"":""100 g"",""grams"":100}]",1 piece
in-gujiya,Gujiya,karanji|gujia|kajjikayalu|nevri|somas,sweet,dessert|fried,true,428,6,48,24,2,"[{""label"":""1 gujiya"",""grams"":40},{""label"":""2 gujiyas"",""grams"":80},{""label"":""100 g"",""grams"":100}]",1 gujiya
in-gulab-jamun,Gulab jamun,gulab jamoon|gulabjamun|lalmohan,sweet,dessert|fried,true,332,4,50,13,0.5,"[{""label"":""1 gulab jamun"",""grams"":40},{""label"":""2 gulab jamuns"",""grams"":80},{""label"":""100 g"",""grams"":100}]",1 gulab jamun
in-imarti,Imarti,jangiri|amriti|emarti,sweet,dessert|fried,true,404,3,58,18,1,"[{""label"":""1 imarti"",""grams"":40},{""label"":""2 imartis"",""grams"":80},{""label"":""100 g"",""grams"":100}]",1 imarti
in-jalebi,Jalebi,jilebi|jilapi|zalebi|jalebi sweet,sweet,dessert|fried,true,404,3,60,17,0.5,"[{""label"":""1 piece"",""grams"":25},{""label"":""1 plate"",""grams"":100},{""label"":""100 g"",""grams"":100}]",1 piece
in-kaju-katli,Kaju katli,kaju barfi|kaju katri|cashew fudge,sweet,dessert,true,497,10,52,28,1.5,"[{""label"":""1 piece"",""grams"":15},{""label"":""2 pieces"",""grams"":30},{""label"":""100 g"",""grams"":100}]",2 pieces
in-kala-jamun,Kala jamun,kalo jam|kala jam,sweet,dessert|fried,true,360,4.5,52,15,0.5,"[{""label"":""1 kala jamun"",""grams"":45},{""label"":""2 kala jamuns"",""grams"":90},{""label"":""100 g"",""grams"":100}]",1 kala jamun
in-kalakand,Kalakand,milk cake|kalakan,sweet,dessert|dairy,true,361,12,40,17,0,"[{""label"":""1 piece"",""grams"":40},{""label"":""2 pieces"",""grams"":80},{""label"":""100 g"",""grams"":100}]",1 piece
in-kesar-peda,Kesar peda,saffron peda,sweet,dessert|dairy,true,377,9,56,13,0,"[{""label"":""1 peda"",""grams"":25},{""label"":""2 pedas"",""grams"":50},{""label"":""100 g"",""grams"":100}]",1 peda
in-kheer,Kheer,rice kheer|chawal ki kheer|payesh|kheeri,sweet,dessert|dairy,true,149,4,22,5,0.2,"[{""label"":""1 katori"",""grams"":150},{""label"":""1/2 katori"",""grams"":75},{""label"":""1 bowl"",""grams"":250},{""label"":""100 g"",""grams"":100}]",1 katori
in-kheer-kadam,Kheer kadam,khirkadam,sweet,dessert|dairy,true,320,8,45,12,0,"[{""label"":""1 piece"",""grams"":50},{""label"":""2 pieces"",""grams"":100},{""label"":""100 g"",""grams"":100}]",1 piece
in-kulfi,Kulfi,malai kulfi|matka kulfi|kulfi stick,sweet,dessert|dairy,true,216,5.5,26,10,0,"[{""label"":""1 kulfi"",""grams"":70},{""label"":""2 kulfis"",""grams"":140},{""label"":""100 g"",""grams"":100}]",1 kulfi
in-ladoo,Ladoo,laddu|besan ladoo|besan laddu|laddoo,sweet,dessert,true,471,8,55,25,3,"[{""label"":""1 ladoo"",""grams"":35},{""label"":""2 ladoos"",""grams"":70},{""label"":""100 g"",""grams"":100}]",1 ladoo
in-lapsi,Lapsi,fada ni lapsi|broken wheat halwa,sweet,dessert,true,298,5,45,12,5,"[{""label"":""1 katori"",""grams"":100},{""label"":""1/2 katori"",""grams"":50},{""label"":""1 bowl"",""grams"":167},{""label"":""100 g"",""grams"":100}]",1 katori
in-malpua,Malpua,malpoa|pua,sweet,dessert|fried,true,351,5,45,17,1,"[{""label"":""1 malpua"",""grams"":50},{""label"":""2 malpuas"",""grams"":100},{""label"":""100 g"",""grams"":100}]",1 malpua
in-milk-barfi,Milk barfi,burfi|khoya barfi|mawa barfi|barfi,sweet,dessert|dairy,true,402,10,50,18,0,"[{""label"":""1 piece"",""grams"":30},{""label"":""2 pieces"",""grams"":60},{""label"":""100 g"",""grams"":100}]",1 piece
in-mishti-doi,Mishti doi,misti doi|sweet curd|bengali sweet yogurt,sweet,dessert|dairy,true,140,4,22,4,0,"[{""label"":""1 cup (earthen)"",""grams"":100},{""label"":""100 g"",""grams"":100}]",1 cup (earthen)
in-modak,Modak,ukadiche modak|steamed modak|modakam|kudumu,sweet,dessert,true,260,4,40,10,3,"[{""label"":""1 modak"",""grams"":40},{""label"":""2 modaks"",""grams"":80},{""label"":""100 g"",""grams"":100}]",1 modak
in-moong-dal-halwa,Moong dal halwa,moong ki dal ka halwa,sweet,dessert|legume,true,416,7,42,25,2.5,"[{""label"":""1 katori"",""grams"":100},{""label"":""1/2 katori"",""grams"":50},{""label"":""1 bowl"",""grams"":167},{""label"":""100 g"",""grams"":100}]",1 katori
in-mysore-pak,Mysore pak,mysore paak|mysorepak,sweet,dessert,true,542,6,45,38,2,"[{""label"":""1 piece"",""grams"":30},{""label"":""2 pieces"",""grams"":60},{""label"":""100 g"",""grams"":100}]",1 piece
in-nankhatai,Nankhatai,nan khatai|indian shortbread cookie,sweet,dessert,true,489,5,55,28,1.5,"[{""label"":""1 nankhatai"",""grams"":20},{""label"":""2 nankhatais"",""grams"":40},{""label"":""100 g"",""grams"":100}]",1 nankhatai
in-paal-payasam,Paal payasam,milk payasam|pal payasam,sweet,dessert|dairy,true,136,4,20,4.5,0.2,"[{""label"":""1 katori"",""grams"":150},{""label"":""1/2 katori"",""grams"":75},{""label"":""1 bowl"",""grams"":250},{""label"":""100 g"",""grams"":100}]",1 katori
in-peda,Peda,pedha|doodh peda|mathura peda|dharwad peda,sweet,dessert|dairy,true,382,9,55,14,0,"[{""label"":""1 peda"",""grams"":25},{""label"":""2 pedas"",""grams"":50},{""label"":""100 g"",""grams"":100}]",1 peda
in-petha,Petha,agra petha|ash gourd sweet|angoori petha,sweet,dessert,true,341,0.4,85,0.2,1,"[{""label"":""1 piece"",""grams"":30},{""label"":""2 pieces"",""grams"":60},{""label"":""100 g"",""grams"":100}]",1 piece
in-phirni,Phirni,firni|rice phirni,sweet,dessert|dairy,true,148,4,22,5,0.3,"[{""label"":""1 cup (matka)"",""grams"":100},{""label"":""100 g"",""grams"":100}]",1 cup (matka)
in-puran-poli,Puran poli,holige|obbattu|bobbatlu|poli,sweet,dessert,true,316,6,55,9,4.5,"[{""label"":""1 puran poli"",""grams"":80},{""label"":""2 puran polis"",""grams"":160},{""label"":""100 g"",""grams"":100}]",1 puran poli
in-qubani-ka-meetha,Qubani ka meetha,khubani ka meetha|apricot dessert,sweet,dessert,true,227,1.5,50,3,3,"[{""label"":""1 katori"",""grams"":100},{""label"":""1/2 katori"",""grams"":50},{""label"":""1 bowl"",""grams"":167},{""label"":""100 g"",""grams"":100}]",1 katori
in-rabri,Rabri,rabdi|lachha rabri,sweet,dessert|dairy,true,256,7,30,12,0,"[{""label"":""1 katori"",""grams"":100},{""label"":""1/2 katori"",""grams"":50},{""label"":""1 bowl"",""grams"":167},{""label"":""100 g"",""grams"":100}]",1 katori
in-rasgulla,Rasgulla,rosogolla|rasagola|roshogolla|rasagulla,sweet,dessert|dairy,true,187,4,36,3,0,"[{""label"":""1 rasgulla"",""grams"":45},{""label"":""2 rasgullas"",""grams"":90},{""label"":""100 g"",""grams"":100}]",1 rasgulla
in-rasmalai,Rasmalai,ras malai|rossomalai,sweet,dessert|dairy,true,207,6.5,25,9,0.2,"[{""label"":""1 rasmalai"",""grams"":70},{""label"":""2 rasmalais"",""grams"":140},{""label"":""100 g"",""grams"":100}]",1 rasmalai
in-rava-kesari,Rava kesari,kesari bath|kesari|sheera (south),sweet,dessert,true,317,3,45,14,0.6,"[{""label"":""1 katori"",""grams"":100},{""label"":""1/2 katori"",""grams"":50},{""label"":""1 bowl"",""grams"":167},{""label"":""100 g"",""grams"":100}]",1 katori
in-rava-ladoo,Rava ladoo,rava laddu|sooji ladoo,sweet,dessert,true,429,5,58,20,1.5,"[{""label"":""1 ladoo"",""grams"":35},{""label"":""2 ladoos"",""grams"":70},{""label"":""100 g"",""grams"":100}]",1 ladoo
in-sandesh,Sandesh,sondesh|sandesh bengali,sweet,dessert|dairy,true,304,9,40,12,0,"[{""label"":""1 sandesh"",""grams"":30},{""label"":""2 sandeshs"",""grams"":60},{""label"":""100 g"",""grams"":100}]",1 sandesh
in-semiya-payasam,Semiya payasam,seviyan kheer|vermicelli kheer|semiya kheer|sevai payasam,sweet,dessert|dairy,true,156,4,24,5,0.5,"[{""label"":""1 katori"",""grams"":150},{""label"":""1/2 katori"",""grams"":75},{""label"":""1 bowl"",""grams"":250},{""label"":""100 g"",""grams"":100}]",1 katori
in-shakarpara,Shakarpara,shankarpali|shakkar pare,sweet,dessert|fried,true,440,6,60,20,2,"[{""label"":""1 handful"",""grams"":30},{""label"":""100 g"",""grams"":100}]",1 handful
in-sheer-khurma,Sheer khurma,sheer korma|sheer khurma eid,sweet,dessert,true,203,5,26,9,1,"[{""label"":""1 katori"",""grams"":150},{""label"":""1/2 katori"",""grams"":75},{""label"":""1 bowl"",""grams"":250},{""label"":""100 g"",""grams"":100}]",1 katori
in-sheera-banana,Sheera (banana),banana sheera|satyanarayan prasad,sweet,dessert,true,285,3,42,12,1.5,"[{""label"":""1 katori"",""grams"":100},{""label"":""1/2 katori"",""grams"":50},{""label"":""1 bowl"",""grams"":167},{""label"":""100 g"",""grams"":100}]",1 katori
in-shrikhand,Shrikhand,amrakhand|kesar shrikhand|matho,sweet,dessert|dairy,true,256,6,40,8,0,"[{""label"":""1 katori"",""grams"":100},{""label"":""1/2 katori"",""grams"":50},{""label"":""1 bowl"",""grams"":167},{""label"":""100 g"",""grams"":100}]",1 katori
in-soan-papdi,Soan papdi,son papdi|patisa|sohan papdi,sweet,dessert,true,478,6,58,25,1.5,"[{""label"":""1 piece"",""grams"":25},{""label"":""2 pieces"",""grams"":50},{""label"":""100 g"",""grams"":100}]",1 piece
in-sooji-halwa,Sooji halwa,rava sheera|sheera|suji ka halwa|kesari (north),sweet,dessert|grain,true,327,4,40,17,1,"[{""label"":""1 katori"",""grams"":100},{""label"":""1/2 katori"",""grams"":50},{""label"":""1 bowl"",""grams"":167},{""label"":""100 g"",""grams"":100}]",1 katori
in-sweet-kozhukattai,Sweet kozhukattai,modak (south)|poorna kozhukattai|kadubu,sweet,dessert|grain,true,212,3,40,5,2.5,"[{""label"":""1 kozhukattai"",""grams"":40},{""label"":""2 kozhukattais"",""grams"":80},{""label"":""100 g"",""grams"":100}]",2 kozhukattais
in-sweet-pongal,Sweet pongal,sakkarai pongal|chakkara pongali|jaggery pongal,sweet,dessert|grain,true,243,3.5,40,8,1.5,"[{""label"":""1 katori"",""grams"":150},{""label"":""1/2 katori"",""grams"":75},{""label"":""1 bowl"",""grams"":250},{""label"":""100 g"",""grams"":100}]",1 katori
in-til-ladoo,Til ladoo,til ke laddu|ellu urundai|tilkut,sweet,dessert|high_fibre,true,484,12,45,30,7,"[{""label"":""1 ladoo"",""grams"":25},{""label"":""2 ladoos"",""grams"":50},{""label"":""100 g"",""grams"":100}]",1 ladoo
in-unniyappam,Unniyappam,unni appam|nei appam,sweet,dessert|fried|grain,true,297,3.5,45,12,2.5,"[{""label"":""2 unniyappams"",""grams"":50},{""label"":""4 unniyappams"",""grams"":100},{""label"":""100 g"",""grams"":100}]",4 unniyappams
in-banana-flower,Banana flower,mocha|vazhaipoo|kele ka phool|arati puvvu,vegetable,vegetable,true,32,1.6,7,0.6,4,"[{""label"":""1 cup, chopped"",""grams"":100},{""label"":""100 g"",""grams"":100}]","1 cup, chopped"
in-cluster-beans,Cluster beans,gavar|gawar|guar phali|kothavarangai|goruchikkudu,vegetable,vegetable,true,53,3.2,10.8,0.4,3.2,"[{""label"":""1 cup, chopped"",""grams"":100},{""label"":""100 g"",""grams"":100}]","1 cup, chopped"
in-curry-leaves,Curry leaves,kadi patta|karivepaku|kariveppila|kadipatta,vegetable,vegetable|high_fibre,true,95,6.1,18.7,1,6.4,"[{""label"":""10 leaves"",""grams"":2},{""label"":""1 sprig"",""grams"":5},{""label"":""100 g"",""grams"":100}]",1 sprig
in-drumstick-leaves,Drumstick leaves,moringa leaves|murungai keerai|sahjan patta|nugge soppu,vegetable,vegetable,true,90,6.7,12.5,1.7,0.9,"[{""label"":""1 cup"",""grams"":25},{""label"":""100 g"",""grams"":100}]",1 cup
in-elephant-foot-yam,Elephant foot yam,suran|jimikand|senai|oal|kanda (yam),vegetable,vegetable,true,78,1.2,18.4,0.1,0.8,"[{""label"":""1 cup, cubed"",""grams"":130},{""label"":""100 g"",""grams"":100}]","1 cup, cubed"
in-flat-beans,Flat beans,sem|sem phali|avarekai|avarakkai|papdi|val papdi,vegetable,vegetable|high_protein,true,45,3.8,6.7,0.7,1.8,"[{""label"":""1 cup, chopped"",""grams"":100},{""label"":""100 g"",""grams"":100}]","1 cup, chopped"
in-methi-leaves,Methi leaves,fenugreek leaves|methi|menthya soppu|vendhaya keerai,vegetable,vegetable|high_protein,true,56,4.4,10,0.9,4.9,"[{""label"":""1 cup"",""grams"":35},{""label"":""1 bunch"",""grams"":100},{""label"":""100 g"",""grams"":100}]",1 cup
in-parwal,Parwal,pointed gourd|potol|parval|kovakkai (pointed gourd),vegetable,vegetable|high_protein,true,26,2,5.2,0.3,3,"[{""label"":""1 parwal"",""grams"":25},{""label"":""4 parwals"",""grams"":100},{""label"":""100 g"",""grams"":100}]",4 parwals
in-raw-papaya,Raw papaya,kacha papita|papaya (green)|pappali kaai,vegetable,vegetable,true,26,0.7,5.7,0.2,0.9,"[{""label"":""1 cup, grated"",""grams"":100},{""label"":""100 g"",""grams"":100}]","1 cup, grated"
in-snake-gourd,Snake gourd,chichinda|padwal|pudalangai|potlakaya,vegetable,vegetable,true,16,0.5,3.3,0.3,0.8,"[{""label"":""1 cup, chopped"",""grams"":100},{""label"":""100 g"",""grams"":100}]","1 cup, chopped"
in-tinda,Tinda,round gourd|tinda gourd|dhemse,vegetable,vegetable,true,19,1.4,3.4,0.2,1,"[{""label"":""1 tinda"",""grams"":50},{""label"":""100 g"",""grams"":100}]",1 tinda
in-tindora,Tindora,ivy gourd|kundru|dondakaya|kovakkai|tondli,vegetable,vegetable|high_protein,true,15,1.2,3.1,0.1,1.6,"[{""label"":""1 cup"",""grams"":100},{""label"":""100 g"",""grams"":100}]",1 cup
