external_id,name,aliases,category,tags,veg,kcal,protein,carbs,fat,fibre,serving_options,default_serving
usda-168751,"Almond milk, sweetened vanilla",,beverage,beverage,true,38,0.4,6.6,1,0.4,"[{""label"":""1 cup"",""grams"":240},{""label"":""100 g"",""grams"":100}]",1 cup
usda-174832,"Almond milk, unsweetened",,beverage,beverage,true,15,0.4,1.3,1,0.2,"[{""label"":""1 cup"",""grams"":262},{""label"":""100 g"",""grams"":100}]",1 cup
usda-167771,Apple juice,,beverage,beverage,true,46,0.1,11.3,0.1,0.2,"[{""label"":""1 cup"",""grams"":248},{""label"":""100 g"",""grams"":100}]",1 cup
usda-171704,"Apricot nectar, canned",,beverage,beverage|sugary_drink,true,56,0.2,13.6,0.5,0.1,"[{""label"":""1 cup"",""grams"":266},{""label"":""100 g"",""grams"":100}]",1 cup
usda-168749,"Beer, light",light beer,beverage,beverage|alcohol,true,29,0.2,1.6,0,0,"[{""label"":""1 can or bottle (12 fl oz)"",""grams"":354},{""label"":""100 g"",""grams"":100}]",1 can or bottle (12 fl oz)
usda-168746,"Beer, regular",beer,beverage,beverage|alcohol,true,43,0.5,3.6,0,0,"[{""label"":""1 can"",""grams"":356},{""label"":""100 g"",""grams"":100}]",1 can
usda-173227,"Black tea, brewed",tea (no milk)|kali chai,beverage,beverage,true,1,0,0.3,0,0,"[{""label"":""1 cup (8 fl oz)"",""grams"":237},{""label"":""100 g"",""grams"":100}]",1 cup (8 fl oz)
usda-170491,"Carrot juice, canned",,beverage,beverage,true,40,1,9.3,0.2,0.8,"[{""label"":""1 cup"",""grams"":236},{""label"":""100 g"",""grams"":100}]",1 cup
usda-174831,"Coconut water, packaged",,beverage,beverage,true,18,0.2,4.2,0,0,"[{""label"":""1 cup"",""grams"":245},{""label"":""100 g"",""grams"":100}]",1 cup
usda-173665,Coffee liqueur,,beverage,beverage|alcohol,true,308,0.1,32.2,0.3,0,"[{""label"":""1 fl oz"",""grams"":34.8},{""label"":""100 g"",""grams"":100}]",1 fl oz
usda-171890,"Coffee, brewed",black coffee,beverage,beverage|high_protein,true,1,0.1,0,0,0,"[{""label"":""1 cup (8 fl oz)"",""grams"":237},{""label"":""100 g"",""grams"":100}]",1 cup (8 fl oz)
usda-174852,Cola,coke|soft drink,beverage,beverage|sugary_drink,true,42,0,10.4,0.3,0,"[{""label"":""1 can or bottle (12 fl oz)"",""grams"":370},{""label"":""1 can or bottle (16 fl oz)"",""grams"":492},{""label"":""1 drink, small (16 fl oz)"",""grams"":492},{""label"":""1 drink, medium (22 fl oz)"",""grams"":676},{""label"":""1 drink, large (32 fl oz)"",""grams"":984},{""label"":""100 g"",""grams"":100}]",1 can or bottle (12 fl oz)
usda-174851,"Cola, without caffeine",,beverage,beverage|sugary_drink,true,41,0,10.6,0,0,"[{""label"":""1 serving 12 fl oz"",""grams"":368},{""label"":""1 serving 16 fl oz"",""grams"":491},{""label"":""100 g"",""grams"":100}]",1 serving 12 fl oz
usda-168117,Cranberry juice,,beverage,beverage,true,46,0.4,12.2,0.1,0.1,"[{""label"":""1 cup"",""grams"":253},{""label"":""100 g"",""grams"":100}]",1 cup
usda-171903,Cranberry juice cocktail,,beverage,beverage|sugary_drink,true,54,0,13.5,0.1,0,"[{""label"":""1 cup (8 fl oz)"",""grams"":253},{""label"":""100 g"",""grams"":100}]",1 cup (8 fl oz)
usda-173199,Cream soda,,beverage,beverage|sugary_drink,true,51,0,13.3,0,0,"[{""label"":""1 can or bottle (16 fl oz)"",""grams"":494},{""label"":""1 can or bottle (12 fl oz)"",""grams"":371},{""label"":""100 g"",""grams"":100}]",1 can or bottle (16 fl oz)
usda-169573,Daiquiri,,beverage,beverage|alcohol,true,125,0,15.7,0,0,"[{""label"":""1 can (6.8 fl oz, 200 ml)"",""grams"":207},{""label"":""100 g"",""grams"":100}]","1 can (6.8 fl oz, 200 ml)"
usda-173176,Dessert wine,,beverage,beverage|alcohol,true,160,0.2,13.7,0,0,"[{""label"":""1 glass (3.5 fl oz)"",""grams"":103},{""label"":""100 g"",""grams"":100}]",1 glass (3.5 fl oz)
usda-174108,Energy drink,,beverage,beverage|sugary_drink,true,45,0,11.3,0,0,"[{""label"":""8 fl oz"",""grams"":240},{""label"":""100 g"",""grams"":100}]",8 fl oz
usda-171891,Espresso,,beverage,beverage,true,9,0.1,1.7,0.2,0,"[{""label"":""1 fl oz"",""grams"":29.6},{""label"":""100 g"",""grams"":100}]",1 fl oz
usda-174151,Fruit punch drink,,beverage,beverage|sugary_drink,true,47,0,11.9,0,0.2,"[{""label"":""1 cup (8 fl oz)"",""grams"":248},{""label"":""100 g"",""grams"":100}]",1 cup (8 fl oz)
usda-174846,Ginger ale,,beverage,beverage|sugary_drink,true,34,0,8.8,0,0,"[{""label"":""1 can or bottle (16 fl oz)"",""grams"":488},{""label"":""1 can or bottle (12 fl oz)"",""grams"":366},{""label"":""100 g"",""grams"":100}]",1 can or bottle (16 fl oz)
usda-173041,Grape juice,,beverage,beverage,true,60,0.4,14.8,0.1,0.2,"[{""label"":""1 cup"",""grams"":253},{""label"":""100 g"",""grams"":100}]",1 cup
usda-173203,Grape soda,,beverage,beverage|sugary_drink,true,43,0,11.2,0,0,"[{""label"":""1 can or bottle (12 fl oz)"",""grams"":372},{""label"":""100 g"",""grams"":100}]",1 can or bottle (12 fl oz)
usda-173038,"Grapefruit juice, pink or red",,beverage,beverage,true,39,0.5,7.7,0.7,0.3,"[{""label"":""1 cup"",""grams"":252},{""label"":""100 g"",""grams"":100}]",1 cup
usda-173039,"Grapefruit juice, white",,beverage,beverage,true,39,0.5,9.2,0.1,0.1,"[{""label"":""1 cup"",""grams"":247},{""label"":""1 fruit yields"",""grams"":196},{""label"":""100 g"",""grams"":100}]",1 cup
usda-171917,"Green tea, brewed",,beverage,beverage|high_protein,true,1,0.2,0,0,0,"[{""label"":""1 cup"",""grams"":245},{""label"":""100 g"",""grams"":100}]",1 cup
usda-174128,"Green tea, ready-to-drink, sweetened",,beverage,beverage|sugary_drink,true,27,0,6.2,0.2,0,"[{""label"":""1 cup"",""grams"":270},{""label"":""100 g"",""grams"":100}]",1 cup
usda-167784,"Guava nectar, canned",,beverage,beverage|sugary_drink,true,63,0.1,16.3,0.1,1,"[{""label"":""1 cup"",""grams"":251},{""label"":""100 g"",""grams"":100}]",1 cup
usda-174156,"Herb tea, brewed, chamomile",,beverage,beverage,true,1,0,0.2,0,0,"[{""label"":""1 cup (8 fl oz)"",""grams"":237},{""label"":""100 g"",""grams"":100}]",1 cup (8 fl oz)
usda-173232,"Herbal tea, brewed",tisane,beverage,beverage,true,1,0,0.2,0,0,"[{""label"":""1 cup (8 fl oz)"",""grams"":237},{""label"":""100 g"",""grams"":100}]",1 cup (8 fl oz)
usda-171946,"Hibiscus tea, brewed",,beverage,beverage,true,0,0,0,0,0,"[{""label"":""8 fl oz"",""grams"":237},{""label"":""100 g"",""grams"":100}]",8 fl oz
usda-174119,"Iced coffee, mocha, milk based",,beverage,beverage,true,60,1.5,11.4,1,0,"[{""label"":""1 cup"",""grams"":265},{""label"":""100 g"",""grams"":100}]",1 cup
usda-174130,"Instant coffee, powder",,beverage,beverage,true,2,0.1,0.3,0,0,"[{""label"":""1 serving 6 fl oz"",""grams"":179},{""label"":""100 g"",""grams"":100}]",1 serving 6 fl oz
usda-173230,"Instant tea powder, unsweetened",,beverage,beverage|high_protein|high_fibre,true,315,20.2,58.7,0,8.5,"[{""label"":""1 serving 1 tsp"",""grams"":0.7},{""label"":""100 g"",""grams"":100}]",1 serving 1 tsp
usda-168197,"Juice, apple and grape blend",,beverage,beverage,true,50,0.2,12.5,0.1,0.2,"[{""label"":""8 fl oz"",""grams"":250},{""label"":""100 g"",""grams"":100}]",8 fl oz
usda-167748,"Lemon juice, bottled",,beverage,beverage,true,17,0.5,5.6,0.1,0.7,"[{""label"":""1 tbsp"",""grams"":15},{""label"":""1 tsp"",""grams"":5},{""label"":""1 cup"",""grams"":244},{""label"":""100 g"",""grams"":100}]",1 cup
usda-173205,Lemon-lime soda,clear soda,beverage,beverage|sugary_drink,true,41,0.1,10.4,0,0,"[{""label"":""1 drink (12 fl oz)"",""grams"":368},{""label"":""1 drink, small (16 fl oz)"",""grams"":491},{""label"":""1 drink, medium (22 fl oz)"",""grams"":675},{""label"":""1 drink, large (32 fl oz)"",""grams"":982},{""label"":""1 drink, extra large (44 fl oz)"",""grams"":1351},{""label"":""100 g"",""grams"":100}]",1 drink (12 fl oz)
usda-167785,"Mango nectar, canned",,beverage,beverage|sugary_drink,true,51,0.1,13.1,0.1,0.3,"[{""label"":""1 cup"",""grams"":251},{""label"":""100 g"",""grams"":100}]",1 cup
usda-171880,"Milk based coffee, sweetened",,beverage,beverage,true,71,2,12.6,1.4,0,"[{""label"":""1 cup"",""grams"":262},{""label"":""100 g"",""grams"":100}]",1 cup
usda-174157,Non-alcoholic wine,,beverage,beverage|high_protein,true,6,0.5,1.1,0,0,"[{""label"":""1 fl oz"",""grams"":29},{""label"":""100 g"",""grams"":100}]",1 fl oz
usda-174120,"Oolong tea, brewed",,beverage,beverage,true,1,0,0.2,0,0,"[{""label"":""100 g"",""grams"":100}]",100 g
usda-174868,"Orange drink, canned",,beverage,beverage|sugary_drink,true,49,0,12.3,0.1,0,"[{""label"":""1 cup (8 fl oz)"",""grams"":248},{""label"":""100 g"",""grams"":100}]",1 cup (8 fl oz)
usda-169098,"Orange juice, fresh",santre ka ras|mosambi juice,beverage,beverage,true,45,0.7,10.4,0.2,0.2,"[{""label"":""1 cup"",""grams"":248},{""label"":""1 fruit yields"",""grams"":86},{""label"":""100 g"",""grams"":100}]",1 cup
usda-169100,"Orange juice, packaged",,beverage,beverage,true,49,0.7,11.5,0.1,0.3,"[{""label"":""1 cup"",""grams"":249},{""label"":""100 g"",""grams"":100}]",1 cup
usda-174854,Orange soda,,beverage,beverage|sugary_drink,true,48,0,12.3,0,0,"[{""label"":""1 can or bottle (16 fl oz)"",""grams"":496},{""label"":""1 can or bottle (12 fl oz)"",""grams"":372},{""label"":""100 g"",""grams"":100}]",1 can or bottle (16 fl oz)
usda-169107,"Papaya nectar, canned",,beverage,beverage|sugary_drink,true,57,0.2,14.5,0.2,0.6,"[{""label"":""1 cup"",""grams"":250},{""label"":""100 g"",""grams"":100}]",1 cup
usda-168185,"Peach nectar, canned",,beverage,beverage|sugary_drink,true,50,0.2,11.9,0.5,0.1,"[{""label"":""1 cup"",""grams"":220},{""label"":""100 g"",""grams"":100}]",1 cup
usda-168186,"Pear nectar, canned",,beverage,beverage|sugary_drink,true,60,0.1,15.8,0,0.6,"[{""label"":""1 cup"",""grams"":250},{""label"":""100 g"",""grams"":100}]",1 cup
usda-168750,Pina colada,,beverage,beverage|alcohol,true,237,0.6,27.6,7.6,0.1,"[{""label"":""1 can (6.8 fl oz, 200 ml)"",""grams"":222},{""label"":""100 g"",""grams"":100}]","1 can (6.8 fl oz, 200 ml)"
usda-168187,Pineapple juice,,beverage,beverage,true,53,0.4,12.9,0.1,0.2,"[{""label"":""1 cup"",""grams"":250},{""label"":""100 g"",""grams"":100}]",1 cup
usda-167787,Pomegranate juice,,beverage,beverage,true,54,0.2,13.1,0.3,0.1,"[{""label"":""1 cup"",""grams"":249},{""label"":""100 g"",""grams"":100}]",1 cup
usda-173181,"Protein powder, soy based",,beverage,beverage|high_protein|high_fibre,true,388,55.6,28.9,5.6,6.7,"[{""label"":""1 scoop"",""grams"":45},{""label"":""100 g"",""grams"":100}]",1 scoop
usda-173180,"Protein powder, whey based",,beverage,beverage|high_protein,true,352,78.1,6.3,1.6,3.1,"[{""label"":""1/3 cup"",""grams"":32},{""label"":""100 g"",""grams"":100}]",1/3 cup
usda-167753,"Prune juice, canned",,beverage,beverage,true,71,0.6,17.5,0,1,"[{""label"":""1 cup"",""grams"":256},{""label"":""100 g"",""grams"":100}]",1 cup
usda-171942,"Rice milk, unsweetened",,beverage,beverage,true,47,0.3,9.2,1,0.3,"[{""label"":""8 fl oz"",""grams"":240},{""label"":""100 g"",""grams"":100}]",8 fl oz
usda-171871,Root beer,,beverage,beverage|alcohol,true,41,0,10.6,0,0,"[{""label"":""1 can or bottle (16 fl oz)"",""grams"":493},{""label"":""1 can or bottle (12 fl oz)"",""grams"":370},{""label"":""100 g"",""grams"":100}]",1 can or bottle (16 fl oz)
usda-174817,Rum,,beverage,beverage|alcohol,true,231,0,0,0,0,"[{""label"":""1 fl oz"",""grams"":27.8},{""label"":""100 g"",""grams"":100}]",1 fl oz
usda-167723,Sake (rice wine),sake,beverage,beverage|alcohol,true,134,0.5,5,0,0,"[{""label"":""1 fl oz"",""grams"":29.1},{""label"":""100 g"",""grams"":100}]",1 fl oz
usda-174815,"Spirits, 80 proof (vodka, whisky, rum, gin)",whisky|whiskey|vodka|rum|gin|brandy,beverage,beverage|alcohol,true,231,0,0,0,0,"[{""label"":""1 jigger (1.5 fl oz)"",""grams"":42},{""label"":""100 g"",""grams"":100}]",1 jigger (1.5 fl oz)
usda-170545,"Tomato juice, canned",,beverage,beverage,true,17,0.9,3.5,0.3,0.4,"[{""label"":""1 cup"",""grams"":243},{""label"":""100 g"",""grams"":100}]",1 cup
usda-171869,Tonic water,,beverage,beverage|sugary_drink,true,34,0,8.8,0,0,"[{""label"":""1 bottle (11 fl oz)"",""grams"":336},{""label"":""1 can or bottle (16 fl oz)"",""grams"":488},{""label"":""1 can or bottle (12 fl oz)"",""grams"":366},{""label"":""100 g"",""grams"":100}]",1 bottle (11 fl oz)
usda-171877,"Vanilla coffee, light, milk based, sweetened",,beverage,beverage,true,36,2.1,4.3,1.1,0,"[{""label"":""9.5 fl oz"",""grams"":281},{""label"":""100 g"",""grams"":100}]",9.5 fl oz
usda-173226,Vanilla milkshake (fast food),milkshake,beverage,beverage,true,148,3.4,19.6,6.5,0.9,"[{""label"":""1 cup (8 fl oz)"",""grams"":166},{""label"":""1 milkshake (10 fl oz)"",""grams"":208},{""label"":""100 g"",""grams"":100}]",1 cup (8 fl oz)
usda-170063,"Vegetable juice cocktail, canned",,beverage,beverage,true,22,0.9,3.9,0.3,0.5,"[{""label"":""1 cup"",""grams"":253},{""label"":""100 g"",""grams"":100}]",1 cup
usda-174818,Vodka,,beverage,beverage|alcohol,true,231,0,0,0,0,"[{""label"":""1 fl oz"",""grams"":27.8},{""label"":""100 g"",""grams"":100}]",1 fl oz
usda-173647,Water,pani,beverage,beverage,true,0,0,0,0,0,"[{""label"":""1 serving 8 fl oz"",""grams"":237},{""label"":""1 liter"",""grams"":1000},{""label"":""100 g"",""grams"":100}]",1 serving 8 fl oz
usda-173177,Whey protein powder (isolate),whey protein|protein powder,beverage,beverage|high_protein,true,359,58.1,29.1,1.2,0,"[{""label"":""3 scoop"",""grams"":86},{""label"":""100 g"",""grams"":100}]",3 scoop
usda-173662,Whiskey sour,,beverage,beverage|alcohol,true,149,0,13.2,0,0,"[{""label"":""1 portion (2 oz mix + 1.5 oz whiskey)"",""grams"":106},{""label"":""100 g"",""grams"":100}]",1 portion (2 oz mix + 1.5 oz whiskey)
usda-173190,"Wine, red",red wine,beverage,beverage|alcohol,true,85,0.1,2.6,0,0,"[{""label"":""1 serving (5 fl oz)"",""grams"":147},{""label"":""100 g"",""grams"":100}]",1 serving (5 fl oz)
usda-171908,"Wine, rose",,beverage,beverage|alcohol,true,83,0.4,3.8,0,0,"[{""label"":""1 fl oz"",""grams"":30.3},{""label"":""100 g"",""grams"":100}]",1 fl oz
usda-174837,"Wine, white",white wine,beverage,beverage|alcohol,true,82,0.1,2.6,0,0,"[{""label"":""1 serving (5 fl oz)"",""grams"":147},{""label"":""100 g"",""grams"":100}]",1 serving (5 fl oz)
usda-175049,"Bagel, plain",,bread,grain,true,275,10.5,53.4,1.6,2.3,"[{""label"":""1 mini bagel (2-1/2\"" dia)"",""grams"":26},{""label"":""1 small bagel (3\"" dia)"",""grams"":69},{""label"":""1 medium bagel (3-1/2\"" to 4\"" dia)"",""grams"":105},{""label"":""1 large bagel (4-1/2\"" dia)"",""grams"":131},{""label"":""100 g"",""grams"":100}]","1 mini bagel (2-1/2"" dia)"
usda-174906,Banana bread,,bread,grain,true,326,4.3,54.6,10.5,1.1,"[{""label"":""1 individual loaf"",""grams"":57},{""label"":""1 slice"",""grams"":60},{""label"":""100 g"",""grams"":100}]",1 slice
usda-172670,"Biscuit, plain or buttermilk",,bread,grain,true,353,7,44.6,16.3,1.5,"[{""label"":""1 biscuit (4\"" dia)"",""grams"":101},{""label"":""1 small (1-1/2\"" dia)"",""grams"":14},{""label"":""1 biscuit (2-1/2\"" dia)"",""grams"":60},{""label"":""100 g"",""grams"":100}]","1 biscuit (4"" dia)"
usda-172667,"Biscuit, plain or buttermilk, frozen, baked",,bread,grain,true,338,6.2,53.9,11,1.3,"[{""label"":""1 large"",""grams"":77},{""label"":""1 medium"",""grams"":51},{""label"":""1 small"",""grams"":35},{""label"":""1 biscuit (2-1/2\"" dia)"",""grams"":35},{""label"":""100 g"",""grams"":100}]",1 medium
usda-172768,Blueberry muffin,,bread,grain,false,285,6.5,40.7,10.8,0,"[{""label"":""1 muffin"",""grams"":57},{""label"":""100 g"",""grams"":100}]",1 muffin
usda-174928,"Bread crumbs, dry",,bread,grain,true,395,13.4,72,5.3,4.5,"[{""label"":""1 cup"",""grams"":108},{""label"":""100 g"",""grams"":100}]",1 cup
usda-174929,Breadsticks,,bread,grain,true,412,12,68.4,9.5,3,"[{""label"":""1 cup, small pieces"",""grams"":46},{""label"":""1 stick, small"",""grams"":5},{""label"":""1 stick (7-5/8\"" x 5/8\"")"",""grams"":10},{""label"":""1 stick (9-1/4\"" x 3/8\"")"",""grams"":6},{""label"":""100 g"",""grams"":100}]","1 cup, small pieces"
usda-172796,Burger bun,hot dog bun|bun,bread,grain|fast_food,true,279,9.8,50.1,3.9,1.8,"[{""label"":""1 roll 1 serving"",""grams"":44},{""label"":""100 g"",""grams"":100}]",1 roll 1 serving
usda-171844,"Chapati, store-bought",roti,bread,grain,true,297,11.3,46.4,7.5,4.9,"[{""label"":""1 piece"",""grams"":68},{""label"":""100 g"",""grams"":100}]",1 piece
usda-167944,Cheese bread,,bread,grain,true,408,10.4,44.8,20.8,2.1,"[{""label"":""1 slice"",""grams"":48},{""label"":""100 g"",""grams"":100}]",1 slice
usda-171849,Cinnamon bread,,bread,grain,true,253,7.1,44.4,5.3,3.5,"[{""label"":""1 slice 1 serving"",""grams"":28},{""label"":""100 g"",""grams"":100}]",1 slice 1 serving
usda-167940,"Cinnamon buns, frosted",,bread,grain,true,452,4.5,48.6,26.6,1.2,"[{""label"":""1 bun"",""grams"":65},{""label"":""100 g"",""grams"":100}]",1 bun
usda-172664,Cinnamon-raisin bagel,,bread,grain,true,274,9.8,55.2,1.7,2.3,"[{""label"":""1 mini bagel (2-1/2\"" dia)"",""grams"":26},{""label"":""1 small bagel (3\"" dia)"",""grams"":69},{""label"":""1 medium bagel (3-1/2\"" to 4\"" dia)"",""grams"":105},{""label"":""1 large bagel (4-1/2\"" dia)"",""grams"":131},{""label"":""100 g"",""grams"":100}]","1 mini bagel (2-1/2"" dia)"
usda-175002,Corn muffin,,bread,grain,false,305,5.9,51,8.4,3.4,"[{""label"":""1 mini"",""grams"":17},{""label"":""1 small"",""grams"":66},{""label"":""1 medium"",""grams"":113},{""label"":""1 large"",""grams"":139},{""label"":""1 extra large"",""grams"":168},{""label"":""100 g"",""grams"":100}]",1 medium
usda-172750,"Cracker, meal",,bread,grain,true,383,9.3,80.9,1.7,2.6,"[{""label"":""1 cup"",""grams"":115},{""label"":""100 g"",""grams"":100}]",1 cup
usda-174988,"Croissant, apple",,bread,grain,true,254,7.4,37.1,8.7,2.5,"[{""label"":""1 croissant, medium"",""grams"":57},{""label"":""100 g"",""grams"":100}]","1 croissant, medium"
usda-174987,"Croissant, butter",,bread,grain,true,406,8.2,45.8,21,2.6,"[{""label"":""1 croissant, mini"",""grams"":28},{""label"":""1 croissant, small"",""grams"":42},{""label"":""1 croissant, medium"",""grams"":57},{""label"":""1 croissant, large"",""grams"":67},{""label"":""100 g"",""grams"":100}]","1 croissant, medium"
usda-174989,"Croissant, cheese",,bread,grain,true,414,9.2,47,20.9,2.6,"[{""label"":""1 croissant, small"",""grams"":42},{""label"":""1 croissant, medium"",""grams"":57},{""label"":""1 croissant, large"",""grams"":67},{""label"":""100 g"",""grams"":100}]","1 croissant, medium"
usda-172793,Dinner rolls,,bread,grain,true,310,10.9,52,6.5,2,"[{""label"":""1 roll (1 oz)"",""grams"":28},{""label"":""1 each"",""grams"":25},{""label"":""1 roll"",""grams"":43},{""label"":""1 roll (foot long frankfurter roll)"",""grams"":86},{""label"":""100 g"",""grams"":100}]",1 roll (1 oz)
usda-175027,"Dinner rolls, egg",,bread,grain,false,307,9.5,52,6.4,3.7,"[{""label"":""1 roll (2-1/2\"" dia)"",""grams"":35},{""label"":""100 g"",""grams"":100}]","1 roll (2-1/2"" dia)"
usda-175029,"Dinner rolls, rye",,bread,grain,true,286,10.3,53.1,3.4,4.9,"[{""label"":""1 large"",""grams"":43},{""label"":""1 medium"",""grams"":36},{""label"":""1 small (2-3/8\"" dia)"",""grams"":28},{""label"":""100 g"",""grams"":100}]",1 medium
usda-175030,"Dinner rolls, wheat",,bread,grain,true,273,8.6,46,6.3,3.8,"[{""label"":""1 roll (1 oz)"",""grams"":28},{""label"":""100 g"",""grams"":100}]",1 roll (1 oz)
usda-172794,"Dinner rolls, whole-wheat",,bread,grain|high_fibre,true,266,8.7,51.1,4.7,7.5,"[{""label"":""1 roll (1 oz)"",""grams"":28},{""label"":""1 roll (hamburger, frankfurter roll)"",""grams"":43},{""label"":""1 roll, large submarine, hoagie"",""grams"":135},{""label"":""1 medium (2-1/2\"" dia)"",""grams"":36},{""label"":""1 roll medium submarine, hoagie"",""grams"":94},{""label"":""100 g"",""grams"":100}]",1 roll (1 oz)
usda-174901,Egg bagel,,bread,grain,false,278,10.6,53,2.1,2.3,"[{""label"":""1 mini bagel (2-1/2\"" dia)"",""grams"":26},{""label"":""1 small bagel (3\"" dia)"",""grams"":69},{""label"":""1 medium bagel (3-1/2\"" to 4\"" dia)"",""grams"":105},{""label"":""1 large bagel (4-1/2\"" dia)"",""grams"":131},{""label"":""100 g"",""grams"":100}]","1 mini bagel (2-1/2"" dia)"
usda-174994,English muffin,,bread,grain,false,227,8.9,44.2,1.7,3.5,"[{""label"":""1 muffin"",""grams"":57},{""label"":""100 g"",""grams"":100}]",1 muffin
usda-167945,"Focaccia, Italian flatbread",,bread,grain,true,249,8.8,35.8,7.9,1.8,"[{""label"":""1 piece"",""grams"":57},{""label"":""100 g"",""grams"":100}]",1 piece
usda-172675,French or vienna bread,,bread,grain,true,272,10.8,51.9,2.4,2.2,"[{""label"":""1 slice"",""grams"":139},{""label"":""100 g"",""grams"":100}]",1 slice
usda-174091,"French or vienna bread, whole wheat",,bread,grain,true,239,8.3,49.1,1,4.2,"[{""label"":""1 slice 1 serving"",""grams"":48},{""label"":""100 g"",""grams"":100}]",1 slice 1 serving
usda-172795,French rolls,,bread,grain,true,277,8.6,50.2,4.3,3.2,"[{""label"":""1 roll"",""grams"":38},{""label"":""100 g"",""grams"":100}]",1 roll
usda-167939,"Garlic bread, frozen",,bread,grain,true,350,8.4,41.7,16.6,2.5,"[{""label"":""1 slice presliced"",""grams"":43},{""label"":""1 slice"",""grams"":59},{""label"":""100 g"",""grams"":100}]",1 slice presliced
usda-175000,"Ice cream cones, cake or wafer-type",,bread,grain|dessert,true,417,8.1,79,6.9,3,"[{""label"":""1 cone"",""grams"":4},{""label"":""1 large waffle cone"",""grams"":29},{""label"":""100 g"",""grams"":100}]",1 large waffle cone
usda-175001,"Ice cream cones, sugar, rolled-type",,bread,grain|dessert,true,402,7.9,84.1,3.8,1.7,"[{""label"":""1 cone"",""grams"":10},{""label"":""100 g"",""grams"":100}]",1 cone
usda-172764,Muffin,,bread,grain,false,296,6.9,41.4,11.4,2.7,"[{""label"":""1 muffin"",""grams"":57},{""label"":""100 g"",""grams"":100}]",1 muffin
usda-171852,Multigrain bagel,,bread,grain|high_fibre,true,241,9.9,47.5,1.2,6.2,"[{""label"":""1 piece bagel"",""grams"":81},{""label"":""100 g"",""grams"":100}]",1 piece bagel
usda-168013,Multigrain bread,,bread,grain|high_fibre,true,265,13.4,43.3,4.2,7.4,"[{""label"":""1 slice regular"",""grams"":26},{""label"":""1 slice large"",""grams"":41},{""label"":""100 g"",""grams"":100}]",1 slice regular
usda-171845,"Naan, store-bought",naan,bread,grain,true,291,9.6,50.4,5.7,2.2,"[{""label"":""1 piece"",""grams"":90},{""label"":""100 g"",""grams"":100}]",1 piece
usda-174077,"Naan, whole wheat, store-bought",,bread,grain,true,286,10.2,46.2,6.7,4.8,"[{""label"":""1 piece"",""grams"":106},{""label"":""100 g"",""grams"":100}]",1 piece
usda-172678,Oatmeal bread,,bread,grain,true,269,8.4,48.5,4.4,4,"[{""label"":""1 slice"",""grams"":27},{""label"":""100 g"",""grams"":100}]",1 slice
usda-174915,Pita bread,,bread,grain,true,275,9.1,55.7,1.2,2.2,"[{""label"":""1 pita, large (6-1/2\"" dia)"",""grams"":60},{""label"":""1 pita, small  (4\"" dia)"",""grams"":28},{""label"":""100 g"",""grams"":100}]","1 pita, large (6-1/2"" dia)"
usda-174916,"Pita bread, whole-wheat",,bread,grain|high_fibre,true,262,9.8,55.9,1.7,6.1,"[{""label"":""1 pita, large (6-1/2\"" dia)"",""grams"":64},{""label"":""1 pita, small  (4\"" dia)"",""grams"":28},{""label"":""100 g"",""grams"":100}]","1 pita, large (6-1/2"" dia)"
usda-167943,Potato bread,,bread,grain|high_fibre,true,266,12.5,47.1,3.1,6.3,"[{""label"":""1 slice"",""grams"":32},{""label"":""100 g"",""grams"":100}]",1 slice
usda-174918,Pumpernickel bread,,bread,grain|high_fibre,true,250,8.7,47.5,3.1,6.5,"[{""label"":""1 slice, regular"",""grams"":26},{""label"":""1 slice, snack-size"",""grams"":7},{""label"":""1 slice, thin"",""grams"":20},{""label"":""1 slice (5\"" x 4\"" x 3/8\"")"",""grams"":32},{""label"":""100 g"",""grams"":100}]","1 slice, regular"
usda-168126,Pumpernickel rolls,,bread,grain,true,276,10.8,51.9,2.8,5.4,"[{""label"":""1 medium (2-1/2\"" dia)"",""grams"":36},{""label"":""1 roll"",""grams"":28},{""label"":""100 g"",""grams"":100}]",1 roll
usda-172680,Raisin bread,,bread,grain,true,274,7.9,52.3,4.4,4.3,"[{""label"":""1 slice, large"",""grams"":32},{""label"":""1 slice"",""grams"":26},{""label"":""1 slice, thin"",""grams"":23},{""label"":""100 g"",""grams"":100}]","1 slice, large"
usda-174089,"Rolls, hamburger or hot dog, wheat/cracked wheat",,bread,grain|fast_food,true,269,11.7,47.3,3.6,4.2,"[{""label"":""1 roll"",""grams"":51},{""label"":""100 g"",""grams"":100}]",1 roll
usda-174090,"Rolls, hamburger or hot dog, whole wheat",,bread,grain|fast_food|high_fibre,true,269,12.4,44.9,4.4,6.1,"[{""label"":""1 roll"",""grams"":56},{""label"":""100 g"",""grams"":100}]",1 roll
usda-172684,Rye bread,,bread,grain,true,259,8.5,48.3,3.3,5.8,"[{""label"":""1 slice, regular"",""grams"":32},{""label"":""1 slice, snack-size"",""grams"":7},{""label"":""1 slice, thin"",""grams"":25},{""label"":""100 g"",""grams"":100}]","1 slice, regular"
usda-175032,"Strudel, apple",,bread,grain,true,274,3.3,41.1,11.2,2.2,"[{""label"":""1 piece"",""grams"":71},{""label"":""100 g"",""grams"":100}]",1 piece
usda-175036,"Tortilla, corn",,bread,grain|high_fibre,true,218,5.7,44.6,2.9,6.3,"[{""label"":""1 enchilada"",""grams"":19},{""label"":""1 tortilla"",""grams"":24},{""label"":""100 g"",""grams"":100}]",1 tortilla
usda-173242,"Tortilla, flour",,bread,grain,true,325,8.7,55.6,7.1,3.3,"[{""label"":""1 tortilla, medium"",""grams"":32},{""label"":""1 tortilla"",""grams"":72},{""label"":""100 g"",""grams"":100}]","1 tortilla, medium"
usda-175037,"Tortilla, flour, refrigerated",,bread,grain,true,306,8.2,49.4,8,3.5,"[{""label"":""1 tortilla"",""grams"":48},{""label"":""1 tortilla medium"",""grams"":30},{""label"":""1 package"",""grams"":407},{""label"":""100 g"",""grams"":100}]",1 tortilla
usda-174081,"Tortilla, whole wheat",,bread,grain|high_fibre,true,310,9.8,45.9,9.8,9.8,"[{""label"":""1 tortilla 1 serving"",""grams"":41},{""label"":""100 g"",""grams"":100}]",1 tortilla 1 serving
usda-167525,"Tostada shells, corn",,bread,grain,true,474,6.2,64.4,23.4,5.8,"[{""label"":""1 piece"",""grams"":12.3},{""label"":""3 pieces"",""grams"":37},{""label"":""100 g"",""grams"":100}]",1 piece
usda-167533,Wheat bagel,,bread,grain,true,250,10.2,48.9,1.5,4.1,"[{""label"":""1 bagel"",""grams"":98},{""label"":""100 g"",""grams"":100}]",1 bagel
usda-172686,Wheat bread,,bread,grain,true,274,10.7,47.5,4.5,4,"[{""label"":""1 slice"",""grams"":29},{""label"":""100 g"",""grams"":100}]",1 slice
usda-171850,"Wheat bread, sprouted",,bread,grain,true,188,13.2,33.9,0,5.3,"[{""label"":""1 slice 1 serving"",""grams"":38},{""label"":""100 g"",""grams"":100}]",1 slice 1 serving
usda-174924,White bread,bread|sandwich bread|double roti,bread,grain,true,266,8.9,49.4,3.3,2.7,"[{""label"":""1 slice"",""grams"":29},{""label"":""1 cup, crumbs"",""grams"":45},{""label"":""1 cup, cubes"",""grams"":35},{""label"":""1 slice, large"",""grams"":30},{""label"":""1 slice crust not eaten"",""grams"":12},{""label"":""100 g"",""grams"":100}]",1 slice
usda-172688,Whole wheat bread,brown bread|atta bread,bread,grain|high_fibre,true,252,12.5,42.7,3.5,6,"[{""label"":""1 slice"",""grams"":32},{""label"":""100 g"",""grams"":100}]",1 slice
usda-171655,"Corn grits, white, regular and quick",,breakfast,grain,true,71,1.7,14.8,0.5,0.8,"[{""label"":""1 cup"",""grams"":257},{""label"":""1 tbsp"",""grams"":16},{""label"":""100 g"",""grams"":100}]",1 cup
usda-174998,French toast,,breakfast,grain,false,229,7.7,25,10.8,0,"[{""label"":""1 slice"",""grams"":65},{""label"":""100 g"",""grams"":100}]",1 slice
usda-171646,Granola,muesli (granola style),breakfast,grain|high_fibre,true,489,13.7,53.9,24.3,8.9,"[{""label"":""1 cup"",""grams"":122},{""label"":""100 g"",""grams"":100}]",1 cup
usda-171662,"Instant oatmeal, cooked with water",,breakfast,grain,true,68,2.4,11.7,1.4,1.7,"[{""label"":""1 cup, cooked"",""grams"":234},{""label"":""1 cup, dry, yields"",""grams"":501},{""label"":""1 packet, dry, yields"",""grams"":177},{""label"":""100 g"",""grams"":100}]","1 cup, cooked"
usda-171661,"Instant oats, dry",,breakfast,grain|high_fibre,true,362,11.9,69.5,6.9,10,"[{""label"":""1 packet"",""grams"":28},{""label"":""100 g"",""grams"":100}]",1 packet
usda-167724,"Millet, puffed",,breakfast,grain,true,354,13,80,3.4,2.7,"[{""label"":""1 cup"",""grams"":21},{""label"":""100 g"",""grams"":100}]",1 cup
usda-173905,"Oatmeal, cooked with water",porridge|oats porridge,breakfast,grain,true,71,2.5,12,1.5,1.7,"[{""label"":""1 cup"",""grams"":234},{""label"":""1 tbsp"",""grams"":14.6},{""label"":""3/4 cup"",""grams"":175},{""label"":""100 g"",""grams"":100}]",1 cup
usda-173904,"Oats, rolled, dry",oats|porridge oats,breakfast,grain|high_fibre,true,379,13.2,67.7,6.5,10.1,"[{""label"":""1 cup"",""grams"":81},{""label"":""1/3 cup"",""grams"":27},{""label"":""100 g"",""grams"":100}]",1 cup
usda-175009,Pancake,pancakes,breakfast,grain,false,227,6.4,28.3,9.7,0,"[{""label"":""1 pancake (4\"" dia)"",""grams"":38},{""label"":""1 pancake (6\"" dia)"",""grams"":77},{""label"":""100 g"",""grams"":100}]","1 pancake (4"" dia)"
usda-175047,"Pancake, buttermilk",,breakfast,grain,false,227,6.8,28.7,9.3,0,"[{""label"":""1 pancake (4\"" dia)"",""grams"":38},{""label"":""1 pancake (6\"" dia)"",""grams"":77},{""label"":""100 g"",""grams"":100}]","1 pancake (4"" dia)"
usda-172771,"Pancakes plain, frozen, ready-to-heat",,breakfast,grain,false,233,5.2,37.8,6.8,1,"[{""label"":""1 pancake"",""grams"":41},{""label"":""1 pancake (6\"" dia)"",""grams"":73},{""label"":""1 mini pancake"",""grams"":10.1},{""label"":""100 g"",""grams"":100}]",1 pancake
usda-173912,Puffed rice cereal,puffed rice,breakfast,grain,true,402,6.3,89.8,0.5,1.7,"[{""label"":""1 cup"",""grams"":14},{""label"":""100 g"",""grams"":100}]",1 cup
usda-167524,"Waffle, chocolate chip, frozen, ready-to-heat",,breakfast,grain,false,297,5.8,45.7,10.1,1.5,"[{""label"":""2 waffles"",""grams"":70},{""label"":""100 g"",""grams"":100}]",2 waffles
usda-175038,"Waffle, frozen, ready-to-heat",,breakfast,grain,false,285,6.5,43,9.7,2.2,"[{""label"":""1 waffle, square (4\"" square)"",""grams"":35},{""label"":""100 g"",""grams"":100}]","1 waffle, square (4"" square)"
usda-173896,"Wheat germ, toasted",,breakfast,grain|high_protein|high_fibre,true,382,29.1,49.6,10.7,15.1,"[{""label"":""1 cup"",""grams"":113},{""label"":""100 g"",""grams"":100}]",1 cup
usda-171668,Whole wheat hot natural cereal,,breakfast,grain,true,62,2,13.7,0.4,1.6,"[{""label"":""1 cup"",""grams"":242},{""label"":""3/4 cup"",""grams"":182},{""label"":""100 g"",""grams"":100}]",1 cup
usda-171316,Anise seeds,aniseed|vilayati saunf,condiment,high_fibre,true,337,17.6,50,15.9,14.6,"[{""label"":""1 tsp, whole"",""grams"":2.1},{""label"":""1 tbsp, whole"",""grams"":6.7},{""label"":""100 g"",""grams"":100}]","1 tbsp, whole"
usda-174523,Barbecue sauce,bbq sauce,condiment,,true,172,0.8,40.8,0.6,0.9,"[{""label"":""1 tbsp"",""grams"":17},{""label"":""1/2 cup"",""grams"":143},{""label"":""1 cup"",""grams"":279},{""label"":""100 g"",""grams"":100}]",1 tbsp
usda-172232,Basil,,condiment,high_protein,true,23,3.2,2.7,0.6,1.6,"[{""label"":""5 leaves"",""grams"":2.5},{""label"":""2 tbsp, chopped"",""grams"":5.3},{""label"":""1/4 cup leaves, whole"",""grams"":6},{""label"":""100 g"",""grams"":100}]","2 tbsp, chopped"
usda-170917,Bay leaf,tej patta,condiment,high_fibre,true,313,7.6,75,8.4,26.3,"[{""label"":""1 tsp, crumbled"",""grams"":0.6},{""label"":""1 tbsp, crumbled"",""grams"":1.8},{""label"":""100 g"",""grams"":100}]","1 tbsp, crumbled"
usda-171564,"Beef gravy, canned",,condiment,,false,53,3.8,4.8,2.4,0.4,"[{""label"":""1 cup"",""grams"":233},{""label"":""1 can"",""grams"":291},{""label"":""100 g"",""grams"":100}]",1 cup
usda-170931,Black pepper,kali mirch,condiment,high_fibre,true,251,10.4,64,3.3,25.3,"[{""label"":""1 tsp, ground"",""grams"":2.3},{""label"":""1 tbsp, ground"",""grams"":6.9},{""label"":""1 tsp, whole"",""grams"":2.9},{""label"":""1 dash"",""grams"":0.1},{""label"":""100 g"",""grams"":100}]","1 tbsp, ground"
usda-169055,Caesar dressing,,condiment,,false,542,2.2,3.3,57.9,0.5,"[{""label"":""1 tbsp"",""grams"":14.7},{""label"":""1 cup"",""grams"":235},{""label"":""1 serving (2 tbsp)"",""grams"":30},{""label"":""100 g"",""grams"":100}]",1 tbsp
usda-172238,Capers,,condiment,high_protein,true,23,2.4,4.9,0.9,3.2,"[{""label"":""1 tbsp, drained"",""grams"":8.6},{""label"":""100 g"",""grams"":100}]","1 tbsp, drained"
usda-170918,Caraway seeds,shahi jeera|kala jeera,condiment,high_fibre,true,333,19.8,49.9,14.6,38,"[{""label"":""1 tsp"",""grams"":2.1},{""label"":""1 tbsp"",""grams"":6.7},{""label"":""100 g"",""grams"":100}]",1 tbsp
usda-170919,Cardamom,elaichi,condiment,high_fibre,true,311,10.8,68.5,6.7,28,"[{""label"":""1 tsp, ground"",""grams"":2},{""label"":""1 tbsp, ground"",""grams"":5.8},{""label"":""100 g"",""grams"":100}]","1 tbsp, ground"
usda-170920,Celery seeds,ajmud,condiment,high_fibre,true,392,18.1,41.4,25.3,11.8,"[{""label"":""1 tsp"",""grams"":2},{""label"":""1 tbsp"",""grams"":6.5},{""label"":""100 g"",""grams"":100}]",1 tbsp
usda-171191,Cheese sauce,,condiment,,true,174,6.7,6.8,13.3,0.5,"[{""label"":""1/4 cup"",""grams"":63},{""label"":""100 g"",""grams"":100}]",1/4 cup
usda-171566,Chicken gravy,,condiment,,false,48,0.7,5.3,2.6,0.1,"[{""label"":""1/4 cup"",""grams"":57},{""label"":""1 cup"",""grams"":228},{""label"":""1 jar 10.5 oz"",""grams"":273},{""label"":""1 jar 12 oz"",""grams"":324},{""label"":""100 g"",""grams"":100}]",1/4 cup
usda-171319,Chili powder (blend),,condiment,high_fibre,true,282,13.5,49.7,14.3,34.8,"[{""label"":""1 tsp"",""grams"":2.7},{""label"":""1 tbsp"",""grams"":8},{""label"":""100 g"",""grams"":100}]",1 tbsp
usda-171320,"Cinnamon, ground",dalchini,condiment,high_fibre,true,247,4,80.6,1.2,53.1,"[{""label"":""1 tsp"",""grams"":2.6},{""label"":""1 tbsp"",""grams"":7.8},{""label"":""100 g"",""grams"":100}]",1 tbsp
usda-174067,Cocktail sauce,,condiment,,true,128,1.4,28.2,1.1,1.8,"[{""label"":""1/4 cup"",""grams"":60},{""label"":""100 g"",""grams"":100}]",1/4 cup
usda-170921,Coriander leaf,,condiment,high_protein|high_fibre,true,279,21.9,52.1,4.8,10.4,"[{""label"":""1 tsp"",""grams"":0.6},{""label"":""1 tbsp"",""grams"":1.8},{""label"":""100 g"",""grams"":100}]",1 tbsp
usda-170922,Coriander seed,,condiment,high_fibre,true,298,12.4,55,17.8,41.9,"[{""label"":""1 tsp"",""grams"":1.8},{""label"":""1 tbsp"",""grams"":5},{""label"":""100 g"",""grams"":100}]",1 tbsp
usda-168558,"Cucumber pickles, dill or kosher dill",,condiment,,true,12,0.5,2.4,0.3,1,"[{""label"":""1 spear, small"",""grams"":35},{""label"":""1 slice"",""grams"":7},{""label"":""1 large (4\"" long)"",""grams"":135},{""label"":""1 cup, chopped or diced"",""grams"":143},{""label"":""1 cup (about 23 slices)"",""grams"":155},{""label"":""100 g"",""grams"":100}]","1 spear, small"
usda-169379,"Cucumber pickles, sour",,condiment,,true,11,0.3,2.3,0.2,1.2,"[{""label"":""1 cup"",""grams"":155},{""label"":""1 large (4\"" long)"",""grams"":135},{""label"":""1 medium (3-3/4\"" long)"",""grams"":65},{""label"":""1 slice"",""grams"":7},{""label"":""1 small"",""grams"":37},{""label"":""100 g"",""grams"":100}]",1 cup
usda-169378,"Cucumber pickles, sweet",,condiment,,true,91,0.6,21.2,0.4,1,"[{""label"":""1 cup, chopped"",""grams"":160},{""label"":""1 cup sliced or chips"",""grams"":153},{""label"":""1 chip"",""grams"":7.5},{""label"":""100 g"",""grams"":100}]","1 cup, chopped"
usda-170923,Cumin seeds,jeera,condiment,high_fibre,true,375,17.8,44.2,22.3,10.5,"[{""label"":""1 tsp, whole"",""grams"":2.1},{""label"":""1 tbsp, whole"",""grams"":6},{""label"":""100 g"",""grams"":100}]","1 tbsp, whole"
usda-170924,Curry powder,,condiment,high_fibre,true,325,14.3,55.8,14,53.2,"[{""label"":""1 tsp"",""grams"":2},{""label"":""1 tbsp"",""grams"":6.3},{""label"":""100 g"",""grams"":100}]",1 tbsp
usda-172233,Dill leaves,suva bhaji|shepu,condiment,high_protein,true,43,3.5,7,1.1,2.1,"[{""label"":""5 sprigs"",""grams"":1},{""label"":""1 cup sprigs"",""grams"":8.9},{""label"":""100 g"",""grams"":100}]",5 sprigs
usda-171823,Duck sauce,,condiment,,false,245,0.4,60.7,0.1,0.6,"[{""label"":""100 g"",""grams"":100}]",100 g
usda-174074,"Enchilada sauce, red, mild",,condiment,,true,30,0.6,4.9,0.9,0.5,"[{""label"":""1/4 cup"",""grams"":56},{""label"":""1 cup"",""grams"":224},{""label"":""1 can"",""grams"":283},{""label"":""100 g"",""grams"":100}]",1/4 cup
usda-171323,Fennel seeds,saunf,condiment,high_fibre,true,345,15.8,52.3,14.9,39.8,"[{""label"":""1 tsp, whole"",""grams"":2},{""label"":""1 tbsp, whole"",""grams"":5.8},{""label"":""100 g"",""grams"":100}]","1 tbsp, whole"
usda-171324,Fenugreek seeds,methi dana,condiment,high_protein|high_fibre,true,323,23,58.4,6.4,24.6,"[{""label"":""1 tsp"",""grams"":3.7},{""label"":""1 tbsp"",""grams"":11.1},{""label"":""100 g"",""grams"":100}]",1 tbsp
usda-174531,Fish sauce,,condiment,high_protein,false,35,5.1,3.6,0,0,"[{""label"":""1 tbsp"",""grams"":18},{""label"":""100 g"",""grams"":100}]",1 tbsp
usda-171414,French dressing,,condiment,,true,419,0.9,18.8,39.1,2.4,"[{""label"":""1 cup"",""grams"":250},{""label"":""1 tbsp"",""grams"":16},{""label"":""1 individual packet"",""grams"":12.3},{""label"":""100 g"",""grams"":100}]",1 tbsp
usda-171325,Garlic powder,,condiment,high_fibre,true,331,16.6,72.7,0.7,9,"[{""label"":""1 tsp"",""grams"":3.1},{""label"":""1 tbsp"",""grams"":9.7},{""label"":""100 g"",""grams"":100}]",1 tbsp
usda-170926,Ginger powder,sonth|saunth,condiment,high_fibre,true,335,9,71.6,4.2,14.1,"[{""label"":""1 tsp"",""grams"":1.8},{""label"":""1 tbsp"",""grams"":5.2},{""label"":""100 g"",""grams"":100}]",1 tbsp
usda-171043,Honey mustard dressing,,condiment,,true,464,0.9,23.3,40.8,0.4,"[{""label"":""2 tbsp"",""grams"":30},{""label"":""100 g"",""grams"":100}]",2 tbsp
usda-173472,Horseradish,,condiment,,true,48,1.2,11.3,0.7,3.3,"[{""label"":""1 tsp"",""grams"":5},{""label"":""1 tbsp"",""grams"":15},{""label"":""100 g"",""grams"":100}]",1 tbsp
usda-171833,Horseradish sauce,,condiment,,true,503,1.1,10.1,50.9,1,"[{""label"":""1 tsp"",""grams"":5.6},{""label"":""100 g"",""grams"":100}]",1 tsp
usda-174527,Hot sauce,chilli sauce,condiment,,true,11,0.5,1.8,0.4,0.3,"[{""label"":""1 tsp"",""grams"":4.7},{""label"":""1/4 tsp"",""grams"":1.2},{""label"":""100 g"",""grams"":100}]",1 tsp
usda-171019,Italian dressing,,condiment,,true,240,0.4,12.1,21.1,0,"[{""label"":""1 tbsp"",""grams"":14.7},{""label"":""1 cup"",""grams"":235},{""label"":""100 g"",""grams"":100}]",1 tbsp
usda-170927,Mace,javitri,condiment,high_fibre,true,475,6.7,50.5,32.4,20.2,"[{""label"":""1 tsp"",""grams"":1.7},{""label"":""1 tbsp"",""grams"":5.3},{""label"":""100 g"",""grams"":100}]",1 tbsp
usda-170928,Marjoram,,condiment,high_fibre,true,271,12.7,60.6,7,40.3,"[{""label"":""1 tsp"",""grams"":0.6},{""label"":""1 tbsp"",""grams"":1.7},{""label"":""100 g"",""grams"":100}]",1 tbsp
usda-171009,Mayonnaise,mayo,condiment,,false,680,1,0.6,74.9,0,"[{""label"":""1 tbsp"",""grams"":13.8},{""label"":""1 cup"",""grams"":220},{""label"":""1 packet"",""grams"":10},{""label"":""100 g"",""grams"":100}]",1 tbsp
usda-173475,Mint leaves,pudina|spearmint,condiment,high_fibre,true,44,3.3,8.4,0.7,6.8,"[{""label"":""2 leaves"",""grams"":0.3},{""label"":""2 tbsp"",""grams"":11.4},{""label"":""100 g"",""grams"":100}]",2 tbsp
usda-172239,"Mint, dried",dried pudina,condiment,high_fibre,true,285,19.9,52,6,29.8,"[{""label"":""1 tsp"",""grams"":0.5},{""label"":""1 tbsp"",""grams"":1.6},{""label"":""100 g"",""grams"":100}]",1 tbsp
usda-172442,Miso,,condiment,,true,198,12.8,25.4,6,5.4,"[{""label"":""1 tbsp"",""grams"":17},{""label"":""1 cup"",""grams"":275},{""label"":""100 g"",""grams"":100}]",1 tbsp
usda-171170,"Mushroom gravy, canned",,condiment,,false,50,1.3,5.5,2.7,0.4,"[{""label"":""1 cup"",""grams"":238},{""label"":""1 can"",""grams"":298},{""label"":""100 g"",""grams"":100}]",1 cup
usda-170929,Mustard seeds,rai|sarson,condiment,high_protein|high_fibre,true,508,26.1,28.1,36.2,12.2,"[{""label"":""1 tsp"",""grams"":2},{""label"":""1 tbsp"",""grams"":6.3},{""label"":""100 g"",""grams"":100}]",1 tbsp
usda-172234,"Mustard, yellow",,condiment,,true,60,3.7,5.8,3.3,4,"[{""label"":""1 tsp or 1 packet"",""grams"":5},{""label"":""1 cup"",""grams"":249},{""label"":""100 g"",""grams"":100}]",1 tsp or 1 packet
usda-171326,Nutmeg,jaiphal,condiment,high_fibre,true,525,5.8,49.3,36.3,20.8,"[{""label"":""1 tsp"",""grams"":2.2},{""label"":""1 tbsp"",""grams"":7},{""label"":""100 g"",""grams"":100}]",1 tbsp
usda-171327,Onion powder,,condiment,high_fibre,true,341,10.4,79.1,1,15.2,"[{""label"":""1 tsp"",""grams"":2.4},{""label"":""1 tbsp"",""grams"":6.9},{""label"":""100 g"",""grams"":100}]",1 tbsp
usda-171328,Oregano,,condiment,high_fibre,true,265,9,68.9,4.3,42.5,"[{""label"":""1 tsp, leaves"",""grams"":1},{""label"":""1 tsp, ground"",""grams"":1.8},{""label"":""100 g"",""grams"":100}]","1 tsp, leaves"
usda-174529,Oyster sauce,,condiment,,false,51,1.4,10.9,0.3,0.3,"[{""label"":""1 tbsp"",""grams"":18},{""label"":""100 g"",""grams"":100}]",1 tbsp
usda-171329,Paprika,,condiment,high_fibre,true,282,14.1,54,12.9,34.9,"[{""label"":""1 tsp"",""grams"":2.3},{""label"":""1 tbsp"",""grams"":6.8},{""label"":""100 g"",""grams"":100}]",1 tbsp
usda-171192,Pasta sauce (marinara),marinara,condiment,,true,50,1.4,7.4,1.6,1.8,"[{""label"":""1 serving 1/2 cup"",""grams"":132},{""label"":""100 g"",""grams"":100}]",1 serving 1/2 cup
usda-171575,"Peanut sauce, made from coconut, water, sugar, peanuts",,condiment,,true,179,2,28.5,6.3,1.1,"[{""label"":""1 tbsp"",""grams"":17},{""label"":""100 g"",""grams"":100}]",1 tbsp
usda-174070,"Peanut sauce, made from peanut butter, water, soy sauce",,condiment,,true,257,6.3,22,16,1.8,"[{""label"":""1 tbsp"",""grams"":18},{""label"":""100 g"",""grams"":100}]",1 tbsp
usda-173474,"Peppermint, fresh",,condiment,high_fibre,true,70,3.8,14.9,0.9,8,"[{""label"":""2 leaves"",""grams"":0.1},{""label"":""2 tbsp"",""grams"":3.2},{""label"":""100 g"",""grams"":100}]",2 tbsp
usda-171579,Pesto,,condiment,,true,418,9.8,10.1,37.6,1.8,"[{""label"":""1/4 cup"",""grams"":63},{""label"":""100 g"",""grams"":100}]",1/4 cup
usda-172880,"Pizza sauce, canned",,condiment,fast_food,true,54,2.2,8.7,1.2,2,"[{""label"":""1/4 cup"",""grams"":63},{""label"":""100 g"",""grams"":100}]",1/4 cup
usda-172879,Plum sauce,,condiment,,true,184,0.9,42.8,1,0.7,"[{""label"":""1 tbsp"",""grams"":19},{""label"":""1 cup"",""grams"":305},{""label"":""100 g"",""grams"":100}]",1 tbsp
usda-171330,Poppy seeds,khus khus|khuskhus,condiment,high_fibre,true,525,18,28.1,41.6,19.5,"[{""label"":""1 tsp"",""grams"":2.8},{""label"":""1 tbsp"",""grams"":8.8},{""label"":""100 g"",""grams"":100}]",1 tbsp
usda-171044,"Poppyseed dressing, creamy",,condiment,,true,399,0.9,23.7,33.3,0.3,"[{""label"":""2 tbsp"",""grams"":33},{""label"":""100 g"",""grams"":100}]",2 tbsp
usda-173592,Ranch dressing,,condiment,,true,430,1.3,5.9,44.5,0,"[{""label"":""1 tbsp"",""grams"":15},{""label"":""1 serving"",""grams"":30},{""label"":""100 g"",""grams"":100}]",1 tbsp
usda-171333,Rosemary,,condiment,high_fibre,true,331,4.9,64.1,15.2,42.6,"[{""label"":""1 tsp"",""grams"":1.2},{""label"":""1 tbsp"",""grams"":3.3},{""label"":""100 g"",""grams"":100}]",1 tbsp
usda-173473,"Rosemary, fresh",,condiment,high_fibre,true,131,3.3,20.7,5.9,14.1,"[{""label"":""1 tsp"",""grams"":0.7},{""label"":""1 tbsp"",""grams"":1.7},{""label"":""100 g"",""grams"":100}]",1 tbsp
usda-170934,Saffron,kesar,condiment,,true,310,11.4,65.4,5.9,3.9,"[{""label"":""1 tsp"",""grams"":0.7},{""label"":""1 tbsp"",""grams"":2.1},{""label"":""100 g"",""grams"":100}]",1 tbsp
usda-170935,Sage,,condiment,high_fibre,true,315,10.6,60.7,12.8,40.3,"[{""label"":""1 tsp"",""grams"":0.7},{""label"":""1 tbsp"",""grams"":2},{""label"":""100 g"",""grams"":100}]",1 tbsp
usda-173562,"Salad dressing, blue or roquefort cheese dressing",,condiment,,true,484,1.4,4.8,51.1,0.4,"[{""label"":""1 tbsp"",""grams"":15},{""label"":""1 cup"",""grams"":245},{""label"":""100 g"",""grams"":100}]",1 tbsp
usda-174524,Salsa,,condiment,,true,29,1.5,6.6,0.2,1.9,"[{""label"":""2 tbsp"",""grams"":36},{""label"":""1/2 cup"",""grams"":130},{""label"":""1 cup"",""grams"":259},{""label"":""100 g"",""grams"":100}]",2 tbsp
usda-171824,"Salsa sauce, verde",,condiment,,true,38,1.1,6.4,0.9,1.9,"[{""label"":""100 g"",""grams"":100}]",100 g
usda-173468,Salt,namak,condiment,,true,0,0,0,0,0,"[{""label"":""1 tsp"",""grams"":6},{""label"":""1 tbsp"",""grams"":18},{""label"":""1 cup"",""grams"":292},{""label"":""1 dash"",""grams"":0.4},{""label"":""100 g"",""grams"":100}]",1 tbsp
usda-174277,Soy sauce,soya sauce,condiment,high_protein,true,53,8.1,4.9,0.6,0.8,"[{""label"":""1 tbsp"",""grams"":16},{""label"":""1 tsp"",""grams"":5.3},{""label"":""1 cup"",""grams"":255},{""label"":""1 individual packet"",""grams"":8.9},{""label"":""100 g"",""grams"":100}]",1 tbsp
usda-174278,Soy sauce made from soy,tamari,condiment,high_protein,true,60,10.5,5.6,0.1,0.8,"[{""label"":""1 tbsp"",""grams"":18},{""label"":""1 tsp"",""grams"":6},{""label"":""100 g"",""grams"":100}]",1 tbsp
usda-171186,Sriracha,,condiment,,true,93,1.9,19.2,0.9,2.2,"[{""label"":""1 tsp"",""grams"":6.5},{""label"":""100 g"",""grams"":100}]",1 tsp
usda-171825,"Steak sauce, tomato based",,condiment,,true,95,1.3,22,0.2,1.5,"[{""label"":""100 g"",""grams"":100}]",100 g
usda-174066,Sweet and sour sauce,,condiment,,true,154,0.3,38.2,0,0.1,"[{""label"":""100 g"",""grams"":100}]",100 g
usda-171826,Tartar sauce,,condiment,,false,211,1,13.3,16.7,0.5,"[{""label"":""2 tbsps"",""grams"":30},{""label"":""100 g"",""grams"":100}]",2 tbsps
usda-171167,Teriyaki sauce,,condiment,,true,89,5.9,15.6,0,0.1,"[{""label"":""1 tbsp"",""grams"":18},{""label"":""1 cup"",""grams"":288},{""label"":""100 g"",""grams"":100}]",1 tbsp
usda-171402,Thousand island dressing,,condiment,,true,379,1.1,14.6,35.1,0.8,"[{""label"":""1 tbsp"",""grams"":16},{""label"":""1 cup"",""grams"":250},{""label"":""1 serving (2 tbsp)"",""grams"":30},{""label"":""100 g"",""grams"":100}]",1 tbsp
usda-170938,Thyme,,condiment,high_fibre,true,276,9.1,63.9,7.4,37,"[{""label"":""1 tsp, leaves"",""grams"":1},{""label"":""1 tbsp, leaves"",""grams"":2.7},{""label"":""1 tsp, ground"",""grams"":1.4},{""label"":""1 tbsp, ground"",""grams"":4.3},{""label"":""100 g"",""grams"":100}]","1 tbsp, leaves"
usda-173470,"Thyme, fresh",,condiment,high_fibre,true,101,5.6,24.5,1.7,14,"[{""label"":""1 tsp"",""grams"":0.8},{""label"":""1/2 tsp"",""grams"":0.4},{""label"":""100 g"",""grams"":100}]",1 tsp
usda-168556,Tomato ketchup,ketchup|catsup|tomato sauce,condiment,,true,101,1,27.4,0.1,0.3,"[{""label"":""1 tbsp"",""grams"":17},{""label"":""1 packet"",""grams"":9},{""label"":""1 cup"",""grams"":240},{""label"":""100 g"",""grams"":100}]",1 tbsp
usda-171568,"Turkey gravy, canned",,condiment,,false,51,2.6,5.1,2.1,0.4,"[{""label"":""1 cup"",""grams"":238},{""label"":""1 tbsp"",""grams"":14.9},{""label"":""1 tsp"",""grams"":5},{""label"":""1 can"",""grams"":298},{""label"":""100 g"",""grams"":100}]",1 tbsp
usda-172231,Turmeric powder,haldi,condiment,high_fibre,true,312,9.7,67.1,3.3,22.7,"[{""label"":""1 tsp"",""grams"":3},{""label"":""1 tbsp"",""grams"":9.4},{""label"":""100 g"",""grams"":100}]",1 tbsp
usda-171831,Wasabi,,condiment,high_fibre,true,292,2.2,46.1,10.9,6.1,"[{""label"":""1 tbsp"",""grams"":20},{""label"":""1 tsp"",""grams"":6.5},{""label"":""100 g"",""grams"":100}]",1 tbsp
usda-170933,White pepper,safed mirch,condiment,high_fibre,true,296,10.4,68.6,2.1,26.2,"[{""label"":""1 tsp, ground"",""grams"":2.4},{""label"":""1 tbsp, ground"",""grams"":7.1},{""label"":""100 g"",""grams"":100}]","1 tbsp, ground"
usda-174542,"White sauce, thin with butter",,condiment,,true,72,4,8.3,2.6,0.1,"[{""label"":""100 g"",""grams"":100}]",100 g
usda-171610,Worcestershire sauce,,condiment,,false,77,0,19.2,0,0,"[{""label"":""1 tbsp"",""grams"":17},{""label"":""1 cup"",""grams"":275},{""label"":""100 g"",""grams"":100}]",1 tbsp
usda-172175,Blue cheese,,dairy,dairy|high_protein,true,353,21.4,2.3,28.7,0,"[{""label"":""1 cubic inch"",""grams"":17},{""label"":""1 cup, crumbled, not packed"",""grams"":135},{""label"":""100 g"",""grams"":100}]",1 cubic inch
usda-173414,Cheddar cheese,,dairy,dairy|high_protein,true,403,22.9,3.4,33.3,0,"[{""label"":""1 cup, diced"",""grams"":132},{""label"":""1 cup, melted"",""grams"":244},{""label"":""1 cup, shredded"",""grams"":113},{""label"":""1 cubic inch"",""grams"":17},{""label"":""1 slice (1 oz)"",""grams"":28},{""label"":""100 g"",""grams"":100}]","1 cup, diced"
usda-170879,Chocolate milk,,dairy,dairy,true,83,3.2,10.3,3.4,0.8,"[{""label"":""1 cup"",""grams"":250},{""label"":""1 quart"",""grams"":1000},{""label"":""100 g"",""grams"":100}]",1 cup
usda-173417,"Cottage cheese, 1% low fat",,dairy,dairy|high_protein,true,72,12.4,2.7,1,0,"[{""label"":""1 cup (not packed)"",""grams"":226},{""label"":""100 g"",""grams"":100}]",1 cup (not packed)
usda-172179,"Cottage cheese, creamed",,dairy,dairy|high_protein,true,98,11.1,3.4,4.3,0,"[{""label"":""1 cup, large curd (not packed)"",""grams"":210},{""label"":""1 cup, small curd (not packed)"",""grams"":225},{""label"":""100 g"",""grams"":100}]","1 cup, large curd (not packed)"
usda-173418,Cream cheese,,dairy,dairy,true,350,6.2,5.5,34.4,0,"[{""label"":""1 tbsp"",""grams"":14.5},{""label"":""1 cup"",""grams"":232},{""label"":""1 tbsp, whipped"",""grams"":10},{""label"":""1 cubic inch"",""grams"":16},{""label"":""1 package, small (3 oz)"",""grams"":85},{""label"":""100 g"",""grams"":100}]",1 tbsp
usda-170857,"Cream, light",coffee cream|table cream,dairy,dairy,true,195,3,3.7,19.1,0,"[{""label"":""1 tbsp"",""grams"":15},{""label"":""1 cup"",""grams"":240},{""label"":""1 container, individual"",""grams"":11.1},{""label"":""100 g"",""grams"":100}]",1 tbsp
usda-170874,"Cultured buttermilk, low fat",,dairy,dairy|high_protein,true,40,3.3,4.8,1.1,0,"[{""label"":""1 cup"",""grams"":245},{""label"":""1 quart"",""grams"":980},{""label"":""100 g"",""grams"":100}]",1 cup
usda-172225,"Cultured buttermilk, whole",,dairy,dairy,true,62,3.2,4.9,3.3,0,"[{""label"":""1 cup"",""grams"":245},{""label"":""100 g"",""grams"":100}]",1 cup
usda-171258,Eggnog,,dairy,dairy,false,88,4.6,8.1,4.2,0,"[{""label"":""1 cup"",""grams"":254},{""label"":""1 quart"",""grams"":1016},{""label"":""100 g"",""grams"":100}]",1 cup
usda-172194,Evaporated milk,,dairy,dairy,true,134,6.8,10,7.6,0,"[{""label"":""1/2 cup"",""grams"":126},{""label"":""100 g"",""grams"":100}]",1/2 cup
usda-173420,Feta cheese,,dairy,dairy,true,265,14.2,3.9,21.5,0,"[{""label"":""1 cup, crumbled"",""grams"":150},{""label"":""1 cubic inch"",""grams"":17},{""label"":""1 wedge (1.33 oz)"",""grams"":38},{""label"":""100 g"",""grams"":100}]","1 cup, crumbled"
usda-173435,"Goat cheese, soft type",,dairy,dairy,false,264,18.5,0,21.1,0,"[{""label"":""1 oz"",""grams"":28.4},{""label"":""100 g"",""grams"":100}]",1 oz
usda-170905,"Greek yogurt, fruit, whole milk",,dairy,dairy,true,106,7.3,12.3,3,0,"[{""label"":""100 g"",""grams"":100}]",100 g
usda-170903,"Greek yogurt, plain, low fat",,dairy,dairy|high_protein,true,73,10,3.9,1.9,0,"[{""label"":""1 container (7 oz)"",""grams"":200},{""label"":""100 g"",""grams"":100}]",1 container (7 oz)
usda-170894,"Greek yogurt, plain, nonfat",,dairy,dairy|high_protein,true,59,10.2,3.6,0.4,0,"[{""label"":""1 container"",""grams"":170},{""label"":""100 g"",""grams"":100}]",1 container
usda-171304,"Greek yogurt, plain, whole milk",hung curd,dairy,dairy|high_protein,true,97,9,4,5,0,"[{""label"":""100 g"",""grams"":100}]",100 g
usda-171255,Half and half cream,,dairy,dairy,true,131,3.1,4.3,11.5,0,"[{""label"":""1 tbsp"",""grams"":15},{""label"":""1 cup"",""grams"":242},{""label"":""1 container, individual (.5 fl oz)"",""grams"":15},{""label"":""100 g"",""grams"":100}]",1 tbsp
usda-170859,Heavy whipping cream,fresh cream|malai,dairy,dairy,true,340,2.8,2.8,36.1,0,"[{""label"":""1 cup, whipped"",""grams"":120},{""label"":""1 cup, fluid"",""grams"":238},{""label"":""1 tbsp"",""grams"":15},{""label"":""100 g"",""grams"":100}]","1 cup, whipped"
usda-171277,"Hot cocoa, made with milk",,dairy,dairy,true,77,3.5,10.7,2.3,1,"[{""label"":""1 cup"",""grams"":250},{""label"":""100 g"",""grams"":100}]",1 cup
usda-172226,Ice cream sandwich,,dairy,dairy|dessert,true,237,4.3,37.1,8.6,0,"[{""label"":""1 serving"",""grams"":70},{""label"":""100 g"",""grams"":100}]",1 serving
usda-173465,"Ice cream, soft serve, chocolate",,dairy,dairy|dessert,true,222,4.1,22.2,13,0.7,"[{""label"":""1/2 cup"",""grams"":86},{""label"":""100 g"",""grams"":100}]",1/2 cup
usda-170858,Light whipping cream,,dairy,dairy,true,292,2.2,3,30.9,0,"[{""label"":""1 cup, whipped"",""grams"":120},{""label"":""1 cup, fluid"",""grams"":239},{""label"":""1 tbsp"",""grams"":15},{""label"":""100 g"",""grams"":100}]","1 cup, whipped"
usda-170872,"Milk, 1% low fat",double toned milk,dairy,dairy|high_protein,true,42,3.4,5,1,0,"[{""label"":""1 cup"",""grams"":244},{""label"":""1 quart"",""grams"":976},{""label"":""100 g"",""grams"":100}]",1 cup
usda-171267,"Milk, 2% reduced fat",toned milk,dairy,dairy,true,50,3.3,4.8,2,0,"[{""label"":""1 cup"",""grams"":244},{""label"":""1 quart"",""grams"":976},{""label"":""100 g"",""grams"":100}]",1 cup
usda-171269,"Milk, skim",skimmed milk|fat free milk,dairy,dairy|high_protein,true,34,3.4,5,0.1,0,"[{""label"":""1 cup"",""grams"":245},{""label"":""1 quart"",""grams"":980},{""label"":""100 g"",""grams"":100}]",1 cup
usda-171265,"Milk, whole (3.25%)",full cream milk|doodh,dairy,dairy,true,61,3.2,4.8,3.3,0,"[{""label"":""1 cup"",""grams"":244},{""label"":""1 tbsp"",""grams"":15},{""label"":""1 quart"",""grams"":976},{""label"":""100 g"",""grams"":100}]",1 cup
usda-170844,Monterey cheese,,dairy,dairy|high_protein,true,373,24.5,0.7,30.3,0,"[{""label"":""1 cup, diced"",""grams"":132},{""label"":""1 cup, shredded"",""grams"":113},{""label"":""1 cubic inch"",""grams"":17},{""label"":""1 slice (1 oz)"",""grams"":28},{""label"":""1 package (6 oz)"",""grams"":170},{""label"":""100 g"",""grams"":100}]","1 cup, diced"
usda-170847,"Mozzarella cheese, part skim",,dairy,dairy|high_protein,true,254,24.3,2.8,15.9,0,"[{""label"":""1 oz"",""grams"":28.4},{""label"":""100 g"",""grams"":100}]",1 oz
usda-170845,"Mozzarella cheese, whole milk",,dairy,dairy|high_protein,true,299,22.2,2.4,22.1,0,"[{""label"":""1 cup, shredded"",""grams"":112},{""label"":""6 slices"",""grams"":170},{""label"":""100 g"",""grams"":100}]","1 cup, shredded"
usda-170846,"Mozzarella cheese, whole milk, low moisture",,dairy,dairy|high_protein,true,318,21.6,2.5,24.6,0,"[{""label"":""1 cubic inch"",""grams"":18},{""label"":""100 g"",""grams"":100}]",1 cubic inch
usda-171247,"Parmesan cheese, grated",,dairy,dairy|high_protein,true,420,28.4,13.9,27.8,0,"[{""label"":""1 cup"",""grams"":100},{""label"":""1 tbsp"",""grams"":5},{""label"":""100 g"",""grams"":100}]",1 cup
usda-170848,"Parmesan cheese, hard",,dairy,dairy|high_protein,true,392,35.8,3.2,25,0,"[{""label"":""1 cubic inch"",""grams"":10.3},{""label"":""5 package (5 oz)"",""grams"":142},{""label"":""100 g"",""grams"":100}]",1 cubic inch
usda-170850,Provolone cheese,,dairy,dairy|high_protein,true,351,25.6,2.1,26.6,0,"[{""label"":""1 cup, diced"",""grams"":132},{""label"":""1 cubic inch"",""grams"":17},{""label"":""1 slice (1 oz)"",""grams"":28},{""label"":""1 package (6 oz)"",""grams"":170},{""label"":""100 g"",""grams"":100}]","1 cup, diced"
usda-172223,Queso fresco cheese,,dairy,dairy,true,299,18.1,3,23.8,0,"[{""label"":""1 cup, crumbled"",""grams"":122},{""label"":""100 g"",""grams"":100}]","1 cup, crumbled"
usda-170851,"Ricotta cheese, whole milk",,dairy,dairy,true,150,7.5,7.3,10.2,0,"[{""label"":""1/2 cup"",""grams"":124},{""label"":""1 cup"",""grams"":246},{""label"":""100 g"",""grams"":100}]",1/2 cup
usda-171257,Sour cream,,dairy,dairy,true,198,2.4,4.6,19.4,0,"[{""label"":""1 tbsp"",""grams"":12},{""label"":""1 cup"",""grams"":230},{""label"":""100 g"",""grams"":100}]",1 tbsp
usda-171275,Sweetened condensed milk,condensed milk|milkmaid,dairy,dairy,true,321,7.9,54.4,8.7,0,"[{""label"":""1 cup"",""grams"":306},{""label"":""100 g"",""grams"":100}]",1 cup
usda-171251,Swiss cheese,,dairy,dairy|high_protein,true,393,27,1.4,31,0,"[{""label"":""1 cup, diced"",""grams"":132},{""label"":""1 cup, melted"",""grams"":244},{""label"":""1 cup, shredded"",""grams"":108},{""label"":""1 cubic inch"",""grams"":15},{""label"":""1 slice (1 oz)"",""grams"":28},{""label"":""100 g"",""grams"":100}]","1 cup, diced"
usda-170860,"Whipped cream, cream topping, pressurized",,dairy,dairy,true,257,3.2,12.5,22.2,0,"[{""label"":""1 cup"",""grams"":60},{""label"":""1 tbsp"",""grams"":3},{""label"":""100 g"",""grams"":100}]",1 cup
usda-170886,"Yogurt, plain, low fat",low fat curd,dairy,dairy|high_protein,true,63,5.3,7,1.6,0,"[{""label"":""1 container (6 oz)"",""grams"":170},{""label"":""1 container (8 oz)"",""grams"":227},{""label"":""1/2 container (4 oz)"",""grams"":113},{""label"":""1 cup (8 fl oz)"",""grams"":245},{""label"":""100 g"",""grams"":100}]",1 container (6 oz)
usda-170887,"Yogurt, plain, skim milk",fat free curd,dairy,dairy|high_protein,true,56,5.7,7.7,0.2,0,"[{""label"":""1 container (6 oz)"",""grams"":170},{""label"":""1 container (8 oz)"",""grams"":227},{""label"":""1 cup (8 fl oz)"",""grams"":245},{""label"":""100 g"",""grams"":100}]",1 container (6 oz)
usda-171284,"Yogurt, plain, whole milk",curd|dahi,dairy,dairy,true,61,3.5,4.7,3.3,0,"[{""label"":""1 container (6 oz)"",""grams"":170},{""label"":""1 container (8 oz)"",""grams"":227},{""label"":""1/2 container (4 oz)"",""grams"":113},{""label"":""1 cup (8 fl oz)"",""grams"":245},{""label"":""100 g"",""grams"":100}]",1 container (6 oz)
usda-172185,"Egg omelet, plain",omelette,egg,egg,false,154,10.6,0.6,11.7,0,"[{""label"":""1 tbsp"",""grams"":15},{""label"":""1 large"",""grams"":61},{""label"":""100 g"",""grams"":100}]",1 large
usda-172183,"Egg white, raw",egg whites,egg,egg|high_protein,false,52,10.9,0.7,0.2,0,"[{""label"":""1 large"",""grams"":33},{""label"":""1 cup"",""grams"":243},{""label"":""100 g"",""grams"":100}]",1 large
usda-172184,"Egg yolk, raw",,egg,egg,false,322,15.9,3.6,26.5,0,"[{""label"":""1 large"",""grams"":17},{""label"":""1 cup"",""grams"":243},{""label"":""100 g"",""grams"":100}]",1 large
usda-173423,"Egg, fried",fried egg,egg,egg|fried,false,196,13.6,0.8,14.8,0,"[{""label"":""1 large"",""grams"":46},{""label"":""100 g"",""grams"":100}]",1 large
usda-173424,"Egg, hard-boiled",boiled egg|ubla anda,egg,egg|high_protein,false,155,12.6,1.1,10.6,0,"[{""label"":""1 cup, chopped"",""grams"":136},{""label"":""1 tbsp"",""grams"":8.5},{""label"":""1 large"",""grams"":50},{""label"":""100 g"",""grams"":100}]",1 large
usda-172186,"Egg, poached",,egg,egg|high_protein,false,143,12.5,0.7,9.5,0,"[{""label"":""1 large"",""grams"":50},{""label"":""100 g"",""grams"":100}]",1 large
usda-172187,"Egg, scrambled",,egg,egg,false,149,10,1.6,11,0,"[{""label"":""1 large"",""grams"":61},{""label"":""1 tbsp"",""grams"":13.7},{""label"":""1 cup"",""grams"":220},{""label"":""100 g"",""grams"":100}]",1 large
usda-171287,"Egg, whole, raw",anda,egg,egg|high_protein,false,143,12.6,0.7,9.5,0,"[{""label"":""1 large"",""grams"":50},{""label"":""1 extra large"",""grams"":56},{""label"":""1 jumbo"",""grams"":63},{""label"":""1 cup (4.86 large eggs)"",""grams"":243},{""label"":""1 medium"",""grams"":44},{""label"":""100 g"",""grams"":100}]",1 large
usda-173410,"Butter, salted",makkhan|table butter,fat_oil,,true,717,0.9,0.1,81.1,0,"[{""label"":""1 pat (1\"" sq, 1/3\"" high)"",""grams"":5},{""label"":""1 tbsp"",""grams"":14.2},{""label"":""1 cup"",""grams"":227},{""label"":""1 stick"",""grams"":113},{""label"":""100 g"",""grams"":100}]",1 tbsp
usda-173430,"Butter, unsalted",makhan,fat_oil,,true,717,0.9,0.1,81.1,0,"[{""label"":""1 pat (1\"" sq, 1/3\"" high)"",""grams"":5},{""label"":""1 tbsp"",""grams"":14.2},{""label"":""1 cup"",""grams"":227},{""label"":""1 stick"",""grams"":113},{""label"":""100 g"",""grams"":100}]",1 tbsp
usda-172336,Canola oil,,fat_oil,,true,884,0,0,100,0,"[{""label"":""1 tbsp"",""grams"":14},{""label"":""1 cup"",""grams"":218},{""label"":""1 tsp"",""grams"":4.5},{""label"":""100 g"",""grams"":100}]",1 tbsp
usda-171412,Coconut oil,nariyal tel|velichenna,fat_oil,,true,892,0,0,99.1,0,"[{""label"":""1 tbsp"",""grams"":13.6},{""label"":""1 cup"",""grams"":218},{""label"":""1 tsp"",""grams"":4.5},{""label"":""100 g"",""grams"":100}]",1 tbsp
usda-171314,Ghee (clarified butter),ghee|clarified butter|desi ghee,fat_oil,,true,900,0,0,100,0,"[{""label"":""100 g"",""grams"":100}]",100 g
usda-171410,Groundnut oil,peanut oil|moongphali tel,fat_oil,,true,884,0,0,100,0,"[{""label"":""1 tbsp"",""grams"":13.5},{""label"":""1 cup"",""grams"":216},{""label"":""1 tsp"",""grams"":4.5},{""label"":""100 g"",""grams"":100}]",1 tbsp
usda-172349,Margarine,,fat_oil,,true,713,0.2,0.8,80.2,0,"[{""label"":""1 tbsp"",""grams"":14.2},{""label"":""1 cup"",""grams"":227},{""label"":""100 g"",""grams"":100}]",1 tbsp
usda-172337,Mustard oil,sarson ka tel|kachi ghani,fat_oil,,true,884,0,0,100,0,"[{""label"":""1 tbsp"",""grams"":14},{""label"":""1 cup"",""grams"":218},{""label"":""1 tsp"",""grams"":4.5},{""label"":""100 g"",""grams"":100}]",1 tbsp
usda-171413,Olive oil,,fat_oil,,true,884,0,0,100,0,"[{""label"":""1 tbsp"",""grams"":13.5},{""label"":""1 cup"",""grams"":216},{""label"":""1 tsp"",""grams"":4.5},{""label"":""100 g"",""grams"":100}]",1 tbsp
usda-171015,Palm oil,,fat_oil,,true,884,0,0,100,0,"[{""label"":""1 tbsp"",""grams"":13.6},{""label"":""1 cup"",""grams"":216},{""label"":""1 tsp"",""grams"":4.5},{""label"":""100 g"",""grams"":100}]",1 tbsp
usda-171013,Rice bran oil,,fat_oil,,true,884,0,0,100,0,"[{""label"":""1 tbsp"",""grams"":13.6},{""label"":""1 cup"",""grams"":218},{""label"":""1 tsp"",""grams"":4.5},{""label"":""100 g"",""grams"":100}]",1 tbsp
usda-171016,Sesame oil (gingelly),til ka tel|gingelly oil|nallennai,fat_oil,,true,884,0,0,100,0,"[{""label"":""1 tbsp"",""grams"":13.6},{""label"":""1 cup"",""grams"":218},{""label"":""1 tsp"",""grams"":4.5},{""label"":""100 g"",""grams"":100}]",1 tbsp
usda-171411,Soybean oil,soya oil,fat_oil,,true,884,0,0,100,0,"[{""label"":""1 tbsp"",""grams"":13.6},{""label"":""1 cup"",""grams"":218},{""label"":""1 tsp"",""grams"":4.5},{""label"":""100 g"",""grams"":100}]",1 tbsp
usda-171025,Sunflower oil,,fat_oil,,true,884,0,0,100,0,"[{""label"":""1 tbsp"",""grams"":13.6},{""label"":""1 cup"",""grams"":218},{""label"":""1 tsp"",""grams"":4.5},{""label"":""100 g"",""grams"":100}]",1 tbsp
usda-172338,"Sunflower oil, high oleic",,fat_oil,,true,884,0,0,100,0,"[{""label"":""1 tbsp"",""grams"":14},{""label"":""1 cup"",""grams"":218},{""label"":""1 tsp"",""grams"":4.5},{""label"":""100 g"",""grams"":100}]",1 tbsp
usda-171011,Vanaspati (hydrogenated vegetable fat),dalda|vanaspati ghee,fat_oil,,true,884,0,0,100,0,"[{""label"":""1 tbsp"",""grams"":12.8},{""label"":""1 cup"",""grams"":205},{""label"":""100 g"",""grams"":100}]",1 tbsp
usda-171689,"Apple, peeled",seb,fruit,fruit,true,48,0.3,12.8,0.1,1.3,"[{""label"":""1 cup slices"",""grams"":110},{""label"":""1 large (3-1/4\"" dia)"",""grams"":216},{""label"":""1 medium (3\"" dia)"",""grams"":161},{""label"":""1 small (2-3/4\"" dia)"",""grams"":132},{""label"":""100 g"",""grams"":100}]","1 medium (3"" dia)"
usda-171688,"Apple, with skin",seb|apple,fruit,fruit,true,52,0.3,13.8,0.2,2.4,"[{""label"":""1 cup, quartered or chopped"",""grams"":125},{""label"":""1 cup slices"",""grams"":109},{""label"":""1 large (3-1/4\"" dia)"",""grams"":223},{""label"":""1 medium (3\"" dia)"",""grams"":182},{""label"":""1 small (2-3/4\"" dia)"",""grams"":149},{""label"":""100 g"",""grams"":100}]","1 medium (3"" dia)"
usda-167772,"Applesauce, canned",,fruit,fruit,true,42,0.2,11.3,0.1,1.1,"[{""label"":""1 cup"",""grams"":244},{""label"":""100 g"",""grams"":100}]",1 cup
usda-171696,"Applesauce, canned, sweetened",,fruit,fruit,true,68,0.2,17.5,0.2,1.2,"[{""label"":""1 cup"",""grams"":246},{""label"":""100 g"",""grams"":100}]",1 cup
usda-171697,Apricot,khubani,fruit,fruit,true,48,1.4,11.1,0.4,2,"[{""label"":""1 cup, halves"",""grams"":155},{""label"":""1 cup, sliced"",""grams"":165},{""label"":""1 apricot"",""grams"":35},{""label"":""100 g"",""grams"":100}]","1 cup, halves"
usda-173941,"Apricots, dried",khubani|khumani,fruit,fruit|high_fibre,true,241,3.4,62.6,0.5,7.3,"[{""label"":""1 cup, halves"",""grams"":130},{""label"":""1 half"",""grams"":3.5},{""label"":""100 g"",""grams"":100}]","1 cup, halves"
usda-171705,Avocado,butter fruit,fruit,fruit|high_fibre,true,160,2,8.5,14.7,6.7,"[{""label"":""1 cup, cubes"",""grams"":150},{""label"":""1 cup, pureed"",""grams"":230},{""label"":""1 cup, sliced"",""grams"":146},{""label"":""100 g"",""grams"":100}]","1 cup, cubes"
usda-173944,Banana,kela,fruit,fruit,true,89,1.1,22.8,0.3,2.6,"[{""label"":""1 cup, mashed"",""grams"":225},{""label"":""1 cup, sliced"",""grams"":150},{""label"":""1 extra small (less than 6\"" long)"",""grams"":81},{""label"":""1 small (6\"" to 6-7/8\"" long)"",""grams"":101},{""label"":""1 medium (7\"" to 7-7/8\"" long)"",""grams"":118},{""label"":""100 g"",""grams"":100}]","1 medium (7"" to 7-7/8"" long)"
usda-173946,Blackberries,,fruit,fruit,true,43,1.4,9.6,0.5,5.3,"[{""label"":""1 cup"",""grams"":144},{""label"":""100 g"",""grams"":100}]",1 cup
usda-171711,Blueberries,,fruit,fruit,true,57,0.7,14.5,0.3,2.4,"[{""label"":""1 cup"",""grams"":148},{""label"":""50 berries"",""grams"":68},{""label"":""100 g"",""grams"":100}]",1 cup
usda-171714,Breadfruit,kadachakka|bread fruit,fruit,fruit,true,103,1.1,27.1,0.2,4.9,"[{""label"":""1 cup"",""grams"":220},{""label"":""1/4 fruit, small"",""grams"":96},{""label"":""100 g"",""grams"":100}]","1/4 fruit, small"
usda-169092,Cantaloupe (muskmelon),kharbuja|muskmelon,fruit,fruit,true,34,0.8,8.2,0.2,0.9,"[{""label"":""1 cup, balls"",""grams"":177},{""label"":""1 cup, cubes"",""grams"":160},{""label"":""1 cup, diced"",""grams"":156},{""label"":""1 melon, large (about 6-1/2\"" dia)"",""grams"":814},{""label"":""1 wedge, large (1/8 of large melon)"",""grams"":102},{""label"":""100 g"",""grams"":100}]","1 cup, balls"
usda-173043,Cape gooseberries,rasbhari|physalis|golden berry,fruit,fruit,true,53,1.9,11.2,0.7,0,"[{""label"":""1 cup"",""grams"":140},{""label"":""100 g"",""grams"":100}]",1 cup
usda-171719,"Cherries, sweet",,fruit,fruit,true,63,1.1,16,0.2,2.1,"[{""label"":""1 cup, with pits, yields"",""grams"":138},{""label"":""1 cup, without pits"",""grams"":154},{""label"":""1 cherry"",""grams"":8.2},{""label"":""1 serving"",""grams"":140},{""label"":""100 g"",""grams"":100}]","1 cup, with pits, yields"
usda-168195,Clementine,,fruit,fruit,true,47,0.9,12,0.2,1.7,"[{""label"":""1 fruit"",""grams"":74},{""label"":""100 g"",""grams"":100}]",1 fruit
usda-171722,Cranberries,,fruit,fruit,true,46,0.5,12,0.1,3.6,"[{""label"":""1 cup, chopped"",""grams"":110},{""label"":""1 cup, whole"",""grams"":100},{""label"":""100 g"",""grams"":100}]","1 cup, chopped"
usda-173961,"Cranberry sauce, canned, sweetened",,fruit,fruit,true,159,0.9,40.4,0.2,1.1,"[{""label"":""1 cup"",""grams"":277},{""label"":""1 slice"",""grams"":57},{""label"":""100 g"",""grams"":100}]",1 cup
usda-168175,Custard apple (sitaphal),sitaphal|sharifa|sugar apple|seethapazham,fruit,fruit,true,94,2.1,23.6,0.3,4.4,"[{""label"":""1 cup, pulp"",""grams"":250},{""label"":""1 fruit (2-7/8\"" dia)"",""grams"":155},{""label"":""100 g"",""grams"":100}]","1 fruit (2-7/8"" dia)"
usda-171726,"Dates, deglet noor",khajoor|khajur,fruit,fruit|high_fibre,true,282,2.5,75,0.4,8,"[{""label"":""1 cup, chopped"",""grams"":147},{""label"":""1 date, pitted"",""grams"":7.1},{""label"":""100 g"",""grams"":100}]","1 cup, chopped"
usda-168191,"Dates, medjool",khajoor,fruit,fruit|high_fibre,true,277,1.8,75,0.2,6.7,"[{""label"":""1 date, pitted"",""grams"":24},{""label"":""100 g"",""grams"":100}]","1 date, pitted"
usda-168158,"Dried blueberries, sweetened",,fruit,fruit|high_fibre,true,317,2.5,80,2.5,7.5,"[{""label"":""1/4 cup"",""grams"":40},{""label"":""100 g"",""grams"":100}]",1/4 cup
usda-171723,"Dried cranberries, sweetened",,fruit,fruit,true,308,0.2,82.8,1.1,5.3,"[{""label"":""1/4 cup"",""grams"":40},{""label"":""100 g"",""grams"":100}]",1/4 cup
usda-169091,"Dried mango, sweetened",,fruit,fruit,true,319,2.5,78.6,1.2,2.4,"[{""label"":""100 g"",""grams"":100}]",100 g
usda-171708,"Dried tart cherries, sweetened",,fruit,fruit,true,333,1.3,80.5,0.7,2.5,"[{""label"":""1/4 cup"",""grams"":40},{""label"":""100 g"",""grams"":100}]",1/4 cup
usda-173021,"Fig, fresh",anjeer,fruit,fruit,true,74,0.8,19.2,0.3,2.9,"[{""label"":""1 large (2-1/2\"" dia)"",""grams"":64},{""label"":""1 medium (2-1/4\"" dia)"",""grams"":50},{""label"":""1 small (1-1/2\"" dia)"",""grams"":40},{""label"":""100 g"",""grams"":100}]","1 medium (2-1/4"" dia)"
usda-174665,"Figs, dried",anjeer|anjir,fruit,fruit|high_fibre,true,249,3.3,63.9,0.9,9.8,"[{""label"":""1 cup"",""grams"":149},{""label"":""1 fig"",""grams"":8.4},{""label"":""100 g"",""grams"":100}]",1 cup
usda-168164,Golden raisins,kishmish,fruit,fruit,true,301,3.3,80,0.2,3.3,"[{""label"":""1 cup, packed"",""grams"":165},{""label"":""1 cup (not packed)"",""grams"":145},{""label"":""100 g"",""grams"":100}]","1 cup, packed"
usda-173033,"Grapefruit, pink and red and white",,fruit,fruit,true,32,0.6,8.1,0.1,1.1,"[{""label"":""1 cup sections, with juice"",""grams"":230},{""label"":""1/2 large"",""grams"":166},{""label"":""1/2 medium"",""grams"":128},{""label"":""1/2 small"",""grams"":100},{""label"":""100 g"",""grams"":100}]",1/2 medium
usda-174683,"Grapes, red or green",angoor,fruit,fruit,true,69,0.7,18.1,0.2,0.9,"[{""label"":""1 cup"",""grams"":151},{""label"":""10 grapes"",""grams"":49},{""label"":""1 serving"",""grams"":126},{""label"":""100 g"",""grams"":100}]",1 cup
usda-173044,Guava,amrood|peru,fruit,fruit,true,68,2.6,14.3,1,5.4,"[{""label"":""1 cup"",""grams"":165},{""label"":""1 fruit, without refuse"",""grams"":55},{""label"":""100 g"",""grams"":100}]","1 fruit, without refuse"
usda-169911,Honeydew melon,,fruit,fruit,true,36,0.5,9.1,0.1,0.8,"[{""label"":""1 cup, diced"",""grams"":170},{""label"":""1 cup, balls"",""grams"":177},{""label"":""1 melon (5-1/4\"" dia)"",""grams"":1000},{""label"":""1 melon (6\"" - 7\"" dia)"",""grams"":1280},{""label"":""1 wedge (1/8 of 5-1/4\"" dia melon)"",""grams"":125},{""label"":""100 g"",""grams"":100}]","1 cup, diced"
usda-174687,Jackfruit,kathal|chakka|palapazham,fruit,fruit,true,95,1.7,23.3,0.6,1.5,"[{""label"":""1 cup, sliced"",""grams"":165},{""label"":""1 cup 1\"" pieces"",""grams"":151},{""label"":""100 g"",""grams"":100}]","1 cup, sliced"
usda-168150,Jamun (java plum),jamun|black plum|jambolan|naval pazham,fruit,fruit,true,60,0.7,15.6,0.2,0,"[{""label"":""1 cup"",""grams"":135},{""label"":""3 fruit"",""grams"":9},{""label"":""100 g"",""grams"":100}]",3 fruit
usda-168151,Jujube,ber|bor|elanthapazham,fruit,fruit,true,79,1.2,20.2,0.2,0,"[{""label"":""100 g"",""grams"":100}]",100 g
usda-168153,Kiwi fruit,kiwi,fruit,fruit,true,61,1.1,14.7,0.5,3,"[{""label"":""1 cup, sliced"",""grams"":180},{""label"":""1 fruit (2\"" dia)"",""grams"":69},{""label"":""1 serving"",""grams"":148},{""label"":""100 g"",""grams"":100}]","1 fruit (2"" dia)"
usda-169086,Lychee,litchi,fruit,fruit,true,66,0.8,16.5,0.4,1.3,"[{""label"":""1 cup"",""grams"":190},{""label"":""1 fruit without refuse"",""grams"":9.6},{""label"":""100 g"",""grams"":100}]",1 fruit without refuse
usda-169105,Mandarin orange,kinnow|tangerine|santra,fruit,fruit,true,53,0.8,13.3,0.3,1.8,"[{""label"":""1 cup, sections"",""grams"":195},{""label"":""1 small (2-1/4\"" dia)"",""grams"":76},{""label"":""1 medium (2-1/2\"" dia)"",""grams"":88},{""label"":""1 large (2-3/4\"" dia)"",""grams"":120},{""label"":""1 serving"",""grams"":109},{""label"":""100 g"",""grams"":100}]","1 medium (2-1/2"" dia)"
usda-169910,Mango,aam,fruit,fruit,true,60,0.8,15,0.4,1.6,"[{""label"":""1 cup pieces"",""grams"":165},{""label"":""1 fruit without refuse"",""grams"":336},{""label"":""100 g"",""grams"":100}]",1 fruit without refuse
usda-169913,Mulberries,shahtoot|shehtoot,fruit,fruit,true,43,1.4,9.8,0.4,1.7,"[{""label"":""1 cup"",""grams"":140},{""label"":""10 fruit"",""grams"":15},{""label"":""100 g"",""grams"":100}]",10 fruit
usda-169914,Nectarine,,fruit,fruit,true,44,1.1,10.6,0.3,1.7,"[{""label"":""1 cup slices"",""grams"":143},{""label"":""1 small (2-1/3\"" dia)"",""grams"":129},{""label"":""1 medium (2-1/2\"" dia)"",""grams"":142},{""label"":""1 large (2-3/4\"" dia)"",""grams"":156},{""label"":""1 serving"",""grams"":140},{""label"":""100 g"",""grams"":100}]","1 medium (2-1/2"" dia)"
usda-169094,"Olives, black, canned",small-extra large,fruit,fruit,true,116,0.8,6,10.9,1.6,"[{""label"":""1 tbsp"",""grams"":8.4},{""label"":""1 large"",""grams"":4.4},{""label"":""1 small"",""grams"":3.2},{""label"":""100 g"",""grams"":100}]",1 tbsp
usda-169096,"Olives, green",,fruit,fruit,true,145,1,3.8,15.3,3.3,"[{""label"":""1 olive"",""grams"":2.7},{""label"":""100 g"",""grams"":100}]",1 olive
usda-169097,Orange,santra|narangi,fruit,fruit,true,47,0.9,11.8,0.1,2.4,"[{""label"":""1 cup, sections"",""grams"":180},{""label"":""1 large (3-1/16\"" dia)"",""grams"":184},{""label"":""1 small (2-3/8\"" dia)"",""grams"":96},{""label"":""1 fruit (2-5/8\"" dia)"",""grams"":131},{""label"":""100 g"",""grams"":100}]","1 fruit (2-5/8"" dia)"
usda-169926,Papaya,papita,fruit,fruit,true,43,0.5,10.8,0.3,1.7,"[{""label"":""1 cup 1\"" pieces"",""grams"":145},{""label"":""1 cup, mashed"",""grams"":230},{""label"":""1 fruit, small"",""grams"":157},{""label"":""1 fruit, large"",""grams"":781},{""label"":""100 g"",""grams"":100}]","1 fruit, small"
usda-169108,"Passion-fruit, purple",granadilla,fruit,fruit|high_fibre,true,97,2.2,23.4,0.7,10.4,"[{""label"":""1 cup"",""grams"":236},{""label"":""1 fruit without refuse"",""grams"":18},{""label"":""100 g"",""grams"":100}]",1 fruit without refuse
usda-169928,Peach,aadu,fruit,fruit,true,39,0.9,9.5,0.3,1.5,"[{""label"":""1 cup slices"",""grams"":154},{""label"":""1 small (2-1/2\"" dia)"",""grams"":130},{""label"":""1 medium (2-2/3\"" dia)"",""grams"":150},{""label"":""1 large (2-3/4\"" dia)"",""grams"":175},{""label"":""1 extra large (3\"" dia)"",""grams"":224},{""label"":""100 g"",""grams"":100}]","1 medium (2-2/3"" dia)"
usda-169116,"Peach, frozen, sliced, sweetened",,fruit,fruit,true,94,0.6,24,0.1,1.8,"[{""label"":""1 cup, thawed"",""grams"":250},{""label"":""10 slices"",""grams"":155},{""label"":""1 package (10 oz)"",""grams"":284},{""label"":""100 g"",""grams"":100}]","1 cup, thawed"
usda-169118,Pear,nashpati|naspati,fruit,fruit,true,57,0.4,15.2,0.1,3.1,"[{""label"":""1 cup, slices"",""grams"":140},{""label"":""1 cup, cubes"",""grams"":161},{""label"":""1 small"",""grams"":148},{""label"":""1 medium"",""grams"":178},{""label"":""1 large"",""grams"":230},{""label"":""100 g"",""grams"":100}]",1 medium
usda-168177,"Pear, asian",,fruit,fruit,true,42,0.5,10.7,0.2,3.6,"[{""label"":""1 fruit 2-1/4\"" high x 2-1/2\"" dia"",""grams"":122},{""label"":""1 fruit 3-3/8\"" high x 3\"" diameter"",""grams"":275},{""label"":""100 g"",""grams"":100}]","1 fruit 2-1/4"" high x 2-1/2"" dia"
usda-169941,"Persimmon, Japanese",,fruit,fruit,true,70,0.6,18.6,0.2,3.6,"[{""label"":""1 fruit (2-1/2\"" dia)"",""grams"":168},{""label"":""100 g"",""grams"":100}]","1 fruit (2-1/2"" dia)"
usda-169124,Pineapple,ananas,fruit,fruit,true,50,0.5,13.1,0.1,1.4,"[{""label"":""1 cup, chunks"",""grams"":165},{""label"":""1 fruit"",""grams"":905},{""label"":""1 slice (4-2/3\"" dia x 3/4\"" thick)"",""grams"":166},{""label"":""1 slice (3-1/2\"" dia x 3/4\"" thick)"",""grams"":84},{""label"":""1 slice, thin (3-1/2\"" dia x 1/2\"" thick)"",""grams"":56},{""label"":""100 g"",""grams"":100}]",1 fruit
usda-169946,"Pineapple, frozen, chunks, sweetened",,fruit,fruit,true,86,0.4,22.2,0.1,1.1,"[{""label"":""1 cup, chunks"",""grams"":245},{""label"":""100 g"",""grams"":100}]","1 cup, chunks"
usda-168199,"Plantain, green, fried",,fruit,fruit|fried,true,309,1.5,49.2,11.8,3.5,"[{""label"":""1 cup"",""grams"":118},{""label"":""10 slices (1/4\"" thick)"",""grams"":53},{""label"":""100 g"",""grams"":100}]",1 cup
usda-169130,"Plantain, ripe",nendran|ethapazham,fruit,fruit,true,122,1.3,31.9,0.4,1.7,"[{""label"":""1 plantain"",""grams"":270},{""label"":""1 cup, sliced"",""grams"":148},{""label"":""100 g"",""grams"":100}]","1 cup, sliced"
usda-169949,Plum,aloo bukhara,fruit,fruit,true,46,0.7,11.4,0.3,1.4,"[{""label"":""1 cup, sliced"",""grams"":165},{""label"":""1 fruit (2-1/8\"" dia)"",""grams"":66},{""label"":""1 serving"",""grams"":151},{""label"":""100 g"",""grams"":100}]","1 fruit (2-1/8"" dia)"
usda-169134,Pomegranate,anar,fruit,fruit,true,83,1.7,18.7,1.2,4,"[{""label"":""1/2 cup arils (seed/juice sacs)"",""grams"":87},{""label"":""1 pomegranate (4\"" dia)"",""grams"":282},{""label"":""100 g"",""grams"":100}]",1/2 cup arils (seed/juice sacs)
usda-167754,Pomelo,chakotra|bombilimas,fruit,fruit,true,38,0.8,9.6,0,1,"[{""label"":""1 cup, sections"",""grams"":190},{""label"":""1 fruit without refuse"",""grams"":609},{""label"":""100 g"",""grams"":100}]",1 fruit without refuse
usda-168162,"Prunes, dried",,fruit,fruit|high_fibre,true,240,2.2,63.9,0.4,7.1,"[{""label"":""1 cup, pitted"",""grams"":174},{""label"":""1 prune, pitted"",""grams"":9.5},{""label"":""100 g"",""grams"":100}]","1 cup, pitted"
usda-168165,"Raisins, dark seedless",kishmish|munakka,fruit,fruit,true,299,3.3,79.3,0.3,4.5,"[{""label"":""1 cup, packed"",""grams"":165},{""label"":""1 cup (not packed)"",""grams"":145},{""label"":""1 miniature box (.5 oz)"",""grams"":14},{""label"":""1 small box (1.5 oz)"",""grams"":43},{""label"":""50 raisins"",""grams"":26},{""label"":""100 g"",""grams"":100}]","1 cup, packed"
usda-167755,Raspberries,,fruit,fruit|high_fibre,true,52,1.2,11.9,0.7,6.5,"[{""label"":""1 cup"",""grams"":123},{""label"":""1 pint as purchased, yields"",""grams"":312},{""label"":""10 raspberries"",""grams"":19},{""label"":""100 g"",""grams"":100}]",1 cup
usda-168209,"Raspberries, frozen, red",,fruit,fruit,true,56,1.2,12.6,0.8,4.3,"[{""label"":""1 cup, unthawed"",""grams"":140},{""label"":""100 g"",""grams"":100}]","1 cup, unthawed"
usda-168215,Raw banana (green plantain),kacha kela|raw plantain|vazhakkai,fruit,fruit,true,152,1.3,36.7,0.1,2.2,"[{""label"":""1 plantain"",""grams"":267},{""label"":""100 g"",""grams"":100}]",1 plantain
usda-168216,"Raw banana, boiled",kacha kela,fruit,fruit,true,121,1.1,29.2,0.1,2.6,"[{""label"":""1 cup"",""grams"":137},{""label"":""100 g"",""grams"":100}]",1 cup
usda-167758,Rhubarb,,fruit,fruit,true,21,0.9,4.5,0.2,1.8,"[{""label"":""1 cup, diced"",""grams"":122},{""label"":""1 stalk"",""grams"":51},{""label"":""100 g"",""grams"":100}]","1 cup, diced"
usda-167759,Sapodilla (chikoo),chiku|sapota|chikoo,fruit,fruit,true,83,0.4,20,1.1,5.3,"[{""label"":""1 cup, pulp"",""grams"":241},{""label"":""1 sapodilla"",""grams"":170},{""label"":""100 g"",""grams"":100}]","1 cup, pulp"
usda-173954,"Sour cherries, red",,fruit,fruit,true,50,1,12.2,0.3,1.6,"[{""label"":""1 cup, without pits"",""grams"":155},{""label"":""1 cup, with pits, yields"",""grams"":103},{""label"":""100 g"",""grams"":100}]","1 cup, without pits"
usda-167761,Soursop,,fruit,fruit,true,66,1,16.8,0.3,3.3,"[{""label"":""1 cup, pulp"",""grams"":225},{""label"":""1 fruit (7\"" x 5-1/4\"" dia)"",""grams"":625},{""label"":""100 g"",""grams"":100}]","1 fruit (7"" x 5-1/4"" dia)"
usda-171715,Star fruit (carambola),kamrakh|carambola,fruit,fruit,true,31,1,6.7,0.3,2.8,"[{""label"":""1 cup, cubes"",""grams"":132},{""label"":""1 cup, sliced"",""grams"":108},{""label"":""1 large (4-1/2\"" long)"",""grams"":124},{""label"":""1 medium (3-5/8\"" long)"",""grams"":91},{""label"":""1 small (3-1/8\"" long)"",""grams"":70},{""label"":""100 g"",""grams"":100}]","1 medium (3-5/8"" long)"
usda-167762,Strawberries,,fruit,fruit,true,32,0.7,7.7,0.3,2,"[{""label"":""1 cup, halves"",""grams"":152},{""label"":""1 cup, pureed"",""grams"":232},{""label"":""1 cup, sliced"",""grams"":166},{""label"":""1 cup, whole"",""grams"":144},{""label"":""1 extra large (1-5/8\"" dia)"",""grams"":27},{""label"":""100 g"",""grams"":100}]","1 cup, halves"
usda-167763,Tamarind,imli,fruit,fruit,true,239,2.8,62.5,0.6,5.1,"[{""label"":""1 cup, pulp"",""grams"":120},{""label"":""1 fruit (3\"" x 1\"")"",""grams"":2},{""label"":""100 g"",""grams"":100}]","1 fruit (3"" x 1"")"
usda-167765,Watermelon,tarbooz,fruit,fruit,true,30,0.6,7.6,0.2,0.4,"[{""label"":""1 cup, balls"",""grams"":154},{""label"":""1 cup, diced"",""grams"":152},{""label"":""1 wedge"",""grams"":286},{""label"":""10 watermelon balls"",""grams"":122},{""label"":""1 serving"",""grams"":280},{""label"":""100 g"",""grams"":100}]","1 cup, balls"
usda-168894,All-purpose flour (maida),maida|refined flour,grain,grain,true,364,10.3,76.3,1,2.7,"[{""label"":""1 cup"",""grams"":125},{""label"":""100 g"",""grams"":100}]",1 cup
usda-170682,Amaranth grain (rajgira),rajgira|ramdana|amaranth seeds,grain,grain|high_fibre,true,371,13.6,65.3,7,6.7,"[{""label"":""1 cup"",""grams"":193},{""label"":""100 g"",""grams"":100}]",1 cup
usda-170683,"Amaranth grain, cooked",rajgira,grain,grain,true,102,3.8,18.7,1.6,2.1,"[{""label"":""1 cup"",""grams"":246},{""label"":""100 g"",""grams"":100}]",1 cup
usda-169739,Barley flour,jau ka atta,grain,grain|high_fibre,true,345,10.5,74.5,1.6,10.1,"[{""label"":""1 cup"",""grams"":148},{""label"":""100 g"",""grams"":100}]",1 cup
usda-169740,Barley malt flour,,grain,grain|high_fibre,true,361,10.3,78.3,1.8,7.1,"[{""label"":""1 cup"",""grams"":162},{""label"":""100 g"",""grams"":100}]",1 cup
usda-170283,"Barley, hulled",,grain,grain|high_fibre,true,354,12.5,73.5,2.3,17.3,"[{""label"":""1 cup"",""grams"":184},{""label"":""100 g"",""grams"":100}]",1 cup
usda-170284,"Barley, pearled",jau,grain,grain|high_fibre,true,352,9.9,77.7,1.2,15.6,"[{""label"":""1 cup"",""grams"":200},{""label"":""100 g"",""grams"":100}]",1 cup
usda-170285,"Barley, pearled, cooked",,grain,grain,true,123,2.3,28.2,0.4,3.8,"[{""label"":""1 cup"",""grams"":157},{""label"":""100 g"",""grams"":100}]",1 cup
usda-168896,Bread flour,,grain,grain,true,361,12,72.5,1.7,2.4,"[{""label"":""1 cup"",""grams"":137},{""label"":""100 g"",""grams"":100}]",1 cup
usda-170286,Buckwheat,kuttu,grain,grain|high_fibre,true,343,13.3,71.5,3.4,10,"[{""label"":""1 cup"",""grams"":170},{""label"":""100 g"",""grams"":100}]",1 cup
usda-170687,"Buckwheat flour, whole-groat",,grain,grain|high_fibre,true,335,12.6,70.6,3.1,10,"[{""label"":""1 cup"",""grams"":120},{""label"":""100 g"",""grams"":100}]",1 cup
usda-170686,"Buckwheat groats, roasted, cooked",,grain,grain,true,92,3.4,19.9,0.6,2.7,"[{""label"":""1 cup"",""grams"":168},{""label"":""100 g"",""grams"":100}]",1 cup
usda-170685,"Buckwheat groats, roasted, dry",kuttu,grain,grain|high_fibre,true,346,11.7,75,2.7,10.3,"[{""label"":""1 cup"",""grams"":164},{""label"":""100 g"",""grams"":100}]",1 cup
usda-170287,"Bulgur (cracked wheat), cooked",dalia|daliya,grain,grain,true,83,3.1,18.6,0.2,4.5,"[{""label"":""1 cup"",""grams"":182},{""label"":""1 tbsp"",""grams"":8.4},{""label"":""100 g"",""grams"":100}]",1 cup
usda-170688,"Bulgur (cracked wheat), dry",dalia|daliya|broken wheat,grain,grain|high_fibre,true,342,12.3,75.9,1.3,12.5,"[{""label"":""1 cup"",""grams"":140},{""label"":""100 g"",""grams"":100}]",1 cup
usda-169723,Cake flour,,grain,grain|dessert,true,362,8.2,78,0.9,1.7,"[{""label"":""1 cup unsifted, dipped"",""grams"":137},{""label"":""100 g"",""grams"":100}]","1 cup unsifted, dipped"
usda-169694,"Corn flour, masa, white",,grain,grain|high_fibre,true,363,8.5,76.6,3.7,6.4,"[{""label"":""1 cup"",""grams"":114},{""label"":""100 g"",""grams"":100}]",1 cup
usda-170290,"Corn flour, whole-grain, yellow",,grain,grain|high_fibre,true,361,6.9,76.9,3.9,7.3,"[{""label"":""1 cup"",""grams"":117},{""label"":""100 g"",""grams"":100}]",1 cup
usda-169749,"Corn flour, yellow, masa",,grain,grain|high_fibre,true,363,8.5,76.6,3.7,6.4,"[{""label"":""1 cup"",""grams"":114},{""label"":""100 g"",""grams"":100}]",1 cup
usda-168920,"Corn grain, white",,grain,grain,true,365,9.4,74.3,4.7,0,"[{""label"":""1 cup"",""grams"":166},{""label"":""100 g"",""grams"":100}]",1 cup
usda-170288,"Corn grain, yellow",,grain,grain|high_fibre,true,365,9.4,74.3,4.7,7.3,"[{""label"":""1 cup"",""grams"":166},{""label"":""100 g"",""grams"":100}]",1 cup
usda-169697,"Cornmeal, whole-grain, yellow",makki ka atta|maize flour|corn meal,grain,grain|high_fibre,true,362,8.1,76.9,3.6,7.3,"[{""label"":""1 cup"",""grams"":122},{""label"":""100 g"",""grams"":100}]",1 cup
usda-169698,Cornstarch,corn flour (starch),grain,grain,true,381,0.3,91.3,0.1,0.9,"[{""label"":""1 cup"",""grams"":128},{""label"":""100 g"",""grams"":100}]",1 cup
usda-169700,"Couscous, cooked",,grain,grain,true,112,3.8,23.2,0.2,1.4,"[{""label"":""1 cup, cooked"",""grams"":157},{""label"":""1 cup, dry, yields"",""grams"":528},{""label"":""100 g"",""grams"":100}]","1 cup, cooked"
usda-169699,"Couscous, dry",,grain,grain,true,376,12.8,77.4,0.6,5,"[{""label"":""1 cup"",""grams"":173},{""label"":""100 g"",""grams"":100}]",1 cup
usda-169721,Durum wheat,,grain,grain,true,339,13.7,71.1,2.5,0,"[{""label"":""1 cup"",""grams"":192},{""label"":""100 g"",""grams"":100}]",1 cup
usda-169732,"Egg noodles, cooked",,grain,grain,false,138,4.5,25.2,2.1,1.2,"[{""label"":""1 cup"",""grams"":160},{""label"":""100 g"",""grams"":100}]",1 cup
usda-169731,"Egg noodles, dry",,grain,grain,false,384,14.2,71.3,4.4,3.3,"[{""label"":""1 cup"",""grams"":38},{""label"":""100 g"",""grams"":100}]",1 cup
usda-168901,"Fresh egg pasta, cooked",,grain,grain,false,130,5.3,23.5,1.7,0,"[{""label"":""2 oz"",""grams"":57},{""label"":""100 g"",""grams"":100}]",2 oz
usda-174258,"Glass noodles (cellophane), dry",mung beans,grain,grain,true,351,0.2,86.1,0.1,0.5,"[{""label"":""1 cup"",""grams"":140},{""label"":""100 g"",""grams"":100}]",1 cup
usda-169701,"Hominy, canned",,grain,grain,true,72,1.5,14.3,0.9,2.5,"[{""label"":""1 cup"",""grams"":165},{""label"":""100 g"",""grams"":100}]",1 cup
usda-168907,"Japanese noodles, soba, cooked",,grain,grain,true,99,5.1,21.4,0.1,0,"[{""label"":""1 cup"",""grams"":114},{""label"":""100 g"",""grams"":100}]",1 cup
usda-172023,Millet flour,,grain,grain,true,382,10.8,75.1,4.3,3.5,"[{""label"":""1 cup"",""grams"":119},{""label"":""100 g"",""grams"":100}]",1 cup
usda-168871,"Millet, cooked",,grain,grain,true,119,3.5,23.7,1,1.3,"[{""label"":""1 cup"",""grams"":174},{""label"":""100 g"",""grams"":100}]",1 cup
usda-169702,"Millet, raw",millet,grain,grain|high_fibre,true,378,11,72.9,4.2,8.5,"[{""label"":""1 cup"",""grams"":200},{""label"":""100 g"",""grams"":100}]",1 cup
usda-169741,Oat flour,,grain,grain|high_fibre,true,404,14.7,65.7,9.1,6.5,"[{""label"":""1 cup"",""grams"":104},{""label"":""100 g"",""grams"":100}]",1 cup
usda-169737,"Pasta, cooked",macaroni|penne,grain,grain,true,158,5.8,30.9,0.9,1.8,"[{""label"":""1 cup spaghetti not packed"",""grams"":124},{""label"":""1 cup spaghetti packed"",""grams"":151},{""label"":""1 cup elbows not packed"",""grams"":120},{""label"":""1 cup elbows packed"",""grams"":132},{""label"":""1 cup penne"",""grams"":107},{""label"":""100 g"",""grams"":100}]",1 cup spaghetti not packed
usda-169736,"Pasta, dry",,grain,grain,true,371,13,74.7,1.5,3.2,"[{""label"":""1 cup spaghetti"",""grams"":91},{""label"":""1 cup elbows"",""grams"":122},{""label"":""1 cup penne"",""grams"":95},{""label"":""1 cup farfalle"",""grams"":81},{""label"":""1 cup rotini"",""grams"":96},{""label"":""100 g"",""grams"":100}]",1 cup spaghetti
usda-168917,"Quinoa, cooked",,grain,grain,true,120,4.4,21.3,1.9,2.8,"[{""label"":""1 cup"",""grams"":185},{""label"":""100 g"",""grams"":100}]",1 cup
usda-168874,"Quinoa, uncooked",,grain,grain|high_fibre,true,368,14.1,64.2,6.1,7,"[{""label"":""1 cup"",""grams"":170},{""label"":""100 g"",""grams"":100}]",1 cup
usda-168885,Rye flour,,grain,grain|high_fibre,true,325,15.9,68.6,2.2,23.8,"[{""label"":""1 cup"",""grams"":128},{""label"":""100 g"",""grams"":100}]",1 cup
usda-168884,Rye grain,,grain,grain|high_fibre,true,338,10.3,75.9,1.6,15.1,"[{""label"":""1 cup"",""grams"":169},{""label"":""100 g"",""grams"":100}]",1 cup
usda-169715,Semolina,sooji|suji|rava,grain,grain,true,360,12.7,72.8,1.1,3.9,"[{""label"":""1 cup"",""grams"":167},{""label"":""100 g"",""grams"":100}]",1 cup
usda-168906,"Soba noodles, dry",,grain,grain,true,336,14.4,74.6,0.7,0,"[{""label"":""2 oz"",""grams"":57},{""label"":""100 g"",""grams"":100}]",2 oz
usda-168908,"Somen noodles, dry",,grain,grain,true,356,11.4,74.1,0.8,4.3,"[{""label"":""2 oz"",""grams"":57},{""label"":""100 g"",""grams"":100}]",2 oz
usda-168943,Sorghum flour (jowar atta),jowar atta|jowar flour,grain,grain|high_fibre,true,359,8.4,76.6,3.3,6.6,"[{""label"":""1 cup"",""grams"":121},{""label"":""100 g"",""grams"":100}]",1 cup
usda-169716,Sorghum grain (jowar),jowar|jonna|cholam,grain,grain|high_fibre,true,329,10.6,72.1,3.5,6.7,"[{""label"":""1 cup"",""grams"":192},{""label"":""100 g"",""grams"":100}]",1 cup
usda-168912,"Spaghetti, spinach, cooked",,grain,grain,true,130,4.6,26.2,0.6,0,"[{""label"":""1 cup"",""grams"":140},{""label"":""100 g"",""grams"":100}]",1 cup
usda-169746,"Spelt, cooked",,grain,grain,true,127,5.5,26.4,0.9,3.9,"[{""label"":""1 cup"",""grams"":194},{""label"":""100 g"",""grams"":100}]",1 cup
usda-169745,"Spelt, uncooked",,grain,grain|high_fibre,true,338,14.6,70.2,2.4,10.7,"[{""label"":""1 cup"",""grams"":174},{""label"":""100 g"",""grams"":100}]",1 cup
usda-169717,"Tapioca pearls, dry",sabudana|sago,grain,grain,true,358,0.2,88.7,0,0.9,"[{""label"":""1 cup"",""grams"":152},{""label"":""100 g"",""grams"":100}]",1 cup
usda-168918,"Teff, cooked",,grain,grain,true,101,3.9,19.9,0.7,2.8,"[{""label"":""1 cup"",""grams"":252},{""label"":""100 g"",""grams"":100}]",1 cup
usda-169747,"Teff, uncooked",,grain,grain|high_fibre,true,367,13.3,73.1,2.4,8,"[{""label"":""1 cup"",""grams"":193},{""label"":""100 g"",""grams"":100}]",1 cup
usda-169725,"Wheat, sprouted",,grain,grain,true,198,7.5,42.5,1.3,1.1,"[{""label"":""1 cup"",""grams"":108},{""label"":""100 g"",""grams"":100}]",1 cup
usda-168895,"White wheat flour, all-purpose, self-rising",,grain,grain,true,354,9.9,74.2,1,2.7,"[{""label"":""1 cup"",""grams"":125},{""label"":""100 g"",""grams"":100}]",1 cup
usda-168936,"White wheat flour, all-purpose, unbleached",,grain,grain,true,364,10.3,76.3,1,2.7,"[{""label"":""1 cup"",""grams"":125},{""label"":""100 g"",""grams"":100}]",1 cup
usda-168893,Whole wheat flour,atta|gehun ka atta,grain,grain|high_fibre,true,340,13.2,72,2.5,10.7,"[{""label"":""1 cup"",""grams"":120},{""label"":""100 g"",""grams"":100}]",1 cup
usda-169750,"Whole-grain cornmeal, white",,grain,grain|high_fibre,true,362,8.1,76.9,3.6,7.3,"[{""label"":""1 cup"",""grams"":122},{""label"":""100 g"",""grams"":100}]",1 cup
usda-168910,"Whole-wheat pasta, cooked",,grain,grain,true,149,6,30.1,1.7,3.9,"[{""label"":""1 cup spaghetti not packed"",""grams"":117},{""label"":""1 cup spaghetti packed"",""grams"":151},{""label"":""1 cup elbows"",""grams"":117},{""label"":""1 cup penne"",""grams"":97},{""label"":""1 cup shells"",""grams"":105},{""label"":""100 g"",""grams"":100}]",1 cup spaghetti not packed
usda-169738,"Whole-wheat pasta, dry",,grain,grain|high_fibre,true,352,13.9,73.4,2.9,9.2,"[{""label"":""1 cup spaghetti"",""grams"":91},{""label"":""1 cup elbows"",""grams"":122},{""label"":""1 cup penne"",""grams"":95},{""label"":""1 cup farfalle"",""grams"":81},{""label"":""1 cup rotini"",""grams"":96},{""label"":""100 g"",""grams"":100}]",1 cup spaghetti
usda-173727,Adzuki beans,,legume,legume|high_fibre,true,329,19.9,62.9,0.5,12.7,"[{""label"":""1 cup"",""grams"":197},{""label"":""100 g"",""grams"":100}]",1 cup
usda-173728,"Adzuki beans, boiled",,legume,legume|high_fibre,true,128,7.5,24.8,0.1,7.3,"[{""label"":""1 cup"",""grams"":230},{""label"":""100 g"",""grams"":100}]",1 cup
usda-173729,"Adzuki beans, canned, sweetened",,legume,legume,true,237,3.8,55,0,0,"[{""label"":""1 cup"",""grams"":296},{""label"":""100 g"",""grams"":100}]",1 cup
usda-168128,"Beans, baked, canned",,legume,legume,true,105,4.8,20.5,0.4,5.5,"[{""label"":""1 cup"",""grams"":253},{""label"":""100 g"",""grams"":100}]",1 cup
usda-175182,"Beans, baked, canned, plain or vegetarian",,legume,legume,true,94,4.8,21.1,0.4,4.1,"[{""label"":""1 cup"",""grams"":254},{""label"":""100 g"",""grams"":100}]",1 cup
usda-175185,"Beans, baked, canned, with pork",,legume,legume,false,106,5.2,20,1.6,5.5,"[{""label"":""1 cup"",""grams"":253},{""label"":""100 g"",""grams"":100}]",1 cup
usda-173733,"Beans, baked, canned, with pork and tomato sauce",,legume,legume,false,94,5.2,18.7,0.9,4,"[{""label"":""1 cup"",""grams"":246},{""label"":""100 g"",""grams"":100}]",1 cup
usda-173734,Black beans,,legume,legume|high_protein|high_fibre,true,341,21.6,62.4,1.4,15.5,"[{""label"":""1 cup"",""grams"":194},{""label"":""1 tbsp"",""grams"":12.1},{""label"":""100 g"",""grams"":100}]",1 cup
usda-173735,"Black beans, boiled",,legume,legume|high_fibre,true,132,8.9,23.7,0.5,8.7,"[{""label"":""1 cup"",""grams"":172},{""label"":""100 g"",""grams"":100}]",1 cup
usda-172427,"Black gram (urad), boiled",urad,legume,legume|high_fibre,true,105,7.5,18.3,0.6,6.4,"[{""label"":""1 cup"",""grams"":180},{""label"":""100 g"",""grams"":100}]",1 cup
usda-174259,"Black gram (urad), dry",urad dal|urad|black gram|mungo beans,legume,legume|high_protein|high_fibre,true,341,25.2,59,1.6,18.3,"[{""label"":""1 cup"",""grams"":207},{""label"":""100 g"",""grams"":100}]",1 cup
usda-175186,"Black turtle beans, dry",,legume,legume|high_protein|high_fibre,true,339,21.3,63.3,0.9,15.5,"[{""label"":""1 cup"",""grams"":184},{""label"":""100 g"",""grams"":100}]",1 cup
usda-173759,"Black-eyed peas, boiled",lobia,legume,legume|high_fibre,true,116,7.7,20.8,0.5,6.5,"[{""label"":""1 cup"",""grams"":171},{""label"":""100 g"",""grams"":100}]",1 cup
usda-173758,"Black-eyed peas, dry",lobia|chawli|cowpeas,legume,legume|high_protein|high_fibre,true,336,23.5,60,1.3,10.6,"[{""label"":""1 cup"",""grams"":167},{""label"":""1 tbsp"",""grams"":10.5},{""label"":""100 g"",""grams"":100}]",1 cup
usda-175208,"Catjang cowpeas, dry",,legume,legume|high_protein|high_fibre,true,343,23.9,59.6,2.1,10.7,"[{""label"":""1 cup"",""grams"":167},{""label"":""100 g"",""grams"":100}]",1 cup
usda-174288,Chickpea flour (besan),besan|gram flour,legume,legume|high_protein|high_fibre,true,387,22.4,57.8,6.7,10.8,"[{""label"":""1 cup"",""grams"":92},{""label"":""100 g"",""grams"":100}]",1 cup
usda-173757,"Chickpeas, boiled",boiled chana|garbanzo beans,legume,legume|high_fibre,true,164,8.9,27.4,2.6,7.6,"[{""label"":""1 cup"",""grams"":164},{""label"":""100 g"",""grams"":100}]",1 cup
usda-173800,"Chickpeas, canned",garbanzo beans|bengal gram,legume,legume|high_fibre,true,139,7.1,22.5,2.8,6.4,"[{""label"":""1 can drained"",""grams"":253},{""label"":""100 g"",""grams"":100}]",1 can drained
usda-173756,"Chickpeas, dry",kabuli chana|garbanzo beans|chole,legume,legume|high_protein|high_fibre,true,378,20.5,63,6,12.2,"[{""label"":""1 cup"",""grams"":200},{""label"":""1 tbsp"",""grams"":12.5},{""label"":""100 g"",""grams"":100}]",1 cup
usda-172455,Falafel,,legume,legume,true,333,13.3,31.8,17.8,0,"[{""label"":""1 patty"",""grams"":17},{""label"":""100 g"",""grams"":100}]",1 patty
usda-173753,"Fava beans, boiled",,legume,legume,true,110,7.6,19.7,0.4,5.4,"[{""label"":""1 cup"",""grams"":170},{""label"":""100 g"",""grams"":100}]",1 cup
usda-175205,"Fava beans, dry",bakla,legume,legume|high_protein|high_fibre,true,341,26.1,58.3,1.5,25,"[{""label"":""1 cup"",""grams"":150},{""label"":""1 tbsp"",""grams"":9.4},{""label"":""100 g"",""grams"":100}]",1 cup
usda-175191,"Great northern beans, boiled",,legume,legume|high_fibre,true,118,8.3,21.1,0.5,7,"[{""label"":""1 cup"",""grams"":177},{""label"":""100 g"",""grams"":100}]",1 cup
usda-175190,"Great northern beans, dry",,legume,legume|high_protein|high_fibre,true,339,21.9,62.4,1.1,20.2,"[{""label"":""1 cup"",""grams"":183},{""label"":""100 g"",""grams"":100}]",1 cup
usda-169282,Green soybeans (edamame),edamame,legume,legume|high_protein,true,147,13,11.1,6.8,4.2,"[{""label"":""1 cup"",""grams"":256},{""label"":""100 g"",""grams"":100}]",1 cup
usda-174289,Hummus,,legume,legume,true,237,7.8,15,17.8,5.5,"[{""label"":""1 tbsp"",""grams"":15},{""label"":""1 cup"",""grams"":246},{""label"":""100 g"",""grams"":100}]",1 tbsp
usda-172454,"Hummus, home prepared",,legume,legume,true,177,4.9,20.1,8.6,4,"[{""label"":""1 tbsp"",""grams"":15},{""label"":""1 cup"",""grams"":246},{""label"":""100 g"",""grams"":100}]",1 tbsp
usda-175211,"Hyacinth beans, boiled",val|avarekalu,legume,legume,true,117,8.1,20.7,0.6,0,"[{""label"":""1 cup"",""grams"":194},{""label"":""100 g"",""grams"":100}]",1 cup
usda-175210,"Hyacinth beans, dry",val|avarekalu|sem ke beej|mochai,legume,legume|high_protein|high_fibre,true,344,23.9,60.7,1.7,25.6,"[{""label"":""1 cup"",""grams"":210},{""label"":""100 g"",""grams"":100}]",1 cup
usda-175193,Kidney beans,,legume,legume|high_protein|high_fibre,true,333,23.6,60,0.8,24.9,"[{""label"":""1 cup"",""grams"":184},{""label"":""100 g"",""grams"":100}]",1 cup
usda-173740,"Kidney beans, boiled",,legume,legume|high_fibre,true,127,8.7,22.8,0.5,6.4,"[{""label"":""1 cup"",""grams"":177},{""label"":""1 tbsp"",""grams"":11},{""label"":""100 g"",""grams"":100}]",1 cup
usda-173741,"Kidney beans, canned",,legume,legume,true,84,5.2,14.5,0.6,4.3,"[{""label"":""1 cup"",""grams"":256},{""label"":""100 g"",""grams"":100}]",1 cup
usda-174285,"Kidney beans, red, canned",,legume,legume,true,124,8,21.5,1.1,5.5,"[{""label"":""1 can drained solids"",""grams"":266},{""label"":""100 g"",""grams"":100}]",1 can drained solids
usda-175243,"Kidney beans, red, canned, rinsed in tap water",,legume,legume|high_fibre,true,121,8.1,20.8,0.9,6,"[{""label"":""1 cup cup rinsed solids"",""grams"":158},{""label"":""100 g"",""grams"":100}]",1 cup cup rinsed solids
usda-172421,"Lentils, boiled",masoor,legume,legume|high_protein|high_fibre,true,116,9,20.1,0.4,7.9,"[{""label"":""1 cup"",""grams"":198},{""label"":""1 tbsp"",""grams"":12.3},{""label"":""100 g"",""grams"":100}]",1 cup
usda-172420,"Lentils, dry",masoor|sabut masoor,legume,legume|high_protein|high_fibre,true,352,24.6,63.4,1.1,10.7,"[{""label"":""1 cup"",""grams"":192},{""label"":""1 tbsp"",""grams"":12},{""label"":""100 g"",""grams"":100}]",1 cup
usda-172422,"Lima beans, baby, boiled",,legume,legume|high_fibre,true,126,8,23.3,0.4,7.7,"[{""label"":""1 cup"",""grams"":182},{""label"":""100 g"",""grams"":100}]",1 cup
usda-174255,"Lima beans, baby, dry",,legume,legume|high_protein|high_fibre,true,335,20.6,62.8,0.9,20.6,"[{""label"":""1 cup"",""grams"":202},{""label"":""100 g"",""grams"":100}]",1 cup
usda-174253,"Lima beans, large, boiled",,legume,legume|high_fibre,true,115,7.8,20.9,0.4,7,"[{""label"":""1 cup"",""grams"":188},{""label"":""1 tbsp"",""grams"":11.7},{""label"":""100 g"",""grams"":100}]",1 cup
usda-174252,"Lima beans, large, dry",,legume,legume|high_protein|high_fibre,true,338,21.5,63.4,0.7,19,"[{""label"":""1 cup"",""grams"":178},{""label"":""1 tbsp"",""grams"":11.1},{""label"":""100 g"",""grams"":100}]",1 cup
usda-172426,"Moth beans, boiled",matki,legume,legume,true,117,7.8,21,0.6,0,"[{""label"":""1 cup"",""grams"":177},{""label"":""100 g"",""grams"":100}]",1 cup
usda-172425,"Moth beans, dry",matki|moth|mataki,legume,legume|high_protein,true,343,22.9,61.5,1.6,0,"[{""label"":""1 cup"",""grams"":196},{""label"":""100 g"",""grams"":100}]",1 cup
usda-174257,"Mung beans, boiled",moong,legume,legume|high_fibre,true,105,7,19.2,0.4,7.6,"[{""label"":""1 cup"",""grams"":202},{""label"":""100 g"",""grams"":100}]",1 cup
usda-174256,"Mung beans, dry",moong|green gram|sabut moong,legume,legume|high_protein|high_fibre,true,347,23.9,62.6,1.2,16.3,"[{""label"":""1 cup"",""grams"":207},{""label"":""1 tbsp"",""grams"":13},{""label"":""100 g"",""grams"":100}]",1 cup
usda-170079,"Mung beans, sprouted, canned",,legume,legume|high_protein,true,12,1.4,2.1,0.1,0.8,"[{""label"":""1 cup"",""grams"":125},{""label"":""100 g"",""grams"":100}]",1 cup
usda-172443,Natto,,legume,legume|high_protein,true,211,19.4,12.7,11,5.4,"[{""label"":""1 cup"",""grams"":175},{""label"":""100 g"",""grams"":100}]",1 cup
usda-173745,Navy beans,,legume,legume|high_protein|high_fibre,true,337,22.3,60.8,1.5,15.3,"[{""label"":""1 cup"",""grams"":208},{""label"":""100 g"",""grams"":100}]",1 cup
usda-172437,"Pigeon peas, boiled",toor dal|arhar,legume,legume|high_fibre,true,121,6.8,23.3,0.4,6.7,"[{""label"":""1 cup"",""grams"":168},{""label"":""100 g"",""grams"":100}]",1 cup
usda-172436,"Pigeon peas, dry",toor dal|arhar dal|tuvar dal,legume,legume|high_protein|high_fibre,true,343,21.7,62.8,1.5,15,"[{""label"":""1 cup"",""grams"":205},{""label"":""100 g"",""grams"":100}]",1 cup
usda-173748,"Pink beans, dry",,legume,legume|high_protein|high_fibre,true,343,21,64.2,1.1,12.7,"[{""label"":""1 cup"",""grams"":210},{""label"":""100 g"",""grams"":100}]",1 cup
usda-175199,Pinto beans,,legume,legume|high_protein|high_fibre,true,347,21.4,62.6,1.2,15.5,"[{""label"":""1 cup"",""grams"":193},{""label"":""1 tbsp"",""grams"":12},{""label"":""100 g"",""grams"":100}]",1 cup
usda-175200,"Pinto beans, boiled",,legume,legume|high_fibre,true,143,9,26.2,0.7,9,"[{""label"":""1 cup"",""grams"":171},{""label"":""1 tbsp"",""grams"":10.6},{""label"":""100 g"",""grams"":100}]",1 cup
usda-174286,"Pinto beans, canned",,legume,legume,true,114,7,20.2,0.9,5.5,"[{""label"":""1 can drained solids"",""grams"":277},{""label"":""100 g"",""grams"":100}]",1 can drained solids
usda-173797,"Pinto beans, canned, rinsed in tap water",,legume,legume,true,117,7,20.8,1,0,"[{""label"":""1 cup"",""grams"":169},{""label"":""1 can"",""grams"":258},{""label"":""100 g"",""grams"":100}]",1 cup
usda-175194,"Red kidney beans, boiled",rajma,legume,legume|high_fibre,true,127,8.7,22.8,0.5,7.4,"[{""label"":""1 cup"",""grams"":177},{""label"":""1 tbsp"",""grams"":11},{""label"":""100 g"",""grams"":100}]",1 cup
usda-173744,"Red kidney beans, dry",rajma,legume,legume|high_protein|high_fibre,true,337,22.5,61.3,1.1,15.2,"[{""label"":""1 cup"",""grams"":184},{""label"":""1 tbsp"",""grams"":12.2},{""label"":""100 g"",""grams"":100}]",1 cup
usda-174284,"Red lentils, dry",masoor dal|red lentil,legume,legume|high_protein|high_fibre,true,358,23.9,63.1,2.2,10.8,"[{""label"":""1 cup"",""grams"":192},{""label"":""100 g"",""grams"":100}]",1 cup
usda-174296,"Refried beans, canned, vegetarian",,legume,legume,true,83,5.3,13.5,0.9,4.7,"[{""label"":""1 cup"",""grams"":242},{""label"":""1 can"",""grams"":444},{""label"":""100 g"",""grams"":100}]",1 cup
usda-174275,"Soy flour, defatted",soya flour,legume,legume|high_protein|high_fibre,true,327,51.5,33.9,1.2,17.5,"[{""label"":""1 cup"",""grams"":105},{""label"":""1 tbsp"",""grams"":6.6},{""label"":""100 g"",""grams"":100}]",1 cup
usda-174273,"Soy flour, full-fat",soya atta,legume,legume|high_protein|high_fibre,true,434,37.8,31.9,20.7,9.6,"[{""label"":""1 cup, stirred"",""grams"":84},{""label"":""1 tbsp"",""grams"":5.2},{""label"":""100 g"",""grams"":100}]","1 cup, stirred"
usda-172456,Soy milk,soya milk|soymilk,legume,legume,true,43,2.6,4.9,1.5,0.2,"[{""label"":""1 cup"",""grams"":243},{""label"":""100 g"",""grams"":100}]",1 cup
usda-174276,Soy protein isolate,soy protein powder,legume,legume|high_protein,true,335,88.3,0,3.4,0,"[{""label"":""1 oz"",""grams"":28.4},{""label"":""100 g"",""grams"":100}]",1 oz
usda-174271,"Soybeans, boiled",soya bean,legume,legume|high_protein|high_fibre,true,172,18.2,8.4,9,6,"[{""label"":""1 cup"",""grams"":172},{""label"":""1 tbsp"",""grams"":10.7},{""label"":""100 g"",""grams"":100}]",1 cup
usda-174270,"Soybeans, dry",soya bean,legume,legume|high_protein|high_fibre,true,446,36.5,30.2,19.9,9.3,"[{""label"":""1 cup"",""grams"":186},{""label"":""100 g"",""grams"":100}]",1 cup
usda-172441,"Soybeans, dry roasted",,legume,legume|high_protein|high_fibre,true,449,43.3,29,21.6,8.1,"[{""label"":""1 cup"",""grams"":93},{""label"":""100 g"",""grams"":100}]",1 cup
usda-169283,"Soybeans, green, boiled",,legume,legume|high_protein,true,141,12.4,11.1,6.4,4.2,"[{""label"":""1 cup"",""grams"":180},{""label"":""100 g"",""grams"":100}]",1 cup
usda-174300,"Soybeans, roasted",,legume,legume|high_protein|high_fibre,true,469,38.6,30.2,25.4,17.7,"[{""label"":""1 cup"",""grams"":172},{""label"":""100 g"",""grams"":100}]",1 cup
usda-172429,"Split peas, boiled",,legume,legume|high_fibre,true,118,8.3,21.1,0.4,8.3,"[{""label"":""1 cup"",""grams"":196},{""label"":""1 tbsp"",""grams"":12.2},{""label"":""100 g"",""grams"":100}]",1 cup
usda-172428,"Split peas, dry",matar dal,legume,legume|high_protein|high_fibre,true,364,23.1,61.6,3.9,22.2,"[{""label"":""1 cup"",""grams"":196},{""label"":""100 g"",""grams"":100}]",1 cup
usda-174272,Tempeh,,legume,legume|high_protein,true,192,20.3,7.6,10.8,0,"[{""label"":""1 cup"",""grams"":166},{""label"":""100 g"",""grams"":100}]",1 cup
usda-172467,"Tempeh, cooked",,legume,legume|high_protein,true,195,19.9,7.6,11.4,0,"[{""label"":""100 g"",""grams"":100}]",100 g
usda-172475,"Tofu, firm",soya paneer|bean curd,legume,legume|high_protein,true,144,17.3,2.8,8.7,2.3,"[{""label"":""1/2 cup"",""grams"":126},{""label"":""1/4 block"",""grams"":81},{""label"":""100 g"",""grams"":100}]",1/2 cup
usda-172451,"Tofu, fried",fried tofu,legume,legume|fried,true,270,18.8,8.9,20.2,3.9,"[{""label"":""1 piece"",""grams"":13},{""label"":""100 g"",""grams"":100}]",1 piece
usda-172476,"Tofu, regular",bean curd,legume,legume|high_protein,true,76,8.1,1.9,4.8,0.3,"[{""label"":""1/2 cup"",""grams"":124},{""label"":""1/4 block"",""grams"":116},{""label"":""100 g"",""grams"":100}]",1/2 cup
usda-175203,"White beans, boiled",safed rajma,legume,legume|high_fibre,true,139,9.7,25.1,0.4,6.3,"[{""label"":""1 cup"",""grams"":179},{""label"":""1 tbsp"",""grams"":11.2},{""label"":""100 g"",""grams"":100}]",1 cup
usda-175202,"White beans, dry",safed rajma|white kidney beans,legume,legume|high_protein|high_fibre,true,333,23.4,60.3,0.9,15.2,"[{""label"":""1 cup"",""grams"":202},{""label"":""1 tbsp"",""grams"":12.6},{""label"":""100 g"",""grams"":100}]",1 cup
usda-168070,Arepa (Latino restaurant),,main,,true,219,5.5,37.1,5.4,2.6,"[{""label"":""1 piece"",""grams"":98},{""label"":""100 g"",""grams"":100}]",1 piece
usda-168063,Arroz con leche (Latino restaurant),rice pudding,main,dessert,true,146,3.2,24.9,3.7,0.5,"[{""label"":""1 serving"",""grams"":283},{""label"":""1 cup"",""grams"":253},{""label"":""100 g"",""grams"":100}]",1 serving
usda-173323,"Bagel, with breakfast steak, egg, cheese, and condiments",,main,fast_food,false,282,16,23,14.1,0.2,"[{""label"":""1 item"",""grams"":254},{""label"":""100 g"",""grams"":100}]",1 item
usda-173322,"Bagel, with egg, sausage patty, cheese, and condiments",,main,fast_food,false,295,13,22.6,17,0.2,"[{""label"":""1 item"",""grams"":219},{""label"":""100 g"",""grams"":100}]",1 item
usda-168072,Beef and vegetables (Chinese restaurant),,main,,false,105,7.1,7.3,5.3,1.5,"[{""label"":""1 order"",""grams"":574},{""label"":""100 g"",""grams"":100}]",100 g
usda-173330,Beef stew,,main,,false,99,4.4,7.9,5.5,0.9,"[{""label"":""1 cup (1 serving)"",""grams"":196},{""label"":""100 g"",""grams"":100}]",1 cup (1 serving)
usda-170689,"Beef taco, hard shell",taco,main,fast_food,false,226,8.9,19.9,12.7,3.9,"[{""label"":""1 each taco"",""grams"":69},{""label"":""100 g"",""grams"":100}]",1 each taco
usda-170763,"Beef taco, soft",taco,main,fast_food,false,206,9.3,20.2,9.8,2.9,"[{""label"":""1 each taco"",""grams"":102},{""label"":""100 g"",""grams"":100}]",1 each taco
usda-168068,Black bean soup (Latino restaurant),,main,,true,103,5.1,14.8,2.6,4.9,"[{""label"":""1 cup"",""grams"":246},{""label"":""100 g"",""grams"":100}]",1 cup
usda-170788,"Breadstick, soft, prepared with garlic and parmesan cheese",,main,fast_food,true,343,12.2,44.5,12.9,2.4,"[{""label"":""1 breadstick"",""grams"":43},{""label"":""100 g"",""grams"":100}]",1 breadstick
usda-168071,Bunuelos (Latino restaurant),fried yeast bread,main,fried,true,462,8,48.6,26.2,1.5,"[{""label"":""1 piece"",""grams"":70},{""label"":""100 g"",""grams"":100}]",1 piece
usda-169855,Cheese enchilada (Mexican restaurant),,main,,true,273,11.2,15.5,18.5,1.9,"[{""label"":""1 serving"",""grams"":244},{""label"":""1 enchilada"",""grams"":137},{""label"":""2 enchilada"",""grams"":257},{""label"":""3 enchilada"",""grams"":365},{""label"":""100 g"",""grams"":100}]",1 serving
usda-173333,Cheese lasagna,,main,,true,130,6.5,13.8,5.3,1.7,"[{""label"":""1 cup 1 serving"",""grams"":225},{""label"":""100 g"",""grams"":100}]",1 cup 1 serving
usda-173292,"Cheese pizza, regular crust",,main,fast_food,true,266,11.4,33.3,9.7,2.3,"[{""label"":""1 slice"",""grams"":107},{""label"":""1 pizza"",""grams"":853},{""label"":""100 g"",""grams"":100}]",1 slice
usda-170773,"Cheese pizza, stuffed crust",,main,fast_food,true,274,12.2,30,11.6,1.7,"[{""label"":""1 slice 1/8 pizza"",""grams"":117},{""label"":""1 pizza whole"",""grams"":937},{""label"":""100 g"",""grams"":100}]",1 slice 1/8 pizza
usda-173293,"Cheese pizza, thick crust",pizza,main,fast_food,true,271,10.8,33.2,10.5,2.2,"[{""label"":""1 slice"",""grams"":115},{""label"":""1 pizza"",""grams"":922},{""label"":""100 g"",""grams"":100}]",1 slice
usda-173294,"Cheese pizza, thin crust",pizza,main,fast_food,true,302,12.9,31.2,14,2.5,"[{""label"":""1 slice"",""grams"":76},{""label"":""1 pizza"",""grams"":590},{""label"":""100 g"",""grams"":100}]",1 slice
usda-169035,Cheese quesadilla (Mexican restaurant),,main,,true,368,15.9,24.1,23.1,1.7,"[{""label"":""1 serving"",""grams"":205},{""label"":""1 quesadilla 8-10 inch diameter"",""grams"":194},{""label"":""3 quesadilla 5-6 inch diameter"",""grams"":279},{""label"":""100 g"",""grams"":100}]",1 serving
usda-173328,Cheese ravioli,,main,,true,77,2.5,13.6,1.5,1.3,"[{""label"":""1 cup"",""grams"":242},{""label"":""100 g"",""grams"":100}]",1 cup
usda-169038,Cheese ravioli with marinara sauce (Italian restaurant),,main,,true,154,7.1,18.5,5.7,1.2,"[{""label"":""1 serving"",""grams"":427},{""label"":""100 g"",""grams"":100}]",1 serving
usda-169856,Cheese tamales (Mexican restaurant),,main,,true,216,9,18,12,2.2,"[{""label"":""1 serving"",""grams"":302},{""label"":""1 tamale"",""grams"":179},{""label"":""2 tamale"",""grams"":351},{""label"":""3 tamale"",""grams"":550},{""label"":""100 g"",""grams"":100}]",1 serving
usda-170373,"Cheese topping pizza, thin crust, frozen, cooked",,main,fast_food,true,263,11.9,28.8,11.1,3,"[{""label"":""1 slice"",""grams"":69},{""label"":""1 pie"",""grams"":556},{""label"":""100 g"",""grams"":100}]",1 slice
usda-170691,Cheeseburger with condiments,,main,fast_food,false,270,13.5,25.5,12.9,1.9,"[{""label"":""1 item"",""grams"":127},{""label"":""100 g"",""grams"":100}]",1 item
usda-170692,Cheeseburger with condiments and vegetables,,main,fast_food,false,254,13.1,25,11.5,1.4,"[{""label"":""1 sandwich"",""grams"":115},{""label"":""100 g"",""grams"":100}]",1 sandwich
usda-170690,"Cheeseburger, plain",,main,fast_food,false,308,16.5,28,14.7,2,"[{""label"":""1 sandwich"",""grams"":91},{""label"":""100 g"",""grams"":100}]",1 sandwich
usda-167659,Chicken and rice (Latino restaurant),,main,,false,174,12,20,5.1,1.2,"[{""label"":""1 cup"",""grams"":141},{""label"":""100 g"",""grams"":100}]",1 cup
usda-167678,Chicken and vegetables (Chinese restaurant),,main,high_protein,false,95,8.2,5.4,4.6,0.9,"[{""label"":""1 order"",""grams"":693},{""label"":""1 cup"",""grams"":153},{""label"":""100 g"",""grams"":100}]",100 g
usda-168083,Chicken chow mein (Chinese restaurant),,main,high_protein,false,85,6.8,8.3,2.8,1,"[{""label"":""1 order"",""grams"":604},{""label"":""100 g"",""grams"":100}]",100 g
usda-168062,Chicken parmesan without pasta (Italian restaurant),,main,high_protein,false,204,16.2,10.9,10.6,0.9,"[{""label"":""1 serving"",""grams"":301},{""label"":""100 g"",""grams"":100}]",1 serving
usda-170295,Chicken sandwich (fast food),chicken burger,main,fast_food,false,250,16.3,20.9,11.2,1.4,"[{""label"":""1 sandwich"",""grams"":187},{""label"":""100 g"",""grams"":100}]",1 sandwich
usda-170764,"Chicken taco, soft",taco,main,fast_food,false,189,13.3,19.7,6.4,1.2,"[{""label"":""1 each taco"",""grams"":98},{""label"":""100 g"",""grams"":100}]",1 each taco
usda-169847,Chicken tenders (restaurant),,main,,false,302,18.9,19.3,16.6,0.9,"[{""label"":""1 serving"",""grams"":201},{""label"":""100 g"",""grams"":100}]",1 serving
usda-172097,Chili con carne with beans,,main,,false,107,5.8,13.1,3.5,3.3,"[{""label"":""1 cup"",""grams"":242},{""label"":""100 g"",""grams"":100}]",1 cup
usda-169028,Chili with meat and beans (restaurant),,main,high_protein,false,157,12.6,4.6,9.8,1.4,"[{""label"":""1 cup"",""grams"":136},{""label"":""1 serving"",""grams"":182},{""label"":""100 g"",""grams"":100}]",1 cup
usda-169026,Coleslaw (restaurant),,main,,true,159,0.9,12.4,11.8,1.9,"[{""label"":""1 serving"",""grams"":108},{""label"":""100 g"",""grams"":100}]",1 serving
usda-170318,"Crispy chicken filet sandwich, with lettuce and mayonnaise",,main,fast_food,false,276,10.9,27.4,13.6,1.4,"[{""label"":""1 sandwich"",""grams"":152},{""label"":""100 g"",""grams"":100}]",1 sandwich
usda-170785,"Crispy chicken in tortilla, with lettuce, cheese, and ranch sauce",,main,fast_food,false,275,11.5,23.2,15.1,1.3,"[{""label"":""1 item"",""grams"":133},{""label"":""100 g"",""grams"":100}]",1 item
usda-170753,"Crispy chicken, bacon, and tomato club sandwich, with cheese, lettuce, and mayonnaise",,main,fast_food,false,257,15.4,22.6,11.8,1.2,"[{""label"":""1 sandwich"",""grams"":271},{""label"":""100 g"",""grams"":100}]",1 sandwich
usda-167667,"Egg rolls, assorted (Chinese restaurant)",,main,,false,250,8.3,27.3,11.9,2.6,"[{""label"":""1 piece"",""grams"":89},{""label"":""100 g"",""grams"":100}]",1 piece
usda-167660,"Empanadas, beef (Latino restaurant)",,main,,false,335,11.3,31.2,18.4,2,"[{""label"":""1 piece"",""grams"":89},{""label"":""100 g"",""grams"":100}]",1 piece
usda-169846,"Fish fillet, battered or breaded, fried (restaurant)",,main,fried,false,219,13.5,16.9,10.8,0.9,"[{""label"":""1 serving"",""grams"":226},{""label"":""100 g"",""grams"":100}]",1 serving
usda-170698,French fries (fast food),fries|finger chips,main,fried|fast_food,true,312,3.4,41.4,14.7,3.8,"[{""label"":""1 serving small"",""grams"":71},{""label"":""1 serving medium"",""grams"":117},{""label"":""1 serving large"",""grams"":154},{""label"":""100 g"",""grams"":100}]",1 serving small
usda-169836,French fries (restaurant),,main,fried|fast_food,true,289,3.5,37.2,14,3.9,"[{""label"":""1 serving"",""grams"":170},{""label"":""100 g"",""grams"":100}]",1 serving
usda-170756,Fried chicken breast (fast food),fried chicken,main,fried|fast_food|high_protein,false,230,23.5,6,12.4,0.1,"[{""label"":""1 breast, with skin"",""grams"":203},{""label"":""1 breast, without skin"",""grams"":142},{""label"":""1 breast, bone and skin removed"",""grams"":107},{""label"":""100 g"",""grams"":100}]","1 breast, with skin"
usda-170718,"Fried chicken pieces, boneless",chicken nuggets|popcorn chicken,main,fried|fast_food,false,307,15.9,14.9,20.4,0.9,"[{""label"":""6 pieces"",""grams"":96},{""label"":""4 pieces"",""grams"":64},{""label"":""10 pieces"",""grams"":160},{""label"":""20 pieces"",""grams"":320},{""label"":""100 g"",""grams"":100}]",6 pieces
usda-170359,Fried chicken thigh (fast food),fried chicken,main,fried|fast_food,false,274,19.2,8.7,18.1,0.1,"[{""label"":""1 thigh with skin"",""grams"":136},{""label"":""1 thigh without skin"",""grams"":84},{""label"":""1 thigh bone and skin removed"",""grams"":66},{""label"":""100 g"",""grams"":100}]",1 thigh with skin
usda-170360,Fried chicken wing (fast food),fried chicken,main,fried|fast_food|high_protein,false,310,21.1,11.2,20.1,0.1,"[{""label"":""1 wing, with skin"",""grams"":58},{""label"":""1 wing, without skin"",""grams"":37},{""label"":""1 wing, bone and skin removed"",""grams"":20},{""label"":""100 g"",""grams"":100}]","1 wing, with skin"
usda-170356,"Fried chicken, breast, skin and breading removed",,main,fried|fast_food|high_protein,false,153,27.9,0,4.5,0,"[{""label"":""1 breast without skin"",""grams"":142},{""label"":""1 breast bone and skin removed"",""grams"":107},{""label"":""100 g"",""grams"":100}]",1 breast without skin
usda-170757,"Fried chicken, drumstick, meat and skin with breading",,main,fried|fast_food|high_protein,false,267,21.1,7.6,16.9,0.5,"[{""label"":""1 drumstick, with skin"",""grams"":75},{""label"":""1 drumstick, without skin"",""grams"":56},{""label"":""1 drumstick, bone and skin removed"",""grams"":40},{""label"":""100 g"",""grams"":100}]","1 drumstick, with skin"
usda-170357,"Fried chicken, drumstick, skin and breading removed",,main,fried|fast_food|high_protein,false,172,26.2,0,7.4,0,"[{""label"":""1 drumstick, bone and skin removed"",""grams"":40},{""label"":""1 drumstick, drumstick without skin"",""grams"":56},{""label"":""100 g"",""grams"":100}]","1 drumstick, bone and skin removed"
usda-170358,"Fried chicken, thigh, skin and breading removed",,main,fried|fast_food|high_protein,false,178,23.2,0.2,9.4,0,"[{""label"":""1 thigh without skin"",""grams"":84},{""label"":""1 thigh bone and skin removed"",""grams"":66},{""label"":""100 g"",""grams"":100}]",1 thigh without skin
usda-170754,"Fried chicken, wing, skin and breading removed",,main,fried|fast_food|high_protein,false,215,28.8,2.1,10.2,0,"[{""label"":""1 wing without skin"",""grams"":37},{""label"":""1 wing bone and skin removed"",""grams"":20},{""label"":""100 g"",""grams"":100}]",1 wing without skin
usda-169015,Fried mozzarella sticks (restaurant),,main,fried,true,325,14.8,25.1,18.3,2,"[{""label"":""1 serving"",""grams"":245},{""label"":""1 piece"",""grams"":31},{""label"":""100 g"",""grams"":100}]",1 serving
usda-167668,"Fried rice, without meat (Chinese restaurant)",,main,fried,true,174,4.1,32.8,3,1.1,"[{""label"":""1 cup"",""grams"":137},{""label"":""100 g"",""grams"":100}]",1 cup
usda-167675,General tso's chicken (Chinese restaurant),,main,,false,295,12.9,24,16.4,0.9,"[{""label"":""1 order"",""grams"":535},{""label"":""3 pieces"",""grams"":53},{""label"":""100 g"",""grams"":100}]",100 g
usda-170786,"Grilled chicken in tortilla, with lettuce, cheese, and ranch sauce",,main,fast_food,false,222,13.8,18.4,10.3,0.9,"[{""label"":""1 item"",""grams"":123},{""label"":""100 g"",""grams"":100}]",1 item
usda-170368,Grilled chicken sandwich (fast food),,main,fast_food|high_protein,false,182,17.3,16.8,4.6,0.9,"[{""label"":""1 sandwich"",""grams"":230},{""label"":""100 g"",""grams"":100}]",1 sandwich
usda-170752,"Grilled chicken, bacon and tomato club sandwich, with cheese, lettuce, and mayonnaise",,main,fast_food|high_protein,false,220,17.2,19.9,8.1,1.2,"[{""label"":""1 sandwich"",""grams"":268},{""label"":""100 g"",""grams"":100}]",1 sandwich
usda-170694,Hamburger with condiments,,main,fast_food,false,263,13.3,29.6,10.2,1.8,"[{""label"":""1 sandwich"",""grams"":97},{""label"":""100 g"",""grams"":100}]",1 sandwich
usda-170710,"Hamburger, large, with condiments",,main,fast_food,false,256,15.7,22.1,11.6,1.1,"[{""label"":""1 item"",""grams"":171},{""label"":""100 g"",""grams"":100}]",1 item
usda-170693,"Hamburger, plain",,main,fast_food,false,297,16.5,31.5,12,1.7,"[{""label"":""1 sandwich"",""grams"":78},{""label"":""100 g"",""grams"":100}]",1 sandwich
usda-173318,"Hamburger; single, regular patty; double decker bun with condiments and special sauce",,main,fast_food,false,259,12.2,22.7,13.3,1.4,"[{""label"":""1 item"",""grams"":205},{""label"":""100 g"",""grams"":100}]",1 item
usda-169848,Hash browns (restaurant),,main,,true,197,2.5,26.6,9,2.7,"[{""label"":""1 cup"",""grams"":94},{""label"":""1 serving"",""grams"":124},{""label"":""100 g"",""grams"":100}]",1 cup
usda-167676,Kung pao chicken (Chinese restaurant),,main,high_protein,false,129,9.8,6.9,7,1.5,"[{""label"":""1 order"",""grams"":604},{""label"":""100 g"",""grams"":100}]",100 g
usda-169850,Lasagna with meat (Italian restaurant),,main,,false,185,10.8,11.4,10.7,1.5,"[{""label"":""1 serving"",""grams"":457},{""label"":""100 g"",""grams"":100}]",1 serving
usda-172114,Lasagna with meat sauce,,main,,false,135,7.3,15.4,4.9,1.7,"[{""label"":""1 piece side"",""grams"":123},{""label"":""1 piece corner"",""grams"":114},{""label"":""1 piece center"",""grams"":255},{""label"":""100 g"",""grams"":100}]",1 piece side
usda-167674,Lemon chicken (Chinese restaurant),,main,,false,252,11.9,20.6,13.6,1,"[{""label"":""1 order"",""grams"":623},{""label"":""3 pieces"",""grams"":73},{""label"":""100 g"",""grams"":100}]",100 g
usda-169770,Macaroni and cheese,mac and cheese,main,,true,164,6.7,23.1,5,1.2,"[{""label"":""1 cup prepared"",""grams"":189},{""label"":""100 g"",""grams"":100}]",1 cup prepared
usda-172055,"Meat and vegetable pizza, regular crust",,main,fast_food,false,244,11,25.4,10.9,2.2,"[{""label"":""1 slice"",""grams"":136},{""label"":""1 pie"",""grams"":1168},{""label"":""100 g"",""grams"":100}]",1 slice
usda-172095,"Meat topping pizza, thick crust, frozen, cooked",,main,fast_food,false,274,11.8,30.8,11.5,2.3,"[{""label"":""1 slice 1/8 of 12\"" pizza"",""grams"":103},{""label"":""1 slice 1/8 of 14\"" pizza"",""grams"":127},{""label"":""100 g"",""grams"":100}]","1 slice 1/8 of 12"" pizza"
usda-169027,Onion rings (restaurant),,main,fried,true,356,4.9,40.7,19.3,2.6,"[{""label"":""1 serving"",""grams"":259},{""label"":""100 g"",""grams"":100}]",1 serving
usda-167679,Orange chicken (Chinese restaurant),,main,,false,262,14.5,22.5,12.7,0.8,"[{""label"":""1 order"",""grams"":648},{""label"":""3 pieces"",""grams"":63},{""label"":""100 g"",""grams"":100}]",100 g
usda-172100,Pasta in tomato sauce (no meat),,main,,true,71,2.2,13.9,0.7,0.9,"[{""label"":""1 serving"",""grams"":252},{""label"":""1 cup"",""grams"":238},{""label"":""100 g"",""grams"":100}]",1 serving
usda-173295,"Pepperoni pizza, regular crust",,main,fast_food,false,282,11.7,32,11.9,2.3,"[{""label"":""1 slice"",""grams"":111},{""label"":""1 pizza"",""grams"":895},{""label"":""100 g"",""grams"":100}]",1 slice
usda-173296,"Pepperoni pizza, thick crust",,main,fast_food,false,287,11.5,31.8,12.6,2.2,"[{""label"":""1 slice"",""grams"":118},{""label"":""1 pizza"",""grams"":946},{""label"":""100 g"",""grams"":100}]",1 slice
usda-170762,"Pepperoni pizza, thin crust",,main,fast_food,false,331,14,29,17.6,2.3,"[{""label"":""1 slice"",""grams"":79},{""label"":""1 pizza"",""grams"":597},{""label"":""100 g"",""grams"":100}]",1 slice
usda-173344,Pulled pork in barbecue sauce,,main,high_protein,false,168,13.2,18.7,4.4,1.2,"[{""label"":""1 cup"",""grams"":249},{""label"":""100 g"",""grams"":100}]",1 cup
usda-167662,Pupusas con queso (Latino restaurant),cheese,main,,true,256,11.7,22.4,13.3,2.9,"[{""label"":""1 piece"",""grams"":117},{""label"":""100 g"",""grams"":100}]",1 piece
usda-167663,Pupusas del cerdo (Latino restaurant),pork,main,,false,232,11.5,23,10.4,2.6,"[{""label"":""1 piece"",""grams"":122},{""label"":""100 g"",""grams"":100}]",1 piece
usda-173329,"Ravioli, meat-filled, with tomato sauce or meat sauce, canned",,main,,false,97,3.2,13.3,3.4,1.5,"[{""label"":""1 cup"",""grams"":262},{""label"":""100 g"",""grams"":100}]",1 cup
usda-167666,Refried beans (Mexican restaurant),,main,high_fibre,true,156,6.9,16.8,6.8,8,"[{""label"":""1 cup"",""grams"":148},{""label"":""100 g"",""grams"":100}]",1 cup
usda-170367,"Sausage pizza, regular crust",,main,fast_food,false,280,11.5,30.6,12.4,2.3,"[{""label"":""1 slice"",""grams"":116},{""label"":""1 pizza"",""grams"":932},{""label"":""100 g"",""grams"":100}]",1 slice
usda-170365,"Sausage pizza, thick crust",,main,fast_food,false,282,11.1,30.4,12.9,2.3,"[{""label"":""1 slice"",""grams"":127},{""label"":""1 pizza"",""grams"":1017},{""label"":""100 g"",""grams"":100}]",1 slice
usda-170366,"Sausage pizza, thin crust",,main,fast_food,false,321,13.4,27,17.7,2.5,"[{""label"":""1 slice"",""grams"":88},{""label"":""1 pizza"",""grams"":670},{""label"":""100 g"",""grams"":100}]",1 slice
usda-168087,Sesame chicken (Chinese restaurant),,main,,false,293,14.3,26.9,14.3,0.7,"[{""label"":""1 order"",""grams"":547},{""label"":""100 g"",""grams"":100}]",100 g
usda-168080,Shrimp and vegetables (Chinese restaurant),,main,high_protein,false,78,5.9,4.5,4.1,1.4,"[{""label"":""1 order"",""grams"":601},{""label"":""100 g"",""grams"":100}]",100 g
usda-169838,"Shrimp, breaded and fried (restaurant)",,main,fried,false,308,12.7,22.3,18.7,1.5,"[{""label"":""1 serving"",""grams"":169},{""label"":""100 g"",""grams"":100}]",1 serving
usda-169016,Sirloin steak (restaurant),,main,high_protein,false,195,29.8,0,8.5,0,"[{""label"":""1 serving"",""grams"":166},{""label"":""100 g"",""grams"":100}]",1 serving
usda-167658,"Soft taco with ground beef, cheese and lettuce (Mexican restaurant)",,main,fast_food,false,219,12.6,17.9,10.8,1.5,"[{""label"":""1 serving"",""grams"":281},{""label"":""1 taco"",""grams"":134},{""label"":""2 taco"",""grams"":279},{""label"":""3 taco"",""grams"":389},{""label"":""100 g"",""grams"":100}]",1 serving
usda-169029,Spaghetti and meatballs (restaurant),,main,,false,170,7.8,15.5,8.5,1.5,"[{""label"":""1 cup"",""grams"":134},{""label"":""1 serving"",""grams"":565},{""label"":""100 g"",""grams"":100}]",1 cup
usda-167680,Spaghetti with meat sauce (Italian restaurant),,main,,false,121,5.8,16.4,3.6,1.6,"[{""label"":""1 serving"",""grams"":554},{""label"":""100 g"",""grams"":100}]",100 g
usda-172099,Spaghetti with meatballs,,main,,false,100,4.4,11.5,4.1,2.7,"[{""label"":""1 cup"",""grams"":246},{""label"":""1 can"",""grams"":411},{""label"":""100 g"",""grams"":100}]",1 cup
usda-169033,Spaghetti with pomodoro sauce (Italian restaurant),no meat,main,,true,104,3.9,17.8,1.9,1.7,"[{""label"":""1 serving"",""grams"":510},{""label"":""100 g"",""grams"":100}]",100 g
usda-167665,Spanish rice (Mexican restaurant),,main,,true,185,3.3,31.2,5.3,1.2,"[{""label"":""1 cup"",""grams"":116},{""label"":""100 g"",""grams"":100}]",1 cup
usda-170775,Strawberry banana smoothie,,main,fast_food,true,65,0.9,15.1,0.1,0.9,"[{""label"":""12 fl oz"",""grams"":347},{""label"":""100 g"",""grams"":100}]",12 fl oz
usda-170313,"Submarine sandwich, bacon, lettuce, and tomato on white bread",,main,fast_food,false,205,10.1,26.7,6.4,1.6,"[{""label"":""6 inch sub"",""grams"":148},{""label"":""12 inch sub"",""grams"":296},{""label"":""100 g"",""grams"":100}]",6 inch sub
usda-170709,"Submarine sandwich, meatball marinara on white bread",,main,fast_food,false,219,9.8,26,8.5,2.1,"[{""label"":""6 inch sub"",""grams"":209},{""label"":""12 inch sub"",""grams"":418},{""label"":""100 g"",""grams"":100}]",6 inch sub
usda-170706,"Submarine sandwich, turkey breast on white bread with lettuce and tomato",,main,fast_food,false,147,9.1,22.4,2.3,1.3,"[{""label"":""6 inch sub"",""grams"":184},{""label"":""12 inch sub"",""grams"":367},{""label"":""100 g"",""grams"":100}]",6 inch sub
usda-170308,"Submarine sandwich, turkey, roast beef and ham on white bread with lettuce and tomato",,main,fast_food,false,146,10.7,20.4,2.4,1.4,"[{""label"":""12 inch sub"",""grams"":413},{""label"":""6 inch sub"",""grams"":207},{""label"":""100 g"",""grams"":100}]",12 inch sub
usda-168081,Sweet and sour chicken (Chinese restaurant),,main,,false,250,10.1,23.9,12.7,1,"[{""label"":""1 order"",""grams"":706},{""label"":""3 pieces"",""grams"":55},{""label"":""100 g"",""grams"":100}]",100 g
usda-168082,Sweet and sour pork (Chinese restaurant),,main,,false,270,8.9,23.3,15.7,1,"[{""label"":""1 order"",""grams"":609},{""label"":""3 pieces"",""grams"":42},{""label"":""100 g"",""grams"":100}]",100 g
usda-167664,"Tamale, corn (Latino restaurant)",,main,,true,186,3.5,26.7,7.2,3.2,"[{""label"":""1 piece"",""grams"":166},{""label"":""100 g"",""grams"":100}]",1 piece
usda-168067,"Tamale, pork (Latino restaurant)",,main,,false,174,7.4,15.8,9,2.4,"[{""label"":""1 piece"",""grams"":142},{""label"":""100 g"",""grams"":100}]",1 piece
usda-173274,"Vanilla, light, soft-serve ice cream, with cone",,main,dessert|fast_food,true,163,4.2,26.4,4.9,0.1,"[{""label"":""1 item"",""grams"":120},{""label"":""100 g"",""grams"":100}]",1 item
usda-168084,"Vegetable chow mein, without meat or noodles (Chinese restaurant)",,main,,true,43,1.3,5.7,1.7,1.2,"[{""label"":""1 order"",""grams"":777},{""label"":""1 cup"",""grams"":195},{""label"":""100 g"",""grams"":100}]",100 g
usda-172106,Vegetable lasagna,,main,,true,139,6.9,14.2,6,1.9,"[{""label"":""1 serving"",""grams"":227},{""label"":""1 cup"",""grams"":226},{""label"":""100 g"",""grams"":100}]",1 serving
usda-167677,"Vegetable lo mein, without meat (Chinese restaurant)",,main,,true,121,4.8,20.2,2.4,1.3,"[{""label"":""1 order"",""grams"":741},{""label"":""1 cup"",""grams"":136},{""label"":""100 g"",""grams"":100}]",100 g
usda-172105,Vegetable spring rolls,egg rolls|spring roll,main,,false,214,6,31.8,7,2.4,"[{""label"":""1 egg roll"",""grams"":68},{""label"":""100 g"",""grams"":100}]",1 egg roll
usda-170355,Yogurt parfait with granola,,main,,true,84,3.4,15.9,1,1.1,"[{""label"":""1 item"",""grams"":149},{""label"":""100 g"",""grams"":100}]",1 item
usda-172013,Beef and pork bologna,,meat,meat,false,308,15.2,5.5,24.6,0,"[{""label"":""3.52 oz"",""grams"":100},{""label"":""100 g"",""grams"":100}]",3.52 oz
usda-172012,Beef bologna,,meat,meat,false,299,10.9,4.3,26.1,0,"[{""label"":""1 slice"",""grams"":30},{""label"":""1 serving"",""grams"":28},{""label"":""100 g"",""grams"":100}]",1 slice
usda-170611,"Beef brisket, braised",,meat,meat|high_protein,false,291,26.8,0,19.5,0,"[{""label"":""1 piece, cooked, excluding refuse"",""grams"":314},{""label"":""3 oz"",""grams"":85},{""label"":""100 g"",""grams"":100}]","1 piece, cooked, excluding refuse"
usda-168607,"Beef brisket, lean",,meat,meat|high_protein,false,157,20.7,0.6,7.4,0,"[{""label"":""4 oz"",""grams"":113},{""label"":""100 g"",""grams"":100}]",4 oz
usda-170612,"Beef brisket, lean, braised",,meat,meat|high_protein,false,218,29.8,0,10.1,0,"[{""label"":""1 piece, cooked, excluding refuse"",""grams"":264},{""label"":""3 oz"",""grams"":85},{""label"":""100 g"",""grams"":100}]","1 piece, cooked, excluding refuse"
usda-170826,Beef chuck short ribs,,meat,meat,false,235,17.5,0,18.3,0,"[{""label"":""1 piece"",""grams"":432},{""label"":""4 oz"",""grams"":113},{""label"":""100 g"",""grams"":100}]",1 piece
usda-174776,"Beef flank steak, lean",,meat,meat|high_protein,false,141,21.6,0,5.5,0,"[{""label"":""1 steak"",""grams"":188},{""label"":""4 oz"",""grams"":113},{""label"":""100 g"",""grams"":100}]",1 steak
usda-174774,"Beef flank steak, lean, broiled",,meat,meat|high_protein,false,186,27.9,0,7.4,0,"[{""label"":""1 steak"",""grams"":383},{""label"":""3 oz"",""grams"":85},{""label"":""100 g"",""grams"":100}]",1 steak
usda-167696,"Beef frankfurter, low fat",,meat,meat|high_protein,false,140,12,1.6,9.5,0,"[{""label"":""1 frankfurter"",""grams"":57},{""label"":""1 cup, sliced"",""grams"":151},{""label"":""100 g"",""grams"":100}]","1 cup, sliced"
usda-169451,Beef liver,,meat,meat|high_protein,false,135,20.4,3.9,3.6,0,"[{""label"":""4 oz"",""grams"":113},{""label"":""100 g"",""grams"":100}]",4 oz
usda-168626,"Beef liver, braised",,meat,meat|high_protein,false,191,29.1,5.1,5.3,0,"[{""label"":""1 slice"",""grams"":68},{""label"":""3 oz"",""grams"":85},{""label"":""100 g"",""grams"":100}]",1 slice
usda-168627,"Beef liver, pan-fried",,meat,meat|high_protein,false,175,26.5,5.2,4.7,0,"[{""label"":""1 slice"",""grams"":81},{""label"":""3 oz"",""grams"":85},{""label"":""100 g"",""grams"":100}]",1 slice
usda-174693,"Beef loin, top sirloin filet, lean, grilled",,meat,meat|high_protein,false,171,30.6,0,5.4,0,"[{""label"":""1 fillet"",""grams"":121},{""label"":""3 oz"",""grams"":85},{""label"":""100 g"",""grams"":100}]",1 fillet
usda-173402,Beef rib eye steak,,meat,meat|high_protein,false,228,19.3,0.1,16.7,0,"[{""label"":""1 steak"",""grams"":326},{""label"":""4 oz"",""grams"":113},{""label"":""100 g"",""grams"":100}]",1 steak
usda-172164,"Beef rib eye steak, grilled",,meat,meat|high_protein,false,271,24.9,0,19,0,"[{""label"":""1 steak"",""grams"":251},{""label"":""3 oz"",""grams"":85},{""label"":""100 g"",""grams"":100}]",1 steak
usda-172143,"Beef rib eye steak, lean",,meat,meat|high_protein,false,154,21.9,0,7.4,0,"[{""label"":""4 oz"",""grams"":113},{""label"":""100 g"",""grams"":100}]",4 oz
usda-172142,"Beef rib eye steak, lean, grilled",,meat,meat|high_protein,false,206,28.1,0,10.4,0,"[{""label"":""3 oz"",""grams"":85},{""label"":""100 g"",""grams"":100}]",3 oz
usda-174696,"Beef ribeye  petite roast/filet, lean",,meat,meat|high_protein,false,133,22.7,0,4.7,0,"[{""label"":""1 fillet"",""grams"":164},{""label"":""1 roast"",""grams"":901},{""label"":""4 oz"",""grams"":113},{""label"":""100 g"",""grams"":100}]",1 fillet
usda-173367,"Beef round, knuckle, tip side, steak",,meat,meat|high_protein,false,129,21.7,0,4,0,"[{""label"":""1 steak"",""grams"":207},{""label"":""4 oz"",""grams"":113},{""label"":""100 g"",""grams"":100}]",1 steak
usda-172131,"Beef round, knuckle, tip side, steak, grilled",,meat,meat|high_protein,false,168,29.1,0,4.8,0,"[{""label"":""1 steak"",""grams"":168},{""label"":""3 oz"",""grams"":85},{""label"":""100 g"",""grams"":100}]",1 steak
usda-174618,"Beef sausage, cooked",,meat,meat,false,332,18.2,0.4,28,0,"[{""label"":""1 serving"",""grams"":43},{""label"":""100 g"",""grams"":100}]",1 serving
usda-169439,Beef shortribs,,meat,meat,false,390,14.4,0.4,36.2,0,"[{""label"":""4 oz"",""grams"":113},{""label"":""100 g"",""grams"":100}]",4 oz
usda-168613,"Beef shortribs, braised",,meat,meat|high_protein,false,471,21.6,0,42,0,"[{""label"":""1 piece, cooked, excluding refuse"",""grams"":225},{""label"":""3 oz"",""grams"":85},{""label"":""100 g"",""grams"":100}]","1 piece, cooked, excluding refuse"
usda-168614,"Beef shortribs, lean",,meat,meat|high_protein,false,175,19.1,0.4,10.2,0,"[{""label"":""4 oz"",""grams"":113},{""label"":""100 g"",""grams"":100}]",4 oz
usda-168615,"Beef shortribs, lean, braised",,meat,meat|high_protein,false,295,30.8,0,18.1,0,"[{""label"":""1 piece, cooked, excluding refuse"",""grams"":121},{""label"":""3 oz"",""grams"":85},{""label"":""100 g"",""grams"":100}]","1 piece, cooked, excluding refuse"
usda-171206,Beef stew meat (chuck),,meat,meat|high_protein,false,128,21.8,0.2,4.5,0,"[{""label"":""4 oz"",""grams"":113},{""label"":""100 g"",""grams"":100}]",4 oz
usda-171203,"Beef stew meat (chuck), braised",,meat,meat|high_protein,false,191,32.4,0,6.8,0,"[{""label"":""3 oz"",""grams"":85},{""label"":""100 g"",""grams"":100}]",3 oz
usda-173987,Beef tenderloin roast,,meat,meat|high_protein,false,149,21.7,0,6.9,0,"[{""label"":""1 roast"",""grams"":644},{""label"":""4 oz"",""grams"":113},{""label"":""100 g"",""grams"":100}]",100 g
usda-171765,"Beef tenderloin roast, lean",,meat,meat|high_protein,false,139,21.9,0,5.7,0,"[{""label"":""1 roast"",""grams"":644},{""label"":""4 oz"",""grams"":113},{""label"":""100 g"",""grams"":100}]",100 g
usda-174004,"Beef tenderloin roast, lean, roasted",,meat,meat|high_protein,false,177,27.5,0,7.5,0,"[{""label"":""1 roast"",""grams"":481},{""label"":""3 oz"",""grams"":85},{""label"":""100 g"",""grams"":100}]",3 oz
usda-173991,"Beef tenderloin roast, roasted",,meat,meat|high_protein,false,183,27.3,0,8.1,0,"[{""label"":""1 roast"",""grams"":481},{""label"":""3 oz"",""grams"":85},{""label"":""100 g"",""grams"":100}]",3 oz
usda-173988,Beef tenderloin steak,,meat,meat|high_protein,false,147,21.7,0,6.7,0,"[{""label"":""1 steak"",""grams"":170},{""label"":""4 oz"",""grams"":113},{""label"":""100 g"",""grams"":100}]",1 steak
usda-170237,"Beef tenderloin steak, grilled",,meat,meat|high_protein,false,211,30.5,0,8.9,0,"[{""label"":""1 steak"",""grams"":117},{""label"":""3 oz"",""grams"":85},{""label"":""100 g"",""grams"":100}]",1 steak
usda-171767,"Beef tenderloin steak, lean",,meat,meat|high_protein,false,139,21.9,0,5.7,0,"[{""label"":""1 steak"",""grams"":170},{""label"":""4 oz"",""grams"":113},{""label"":""100 g"",""grams"":100}]",1 steak
usda-170641,"Beef tenderloin steak, lean, grilled",,meat,meat|high_protein,false,198,30.7,0,8.3,0,"[{""label"":""1 steak"",""grams"":119},{""label"":""3 oz"",""grams"":85},{""label"":""100 g"",""grams"":100}]",1 steak
usda-173982,Beef top round roast,,meat,meat|high_protein,false,125,23.5,0,3.5,0,"[{""label"":""1 roast"",""grams"":758},{""label"":""4 oz"",""grams"":113},{""label"":""100 g"",""grams"":100}]",100 g
usda-171760,"Beef top round roast, lean",,meat,meat|high_protein,false,121,23.6,0,2.9,0,"[{""label"":""1 roast"",""grams"":758},{""label"":""4 oz"",""grams"":113},{""label"":""100 g"",""grams"":100}]",100 g
usda-174007,"Beef top round roast, lean, roasted",,meat,meat|high_protein,false,162,30.1,0,3.8,0,"[{""label"":""3 oz"",""grams"":85},{""label"":""100 g"",""grams"":100}]",3 oz
usda-171755,"Beef top round roast, roasted",,meat,meat|high_protein,false,160,29.9,0,4.5,0,"[{""label"":""3 oz"",""grams"":85},{""label"":""100 g"",""grams"":100}]",3 oz
usda-171743,Beef top round steak,,meat,meat|high_protein,false,124,23.5,0,3.3,0,"[{""label"":""1 steak"",""grams"":344},{""label"":""4 oz"",""grams"":113},{""label"":""100 g"",""grams"":100}]",1 steak
usda-169560,"Beef top round steak, grilled",,meat,meat|high_protein,false,167,30,0,4.3,0,"[{""label"":""1 steak"",""grams"":277},{""label"":""3 oz"",""grams"":85},{""label"":""100 g"",""grams"":100}]",1 steak
usda-171757,"Beef top round steak, lean",,meat,meat|high_protein,false,121,23.6,0,2.9,0,"[{""label"":""1 steak"",""grams"":344},{""label"":""4 oz"",""grams"":113},{""label"":""100 g"",""grams"":100}]",1 steak
usda-168649,"Beef top round steak, lean, grilled",,meat,meat|high_protein,false,162,30.1,0,3.8,0,"[{""label"":""1 steak"",""grams"":277},{""label"":""3 oz"",""grams"":85},{""label"":""100 g"",""grams"":100}]",1 steak
usda-170638,"Beef top round, braised",,meat,meat|high_protein,false,209,35.6,0,6.3,0,"[{""label"":""1 piece, cooked, excluding refuse"",""grams"":267},{""label"":""3 oz"",""grams"":85},{""label"":""100 g"",""grams"":100}]","1 piece, cooked, excluding refuse"
usda-169457,"Beef top sirloin steak, broiled",,meat,meat|high_protein,false,212,29.3,0,9.7,0,"[{""label"":""1 steak"",""grams"":384},{""label"":""3 oz"",""grams"":85},{""label"":""100 g"",""grams"":100}]",1 steak
usda-168634,"Beef top sirloin steak, lean, broiled",,meat,meat|high_protein,false,183,30.6,0,5.8,0,"[{""label"":""1 piece, cooked, excluding refuse"",""grams"":292},{""label"":""3 oz"",""grams"":85},{""label"":""100 g"",""grams"":100}]","1 piece, cooked, excluding refuse"
usda-173872,"Chicken bologna, pork, beef",,meat,meat,false,272,11.3,5.6,22.7,0,"[{""label"":""1 serving"",""grams"":28},{""label"":""1 slice"",""grams"":28},{""label"":""100 g"",""grams"":100}]",1 slice
usda-172970,"Chicken bologna, turkey, pork",,meat,meat,false,298,9.9,5.7,26.2,0,"[{""label"":""1 serving"",""grams"":28},{""label"":""1 slice"",""grams"":28},{""label"":""100 g"",""grams"":100}]",1 slice
usda-172957,"Chicken bratwurst, cooked",,meat,meat|high_protein,false,176,19.4,0,10.4,0,"[{""label"":""1 serving 2.96 oz"",""grams"":84},{""label"":""100 g"",""grams"":100}]",1 serving 2.96 oz
usda-171078,"Chicken breast, fried",,meat,meat|fried|high_protein,false,187,33.4,0.5,4.7,0,"[{""label"":""1 unit"",""grams"":52},{""label"":""1/2 breast, bone and skin removed"",""grams"":86},{""label"":""100 g"",""grams"":100}]","1/2 breast, bone and skin removed"
usda-171534,"Chicken breast, grilled",grilled chicken breast,meat,meat|high_protein,false,151,30.5,0,3.2,0,"[{""label"":""1 piece"",""grams"":196},{""label"":""3 oz"",""grams"":85},{""label"":""100 g"",""grams"":100}]",1 piece
usda-171077,"Chicken breast, raw (skinless)",chicken breast,meat,meat|high_protein,false,120,22.5,0,2.6,0,"[{""label"":""1 piece"",""grams"":272},{""label"":""1 package"",""grams"":926},{""label"":""4 oz"",""grams"":113},{""label"":""100 g"",""grams"":100}]",1 piece
usda-171477,"Chicken breast, roasted (skinless)",,meat,meat|high_protein,false,165,31,0,3.6,0,"[{""label"":""1 cup, chopped or diced"",""grams"":140},{""label"":""1 unit"",""grams"":52},{""label"":""1/2 breast, bone and skin removed"",""grams"":86},{""label"":""100 g"",""grams"":100}]","1/2 breast, bone and skin removed"
usda-171140,"Chicken breast, skinless, braised",,meat,meat|high_protein,false,157,32.1,0,3.2,0,"[{""label"":""1 piece"",""grams"":181},{""label"":""3 oz"",""grams"":85},{""label"":""100 g"",""grams"":100}]",1 piece
usda-171474,"Chicken breast, with skin",,meat,meat|high_protein,false,172,20.9,0,9.3,0,"[{""label"":""1/2 breast, bone removed"",""grams"":87},{""label"":""100 g"",""grams"":100}]","1/2 breast, bone removed"
usda-171075,"Chicken breast, with skin, roasted",,meat,meat|high_protein,false,197,29.8,0,7.8,0,"[{""label"":""1 cup, chopped or diced"",""grams"":140},{""label"":""1 unit"",""grams"":58},{""label"":""1/2 breast, bone removed"",""grams"":98},{""label"":""100 g"",""grams"":100}]","1/2 breast, bone removed"
usda-172375,"Chicken drumstick, fried",,meat,meat|fried|high_protein,false,195,28.6,0,8.1,0,"[{""label"":""1 unit"",""grams"":25},{""label"":""1 drumstick, bone and skin removed"",""grams"":42},{""label"":""100 g"",""grams"":100}]","1 drumstick, bone and skin removed"
usda-172373,"Chicken drumstick, raw (skinless)",leg piece,meat,meat|high_protein,false,161,18.1,0.1,9.2,0,"[{""label"":""1 drumstick with skin"",""grams"":133},{""label"":""1 drumstick"",""grams"":130},{""label"":""4 oz"",""grams"":113},{""label"":""100 g"",""grams"":100}]",1 drumstick with skin
usda-173612,"Chicken drumstick, roasted (skinless)",leg piece,meat,meat|high_protein,false,191,23.4,0,10.2,0,"[{""label"":""1 drumstick with skin"",""grams"":105},{""label"":""1 drumstick without skin"",""grams"":96},{""label"":""3 oz"",""grams"":85},{""label"":""100 g"",""grams"":100}]",1 drumstick with skin
usda-171624,Chicken frankfurter,,meat,meat,false,223,15.5,2.7,16.2,0,"[{""label"":""1 link"",""grams"":45},{""label"":""3 oz"",""grams"":85},{""label"":""100 g"",""grams"":100}]",1 link
usda-171060,Chicken liver,kaleji,meat,meat|high_protein,false,119,16.9,0.7,4.8,0,"[{""label"":""1 liver"",""grams"":44},{""label"":""4 oz"",""grams"":113},{""label"":""100 g"",""grams"":100}]",1 liver
usda-174491,"Chicken liver, pan-fried",,meat,meat|high_protein,false,172,25.8,1.1,6.4,0,"[{""label"":""1 liver"",""grams"":44},{""label"":""3 oz"",""grams"":85},{""label"":""100 g"",""grams"":100}]",3 oz
usda-171061,"Chicken liver, simmered",,meat,meat|high_protein,false,167,24.5,0.9,6.5,0,"[{""label"":""1 liver"",""grams"":44},{""label"":""3 oz"",""grams"":85},{""label"":""100 g"",""grams"":100}]",3 oz
usda-172387,"Chicken thigh, fried",,meat,meat|fried|high_protein,false,218,28.2,1.2,10.3,0,"[{""label"":""1 unit"",""grams"":31},{""label"":""1 thigh, bone and skin removed"",""grams"":52},{""label"":""3 oz"",""grams"":85},{""label"":""100 g"",""grams"":100}]","1 thigh, bone and skin removed"
usda-172385,"Chicken thigh, raw (skinless)",chicken thigh,meat,meat,false,221,16.5,0.3,16.6,0,"[{""label"":""1 thigh with skin"",""grams"":193},{""label"":""4 oz"",""grams"":113},{""label"":""100 g"",""grams"":100}]",1 thigh with skin
usda-172388,"Chicken thigh, roasted (skinless)",,meat,meat|high_protein,false,179,24.8,0,8.2,0,"[{""label"":""1 thigh without skin"",""grams"":116},{""label"":""1 thigh with skin"",""grams"":137},{""label"":""3 oz"",""grams"":85},{""label"":""100 g"",""grams"":100}]",1 thigh without skin
usda-173625,"Chicken thigh, with skin, roasted",,meat,meat|high_protein,false,232,23.3,0,14.7,0,"[{""label"":""1 thigh with skin"",""grams"":137},{""label"":""1 thigh without skin"",""grams"":116},{""label"":""3 oz"",""grams"":85},{""label"":""100 g"",""grams"":100}]",1 thigh with skin
usda-172391,"Chicken wing, fried",,meat,meat|fried|high_protein,false,211,30.2,0,9.2,0,"[{""label"":""1 unit"",""grams"":12},{""label"":""1 wing, bone and skin removed"",""grams"":20},{""label"":""3 oz"",""grams"":85},{""label"":""100 g"",""grams"":100}]","1 wing, bone and skin removed"
usda-173632,"Chicken wing, raw (skinless)",,meat,meat|high_protein,false,126,22,0,3.5,0,"[{""label"":""1 wing, bone and skin removed"",""grams"":17},{""label"":""100 g"",""grams"":100}]","1 wing, bone and skin removed"
usda-172392,"Chicken wing, roasted (skinless)",,meat,meat|high_protein,false,203,30.5,0,8.1,0,"[{""label"":""1 unit"",""grams"":13},{""label"":""1 wing, bone and skin removed"",""grams"":21},{""label"":""100 g"",""grams"":100}]","1 wing, bone and skin removed"
usda-172390,"Chicken wing, with skin",,meat,meat|high_protein,false,191,17.5,0,12.9,0,"[{""label"":""1 piece"",""grams"":107},{""label"":""1 package"",""grams"":1150},{""label"":""4 oz"",""grams"":113},{""label"":""100 g"",""grams"":100}]",1 piece
usda-173630,"Chicken wing, with skin, roasted",,meat,meat|high_protein,false,254,23.8,0,16.9,0,"[{""label"":""1 piece"",""grams"":85},{""label"":""3 oz"",""grams"":85},{""label"":""100 g"",""grams"":100}]",1 piece
usda-171447,"Chicken, meat and skin, raw",chicken with skin,meat,meat|high_protein,false,215,18.6,0,15.1,0,"[{""label"":""1 unit"",""grams"":276},{""label"":""1/2 chicken, bone removed"",""grams"":460},{""label"":""4 oz"",""grams"":113},{""label"":""100 g"",""grams"":100}]",1 unit
usda-171450,"Chicken, meat and skin, roasted",,meat,meat|high_protein,false,239,27.3,0,13.6,0,"[{""label"":""1 cup, chopped or diced"",""grams"":140},{""label"":""1/2 unit"",""grams"":178},{""label"":""0 chicken, bone removed"",""grams"":299},{""label"":""3 oz"",""grams"":85},{""label"":""100 g"",""grams"":100}]","1 cup, chopped or diced"
usda-171052,"Chicken, meat only, raw",chicken,meat,meat|high_protein,false,119,21.4,0,3.1,0,"[{""label"":""1 unit"",""grams"":197},{""label"":""1/2 chicken, bone and skin removed"",""grams"":329},{""label"":""4 oz"",""grams"":113},{""label"":""100 g"",""grams"":100}]",1 unit
usda-171054,"Chicken, meat only, roasted",chicken,meat,meat|high_protein,false,190,28.9,0,7.4,0,"[{""label"":""1 cup, chopped or diced"",""grams"":140},{""label"":""1 tbsp"",""grams"":8.7},{""label"":""1 unit"",""grams"":146},{""label"":""100 g"",""grams"":100}]","1 cup, chopped or diced"
usda-172938,"Dry or hard salami, pork",,meat,meat|high_protein,false,407,22.6,1.6,33.7,0,"[{""label"":""1 package (4 oz)"",""grams"":113},{""label"":""1 slice (3-1/8\"" dia x 1/16\"" thick)"",""grams"":10},{""label"":""100 g"",""grams"":100}]","1 slice (3-1/8"" dia x 1/16"" thick)"
usda-172410,Duck,,meat,meat|high_protein,false,135,18.3,0.9,6,0,"[{""label"":""1 unit"",""grams"":137},{""label"":""1/2 duck"",""grams"":303},{""label"":""100 g"",""grams"":100}]",1 unit
usda-174469,Duck breast,,meat,meat|high_protein,false,123,19.9,0,4.3,0,"[{""label"":""1 unit"",""grams"":73},{""label"":""1/2 breast, bone and skin removed"",""grams"":83},{""label"":""100 g"",""grams"":100}]","1/2 breast, bone and skin removed"
usda-172411,"Duck, roasted",,meat,meat|high_protein,false,201,23.5,0,11.2,0,"[{""label"":""1 cup, chopped or diced"",""grams"":140},{""label"":""1 unit"",""grams"":100},{""label"":""1/2 duck"",""grams"":221},{""label"":""100 g"",""grams"":100}]","1 cup, chopped or diced"
usda-175303,"Goat meat (mutton), raw",mutton|bakra|goat meat,meat,meat|high_protein,false,109,20.6,0,2.3,0,"[{""label"":""1 oz"",""grams"":28.4},{""label"":""100 g"",""grams"":100}]",1 oz
usda-175304,"Goat meat (mutton), roasted",mutton,meat,meat|high_protein,false,143,27.1,0,3,0,"[{""label"":""1 piece, cooked"",""grams"":340},{""label"":""3 oz"",""grams"":85},{""label"":""100 g"",""grams"":100}]","1 piece, cooked"
usda-168652,"Ground beef, 70% lean",,meat,meat,false,332,14.4,0,30,0,"[{""label"":""4 oz"",""grams"":113},{""label"":""100 g"",""grams"":100}]",4 oz
usda-174037,"Ground beef, 75% lean",,meat,meat,false,293,15.8,0,25,0,"[{""label"":""1 serving (3 oz)"",""grams"":85},{""label"":""4 oz"",""grams"":113},{""label"":""100 g"",""grams"":100}]",1 serving (3 oz)
usda-174036,"Ground beef, 80% lean",,meat,meat,false,254,17.2,0,20,0,"[{""label"":""4 oz"",""grams"":113},{""label"":""100 g"",""grams"":100}]",4 oz
usda-171796,"Ground beef, 85% lean",,meat,meat|high_protein,false,215,18.6,0,15,0,"[{""label"":""4 oz"",""grams"":113},{""label"":""100 g"",""grams"":100}]",4 oz
usda-174030,"Ground beef, 90% lean",,meat,meat|high_protein,false,176,20,0,10,0,"[{""label"":""4 oz"",""grams"":113},{""label"":""100 g"",""grams"":100}]",4 oz
usda-173110,"Ground beef, 93% lean",,meat,meat|high_protein,false,152,20.9,0,7,0,"[{""label"":""4 oz"",""grams"":113},{""label"":""100 g"",""grams"":100}]",4 oz
usda-171790,"Ground beef, 95% lean",,meat,meat|high_protein,false,137,21.4,0,5,0,"[{""label"":""4 oz"",""grams"":113},{""label"":""100 g"",""grams"":100}]",4 oz
usda-173111,"Ground beef, 97% lean",,meat,meat|high_protein,false,121,22,0,3,0,"[{""label"":""4 oz"",""grams"":113},{""label"":""100 g"",""grams"":100}]",4 oz
usda-171116,Ground chicken (chicken keema),chicken keema|chicken mince,meat,meat|high_protein,false,143,17.4,0,8.1,0,"[{""label"":""100 g"",""grams"":100}]",100 g
usda-174370,Ground lamb (keema),lamb mince|keema|kheema,meat,meat,false,282,16.6,0,23.4,0,"[{""label"":""1 oz"",""grams"":28.4},{""label"":""100 g"",""grams"":100}]",1 oz
usda-172544,"Ground lamb, broiled",keema,meat,meat|high_protein,false,283,24.8,0,19.7,0,"[{""label"":""1 unit, cooked"",""grams"":313},{""label"":""3 oz"",""grams"":85},{""label"":""100 g"",""grams"":100}]",3 oz
usda-167902,Ground pork,,meat,meat,false,263,16.9,0,21.2,0,"[{""label"":""1 oz"",""grams"":28.4},{""label"":""100 g"",""grams"":100}]",1 oz
usda-167903,"Ground pork, cooked",,meat,meat|high_protein,false,297,25.7,0,20.8,0,"[{""label"":""3 oz"",""grams"":85},{""label"":""100 g"",""grams"":100}]",3 oz
usda-171505,Ground turkey,,meat,meat|high_protein,false,148,19.7,0,7.7,0,"[{""label"":""1 patty, 4 oz"",""grams"":114},{""label"":""4 oz"",""grams"":113},{""label"":""100 g"",""grams"":100}]","1 patty, 4 oz"
usda-174493,"Ground turkey, 85% lean, 15% fat",,meat,meat|high_protein,false,180,16.9,0,12.5,0,"[{""label"":""1 patty (cooked from 4 oz raw)"",""grams"":85},{""label"":""4 oz"",""grams"":113},{""label"":""100 g"",""grams"":100}]",1 patty (cooked from 4 oz raw)
usda-172850,"Ground turkey, 93% lean, 7% fat",,meat,meat|high_protein,false,150,18.7,0,8.3,0,"[{""label"":""1 serving (cooked from 4 oz)"",""grams"":85},{""label"":""4 oz"",""grams"":113},{""label"":""100 g"",""grams"":100}]",1 serving (cooked from 4 oz)
usda-171506,"Ground turkey, cooked",,meat,meat|high_protein,false,203,27.4,0,10.4,0,"[{""label"":""1 patty (4 oz, raw)"",""grams"":82},{""label"":""3 oz"",""grams"":85},{""label"":""100 g"",""grams"":100}]","1 patty (4 oz, raw)"
usda-174603,"Italian salami, pork",,meat,meat|high_protein,false,425,21.7,1.2,37,0,"[{""label"":""1 oz"",""grams"":28},{""label"":""100 g"",""grams"":100}]",1 oz
usda-171631,"Italian sausage, pork, mild",,meat,meat,false,290,13.9,3,24.3,0,"[{""label"":""1 link"",""grams"":101},{""label"":""100 g"",""grams"":100}]",1 link
usda-172952,"Italian sausage, sweet, links",,meat,meat|high_protein,false,149,16.1,2.1,8.4,0,"[{""label"":""1 link 3 oz"",""grams"":84},{""label"":""100 g"",""grams"":100}]",1 link 3 oz
usda-174372,Lamb leg,,meat,meat|high_protein,false,209,18.5,0,14.4,0,"[{""label"":""1 oz"",""grams"":28.4},{""label"":""100 g"",""grams"":100}]",1 oz
usda-174313,"Lamb leg, lean, raw",,meat,meat|high_protein,false,128,20.6,0,4.5,0,"[{""label"":""1 oz"",""grams"":28.4},{""label"":""100 g"",""grams"":100}]",1 oz
usda-174314,"Lamb leg, lean, roasted",,meat,meat|high_protein,false,191,28.3,0,7.7,0,"[{""label"":""1 piece, cooked, excluding refuse"",""grams"":218},{""label"":""3 oz"",""grams"":85},{""label"":""100 g"",""grams"":100}]","1 piece, cooked, excluding refuse"
usda-174373,"Lamb leg, roasted",,meat,meat|high_protein,false,242,26.2,0,14.4,0,"[{""label"":""1 piece, cooked, excluding refuse"",""grams"":260},{""label"":""3 oz"",""grams"":85},{""label"":""100 g"",""grams"":100}]","1 piece, cooked, excluding refuse"
usda-174374,"Lamb leg, shank half",,meat,meat|high_protein,false,185,19,0,11.5,0,"[{""label"":""1 oz"",""grams"":28.4},{""label"":""100 g"",""grams"":100}]",1 oz
usda-172548,"Lamb leg, shank half, roasted",,meat,meat|high_protein,false,217,26.7,0,11.4,0,"[{""label"":""1 piece, cooked, excluding refuse"",""grams"":267},{""label"":""3 oz"",""grams"":85},{""label"":""100 g"",""grams"":100}]","1 piece, cooked, excluding refuse"
usda-172549,"Lamb leg, sirloin half",,meat,meat,false,261,17.2,0,20.8,0,"[{""label"":""1 oz"",""grams"":28.4},{""label"":""100 g"",""grams"":100}]",1 oz
usda-172550,"Lamb leg, sirloin half, roasted",,meat,meat|high_protein,false,284,25,0,19.7,0,"[{""label"":""1 piece, cooked, excluding refuse"",""grams"":260},{""label"":""3 oz"",""grams"":85},{""label"":""100 g"",""grams"":100}]","1 piece, cooked, excluding refuse"
usda-172551,Lamb loin,,meat,meat,false,279,17.2,0,22.8,0,"[{""label"":""1 steak, excluding refuse"",""grams"":79},{""label"":""1 oz"",""grams"":28.4},{""label"":""100 g"",""grams"":100}]","1 steak, excluding refuse"
usda-174375,"Lamb loin, broiled",,meat,meat|high_protein,false,297,26.1,0,20.6,0,"[{""label"":""1 steak, excluding refuse"",""grams"":53},{""label"":""3 oz"",""grams"":85},{""label"":""100 g"",""grams"":100}]","1 steak, excluding refuse"
usda-172492,"Lamb loin, lean, broiled",,meat,meat|high_protein,false,216,30,0,9.7,0,"[{""label"":""1 chop, excluding refuse"",""grams"":46},{""label"":""3 oz"",""grams"":85},{""label"":""100 g"",""grams"":100}]","1 chop, excluding refuse"
usda-172491,"Lamb loin, lean, raw",,meat,meat|high_protein,false,143,20.9,0,5.9,0,"[{""label"":""1 chop, excluding refuse"",""grams"":65},{""label"":""1 oz"",""grams"":28.4},{""label"":""100 g"",""grams"":100}]","1 chop, excluding refuse"
usda-174376,"Lamb loin, roasted",,meat,meat|high_protein,false,290,23.3,0,21.1,0,"[{""label"":""1 piece, cooked, excluding refuse"",""grams"":265},{""label"":""3 oz"",""grams"":85},{""label"":""100 g"",""grams"":100}]","1 piece, cooked, excluding refuse"
usda-174377,Lamb rib,,meat,meat,false,342,15.3,0,30.7,0,"[{""label"":""1 oz"",""grams"":28.4},{""label"":""100 g"",""grams"":100}]",1 oz
usda-174378,"Lamb rib, broiled",,meat,meat|high_protein,false,340,23.1,0,26.8,0,"[{""label"":""1 piece, cooked, excluding refuse"",""grams"":222},{""label"":""3 oz"",""grams"":85},{""label"":""100 g"",""grams"":100}]","1 piece, cooked, excluding refuse"
usda-172552,"Lamb rib, roasted",,meat,meat|high_protein,false,341,21.8,0,27.5,0,"[{""label"":""1 piece, cooked, excluding refuse"",""grams"":248},{""label"":""3 oz"",""grams"":85},{""label"":""100 g"",""grams"":100}]","1 piece, cooked, excluding refuse"
usda-172553,Lamb shoulder,,meat,meat,false,244,17.1,0,19,0,"[{""label"":""1 oz"",""grams"":28.4},{""label"":""100 g"",""grams"":100}]",1 oz
usda-174380,Lamb shoulder arm,,meat,meat,false,244,17.2,0,18.9,0,"[{""label"":""1 steak, excluding refuse"",""grams"":84},{""label"":""1 oz"",""grams"":28.4},{""label"":""100 g"",""grams"":100}]","1 steak, excluding refuse"
usda-174381,"Lamb shoulder arm, braised",,meat,meat|high_protein,false,337,31.1,0,22.7,0,"[{""label"":""1 steak, excluding refuse"",""grams"":45},{""label"":""3 oz"",""grams"":85},{""label"":""100 g"",""grams"":100}]","1 steak, excluding refuse"
usda-174382,"Lamb shoulder arm, broiled",,meat,meat|high_protein,false,269,24.9,0,18.1,0,"[{""label"":""1 steak, excluding refuse"",""grams"":59},{""label"":""3 oz"",""grams"":85},{""label"":""100 g"",""grams"":100}]","1 steak, excluding refuse"
usda-174383,"Lamb shoulder arm, roasted",,meat,meat|high_protein,false,267,22.9,0,18.8,0,"[{""label"":""1 piece, cooked, excluding refuse"",""grams"":284},{""label"":""3 oz"",""grams"":85},{""label"":""100 g"",""grams"":100}]","1 piece, cooked, excluding refuse"
usda-172556,Lamb shoulder blade,,meat,meat,false,244,17,0,19,0,"[{""label"":""1 oz"",""grams"":28.4},{""label"":""100 g"",""grams"":100}]",1 oz
usda-172557,"Lamb shoulder blade, braised",,meat,meat|high_protein,false,339,28.9,0,23.9,0,"[{""label"":""1 piece, cooked, excluding refuse"",""grams"":207},{""label"":""3 oz"",""grams"":85},{""label"":""100 g"",""grams"":100}]","1 piece, cooked, excluding refuse"
usda-172558,"Lamb shoulder blade, broiled",,meat,meat|high_protein,false,267,23.5,0,18.5,0,"[{""label"":""1 piece, cooked, excluding refuse"",""grams"":250},{""label"":""3 oz"",""grams"":85},{""label"":""100 g"",""grams"":100}]","1 piece, cooked, excluding refuse"
usda-172559,"Lamb shoulder blade, roasted",,meat,meat|high_protein,false,270,22.6,0,19.2,0,"[{""label"":""1 piece, cooked, excluding refuse"",""grams"":256},{""label"":""3 oz"",""grams"":85},{""label"":""100 g"",""grams"":100}]","1 piece, cooked, excluding refuse"
usda-174379,"Lamb shoulder, roasted",,meat,meat|high_protein,false,269,22.7,0,19.1,0,"[{""label"":""1 piece, cooked, excluding refuse"",""grams"":263},{""label"":""3 oz"",""grams"":85},{""label"":""100 g"",""grams"":100}]","1 piece, cooked, excluding refuse"
usda-174579,"Pork and beef sausage, cooked",,meat,meat,false,396,13.8,2.7,36.3,0,"[{""label"":""1 link, cooked"",""grams"":13},{""label"":""1 patty, cooked"",""grams"":27},{""label"":""100 g"",""grams"":100}]","1 patty, cooked"
usda-167914,"Pork bacon, baked",,meat,meat|high_protein,false,548,35.7,1.4,43.3,0,"[{""label"":""1 slice cooked"",""grams"":8.1},{""label"":""3 oz"",""grams"":85},{""label"":""100 g"",""grams"":100}]",1 slice cooked
usda-167812,Pork belly,,meat,meat,false,518,9.3,0,53,0,"[{""label"":""4 oz"",""grams"":113},{""label"":""100 g"",""grams"":100}]",4 oz
usda-171622,"Pork bratwurst, beef, link",,meat,meat,false,323,14.3,3,27.8,0,"[{""label"":""1 link"",""grams"":70},{""label"":""100 g"",""grams"":100}]",1 link
usda-171620,"Pork bratwurst, cooked",,meat,meat,false,333,13.7,2.9,29.2,0,"[{""label"":""1 link cooked"",""grams"":85},{""label"":""100 g"",""grams"":100}]",1 link cooked
usda-168238,Pork center loin,chops,meat,meat|high_protein,false,170,20.7,0,9,0,"[{""label"":""1 chop without refuse"",""grams"":199},{""label"":""4 oz"",""grams"":113},{""label"":""100 g"",""grams"":100}]",1 chop without refuse
usda-167829,"Pork center loin, lean",chops,meat,meat|high_protein,false,127,22,0,3.7,0,"[{""label"":""1 chop without refuse"",""grams"":178},{""label"":""4 oz"",""grams"":113},{""label"":""100 g"",""grams"":100}]",1 chop without refuse
usda-168241,"Pork center loin, lean, roasted",roasts,meat,meat|high_protein,false,194,28.6,0,8,0,"[{""label"":""1 roast"",""grams"":900},{""label"":""3 oz"",""grams"":85},{""label"":""100 g"",""grams"":100}]",3 oz
usda-167828,"Pork center loin, roasted",roasts,meat,meat|high_protein,false,231,27,0,12.8,0,"[{""label"":""1 roast"",""grams"":900},{""label"":""3 oz"",""grams"":85},{""label"":""100 g"",""grams"":100}]",3 oz
usda-172964,Pork frankfurter,,meat,meat,false,269,12.8,0.3,23.7,0.1,"[{""label"":""1 link"",""grams"":76},{""label"":""100 g"",""grams"":100}]",1 link
usda-168222,Pork leg,ham,meat,meat,false,245,17.4,0,18.9,0,"[{""label"":""4 oz"",""grams"":113},{""label"":""100 g"",""grams"":100}]",4 oz
usda-168371,Pork leg sirloin tip roast,,meat,meat|high_protein,false,113,22.9,0,1.7,0,"[{""label"":""1 piece"",""grams"":765},{""label"":""3 oz"",""grams"":85},{""label"":""100 g"",""grams"":100}]",1 piece
usda-168370,"Pork leg sirloin tip roast, braised",,meat,meat|high_protein,false,156,31.1,0,2.6,0,"[{""label"":""1 piece"",""grams"":609},{""label"":""3 oz"",""grams"":85},{""label"":""100 g"",""grams"":100}]",1 piece
usda-168224,"Pork leg, lean",ham,meat,meat|high_protein,false,136,20.5,0,5.4,0,"[{""label"":""4 oz"",""grams"":113},{""label"":""100 g"",""grams"":100}]",4 oz
usda-168225,"Pork leg, lean, roasted",ham,meat,meat|high_protein,false,211,29.4,0,9.4,0,"[{""label"":""1 cup, diced"",""grams"":135},{""label"":""3 oz"",""grams"":85},{""label"":""100 g"",""grams"":100}]",3 oz
usda-168223,"Pork leg, roasted",ham,meat,meat|high_protein,false,273,26.8,0,17.6,0,"[{""label"":""1 cup, diced"",""grams"":135},{""label"":""3 oz"",""grams"":85},{""label"":""100 g"",""grams"":100}]",3 oz
usda-174578,"Pork sausage, link/patty, pan-fried",,meat,meat,false,325,18.5,1.4,27.3,0,"[{""label"":""1 patty"",""grams"":27},{""label"":""1 link"",""grams"":23},{""label"":""1 serving"",""grams"":48},{""label"":""100 g"",""grams"":100}]",1 patty
usda-167843,Pork shoulder,,meat,meat,false,236,17.2,0,18,0,"[{""label"":""4 oz"",""grams"":113},{""label"":""100 g"",""grams"":100}]",4 oz
usda-168260,"Pork shoulder blade, lean",boston butt|steaks,meat,meat|high_protein,false,132,18.7,0,5.7,0,"[{""label"":""1 steak without refuse"",""grams"":258},{""label"":""4 oz"",""grams"":113},{""label"":""100 g"",""grams"":100}]",1 steak without refuse
usda-167845,"Pork shoulder, lean",,meat,meat|high_protein,false,148,19.6,0,7.1,0,"[{""label"":""1 oz"",""grams"":28.4},{""label"":""100 g"",""grams"":100}]",1 oz
usda-167846,"Pork shoulder, lean, roasted",,meat,meat|high_protein,false,230,25.3,0,13.5,0,"[{""label"":""1 cup, diced"",""grams"":135},{""label"":""3 oz"",""grams"":85},{""label"":""100 g"",""grams"":100}]",3 oz
usda-169189,"Pork shoulder, petite tender, broiled",,meat,meat|high_protein,false,155,27.5,0,4.2,0,"[{""label"":""1 piece"",""grams"":92},{""label"":""100 g"",""grams"":100}]",1 piece
usda-167844,"Pork shoulder, roasted",,meat,meat|high_protein,false,292,23.3,0,21.4,0,"[{""label"":""1 cup, diced"",""grams"":135},{""label"":""3 oz"",""grams"":85},{""label"":""100 g"",""grams"":100}]",3 oz
usda-167853,Pork spareribs,,meat,meat,false,277,15.5,0,23.4,0,"[{""label"":""4 oz"",""grams"":113},{""label"":""100 g"",""grams"":100}]",4 oz
usda-167854,"Pork spareribs, braised",,meat,meat|high_protein,false,397,29.1,0,30.3,0,"[{""label"":""1 piece, cooked, excluding refuse"",""grams"":177},{""label"":""3 oz"",""grams"":85},{""label"":""100 g"",""grams"":100}]","1 piece, cooked, excluding refuse"
usda-169178,"Pork spareribs, roasted",,meat,meat|high_protein,false,361,20.9,0,30.9,0,"[{""label"":""3 oz"",""grams"":85},{""label"":""100 g"",""grams"":100}]",3 oz
usda-168312,Pork tenderloin,,meat,meat|high_protein,false,120,20.7,0,3.5,0,"[{""label"":""1 roast"",""grams"":505},{""label"":""4 oz"",""grams"":113},{""label"":""100 g"",""grams"":100}]",100 g
usda-167904,"Pork tenderloin, broiled",,meat,meat|high_protein,false,201,29.9,0,8.1,0,"[{""label"":""1 chop, excluding refuse"",""grams"":76},{""label"":""3 oz"",""grams"":85},{""label"":""100 g"",""grams"":100}]","1 chop, excluding refuse"
usda-168249,"Pork tenderloin, lean",,meat,meat|high_protein,false,109,21,0,2.2,0,"[{""label"":""1 roast"",""grams"":505},{""label"":""4 oz"",""grams"":113},{""label"":""100 g"",""grams"":100}]",100 g
usda-168313,"Pork tenderloin, lean, broiled",,meat,meat|high_protein,false,187,30.4,0,6.3,0,"[{""label"":""1 chop, excluding refuse"",""grams"":73},{""label"":""3 oz"",""grams"":85},{""label"":""100 g"",""grams"":100}]","1 chop, excluding refuse"
usda-168250,"Pork tenderloin, lean, roasted",,meat,meat|high_protein,false,143,26.2,0,3.5,0,"[{""label"":""1 piece, cooked, excluding refuse"",""grams"":333},{""label"":""1 roast"",""grams"":402},{""label"":""3 oz"",""grams"":85},{""label"":""100 g"",""grams"":100}]","1 piece, cooked, excluding refuse"
usda-167905,"Pork tenderloin, roasted",,meat,meat|high_protein,false,147,26,0,4,0,"[{""label"":""1 roast"",""grams"":402},{""label"":""3 oz"",""grams"":85},{""label"":""100 g"",""grams"":100}]",3 oz
usda-167839,Pork top loin,chops,meat,meat|high_protein,false,155,21.6,0,6.9,0,"[{""label"":""1 chop"",""grams"":185},{""label"":""4 oz"",""grams"":113},{""label"":""100 g"",""grams"":100}]",1 chop
usda-168251,"Pork top loin, lean",chops,meat,meat|high_protein,false,127,22.4,0,3.4,0,"[{""label"":""1 chop"",""grams"":185},{""label"":""4 oz"",""grams"":113},{""label"":""100 g"",""grams"":100}]",1 chop
usda-168369,"Pork, shoulder petite tender",,meat,meat|high_protein,false,128,21.7,0,3.9,0,"[{""label"":""1 piece"",""grams"":105},{""label"":""100 g"",""grams"":100}]",1 piece
usda-172936,"Salami, cooked, beef and pork",,meat,meat|high_protein,false,336,21.9,2.4,25.9,0,"[{""label"":""1 slice round"",""grams"":12.3},{""label"":""100 g"",""grams"":100}]",1 slice round
usda-171480,Turkey,,meat,meat|high_protein,false,115,22.6,0.1,1.9,0,"[{""label"":""4 oz"",""grams"":113},{""label"":""100 g"",""grams"":100}]",4 oz
usda-171098,Turkey breast,,meat,meat|high_protein,false,114,23.7,0.1,1.5,0,"[{""label"":""4 oz"",""grams"":113},{""label"":""100 g"",""grams"":100}]",4 oz
usda-171496,"Turkey breast, roasted",,meat,meat|high_protein,false,147,30.1,0,2.1,0,"[{""label"":""1 breast"",""grams"":1413},{""label"":""3 oz"",""grams"":85},{""label"":""100 g"",""grams"":100}]",1 breast
usda-171093,"Turkey breast, with skin",,meat,meat|high_protein,false,157,21.9,0,7,0,"[{""label"":""1 unit"",""grams"":146},{""label"":""1/2 breast, bone removed"",""grams"":1132},{""label"":""100 g"",""grams"":100}]","1/2 breast, bone removed"
usda-171492,"Turkey breast, with skin, roasted",,meat,meat|high_protein,false,189,28.7,0,7.4,0,"[{""label"":""1/2 unit"",""grams"":112},{""label"":""0 breast, bone removed"",""grams"":864},{""label"":""3 oz"",""grams"":85},{""label"":""100 g"",""grams"":100}]","0 breast, bone removed"
usda-171625,Turkey frankfurter,,meat,meat,false,223,12.2,3.8,17.3,0,"[{""label"":""1 frankfurter"",""grams"":45},{""label"":""1 oz"",""grams"":28.4},{""label"":""100 g"",""grams"":100}]",1 frankfurter
usda-171491,"Turkey light meat, roasted",,meat,meat|high_protein,false,147,30.1,0,2.1,0,"[{""label"":""3 oz"",""grams"":85},{""label"":""100 g"",""grams"":100}]",3 oz
usda-174617,Turkey sausage,,meat,meat|high_protein,false,155,18.8,0.5,8.1,0,"[{""label"":""1 serving"",""grams"":57},{""label"":""100 g"",""grams"":100}]",1 serving
usda-173871,"Turkey sausage, cooked",,meat,meat|high_protein,false,196,23.9,0,10.4,0,"[{""label"":""1 serving"",""grams"":57},{""label"":""100 g"",""grams"":100}]",1 serving
usda-171481,"Turkey, roasted",,meat,meat|high_protein,false,159,29.1,0,3.8,0,"[{""label"":""3 oz"",""grams"":85},{""label"":""100 g"",""grams"":100}]",3 oz
usda-171081,"Turkey, with skin",,meat,meat|high_protein,false,144,21.6,0.1,5.6,0,"[{""label"":""4 oz"",""grams"":113},{""label"":""100 g"",""grams"":100}]",4 oz
usda-171479,"Turkey, with skin, roasted",,meat,meat|high_protein,false,189,28.6,0.1,7.4,0,"[{""label"":""3 oz"",""grams"":85},{""label"":""100 g"",""grams"":100}]",3 oz
usda-172960,"Yachtwurst, with pistachio nuts, cooked",,meat,meat,false,268,14.8,1.4,22.6,0,"[{""label"":""1 serving 2 oz"",""grams"":56},{""label"":""100 g"",""grams"":100}]",1 serving 2 oz
usda-168588,Almond butter,,nut_seed,high_protein|high_fibre,true,614,21,18.8,55.5,10.3,"[{""label"":""1 tbsp"",""grams"":16},{""label"":""1 cup"",""grams"":250},{""label"":""100 g"",""grams"":100}]",1 tbsp
usda-170567,Almonds,badam,nut_seed,high_protein|high_fibre,true,579,21.2,21.6,49.9,12.5,"[{""label"":""1 cup, whole"",""grams"":143},{""label"":""1 cup, sliced"",""grams"":92},{""label"":""1 cup, slivered"",""grams"":108},{""label"":""1 cup, ground"",""grams"":95},{""label"":""1 almond"",""grams"":1.2},{""label"":""100 g"",""grams"":100}]","1 cup, whole"
usda-170568,"Almonds, blanched",,nut_seed,high_protein|high_fibre,true,590,21.4,18.7,52.5,9.9,"[{""label"":""1 cup whole kernels"",""grams"":145},{""label"":""1 tbsp"",""grams"":9.1},{""label"":""100 g"",""grams"":100}]",1 tbsp
usda-170158,"Almonds, dry roasted",,nut_seed,high_protein|high_fibre,true,598,21,21,52.5,10.9,"[{""label"":""1 cup whole kernels"",""grams"":138},{""label"":""100 g"",""grams"":100}]",1 cup whole kernels
usda-170569,Brazil nuts,,nut_seed,high_fibre,true,659,14.3,11.7,67.1,7.5,"[{""label"":""1 cup, whole"",""grams"":133},{""label"":""1 kernel"",""grams"":5},{""label"":""100 g"",""grams"":100}]","1 cup, whole"
usda-170163,Cashew butter,,nut_seed,,true,587,17.6,27.6,49.4,2,"[{""label"":""1 tbsp"",""grams"":16},{""label"":""100 g"",""grams"":100}]",1 tbsp
usda-170571,"Cashews, dry roasted",kaju,nut_seed,,true,574,15.3,32.7,46.4,3,"[{""label"":""1 cup, halves and whole"",""grams"":137},{""label"":""1 tbsp"",""grams"":8.6},{""label"":""100 g"",""grams"":100}]",1 tbsp
usda-170572,"Cashews, oil roasted",fried cashews|kaju,nut_seed,fried,true,580,16.8,29.9,47.8,3.3,"[{""label"":""1 cup, whole"",""grams"":129},{""label"":""1 cup, halves and pieces"",""grams"":129},{""label"":""100 g"",""grams"":100}]","1 cup, whole"
usda-170162,"Cashews, raw",kaju|cashew nuts,nut_seed,,true,553,18.2,30.2,43.9,3.3,"[{""label"":""1 oz"",""grams"":28.4},{""label"":""100 g"",""grams"":100}]",1 oz
usda-170575,"Chestnuts, raw",,nut_seed,,true,196,1.6,44.2,1.3,0,"[{""label"":""1 oz"",""grams"":28.4},{""label"":""100 g"",""grams"":100}]",1 oz
usda-170190,"Chestnuts, roasted",,nut_seed,,true,245,3.2,53,2.2,5.1,"[{""label"":""1 cup"",""grams"":143},{""label"":""10 kernels"",""grams"":84},{""label"":""100 g"",""grams"":100}]",1 cup
usda-170554,Chia seeds,,nut_seed,high_fibre,true,486,16.5,42.1,30.7,34.4,"[{""label"":""1 oz"",""grams"":28.4},{""label"":""100 g"",""grams"":100}]",1 oz
usda-170172,Coconut milk,nariyal doodh,nut_seed,,false,230,2.3,5.5,23.8,2.2,"[{""label"":""1 cup"",""grams"":240},{""label"":""1 tbsp"",""grams"":15},{""label"":""100 g"",""grams"":100}]",1 tbsp
usda-170173,"Coconut milk, canned",,nut_seed,,false,197,2,2.8,21.3,0,"[{""label"":""1 cup"",""grams"":226},{""label"":""1 tbsp"",""grams"":15},{""label"":""100 g"",""grams"":100}]",1 tbsp
usda-170174,Coconut water,nariyal pani|tender coconut water,nut_seed,,true,19,0.7,3.7,0.2,1.1,"[{""label"":""1 cup"",""grams"":240},{""label"":""1 tbsp"",""grams"":15},{""label"":""1 coconut yields"",""grams"":206},{""label"":""100 g"",""grams"":100}]",1 tbsp
usda-170169,"Coconut, fresh",nariyal|coconut meat|thengai,nut_seed,high_fibre,false,354,3.3,15.2,33.5,9,"[{""label"":""1 cup, shredded"",""grams"":80},{""label"":""1 medium"",""grams"":397},{""label"":""1 piece (2\"" x 2\"" x 1/2\"")"",""grams"":45},{""label"":""100 g"",""grams"":100}]","1 cup, shredded"
usda-170170,"Desiccated coconut, unsweetened",copra|dry coconut|khopra,nut_seed,high_fibre,false,660,6.9,23.7,64.5,16.3,"[{""label"":""1 oz"",""grams"":28.4},{""label"":""100 g"",""grams"":100}]",1 oz
usda-169414,Flaxseeds,alsi|flax seeds,nut_seed,high_fibre,true,534,18.3,28.9,42.2,27.3,"[{""label"":""1 tbsp, whole"",""grams"":10.3},{""label"":""1 cup, whole"",""grams"":168},{""label"":""1 tbsp, ground"",""grams"":7},{""label"":""1 tsp, whole"",""grams"":3.4},{""label"":""1 tsp, ground"",""grams"":2.5},{""label"":""100 g"",""grams"":100}]","1 tbsp, whole"
usda-170581,Hazelnuts,,nut_seed,high_fibre,true,628,15,16.7,60.8,9.7,"[{""label"":""1 cup, chopped"",""grams"":115},{""label"":""1 cup, ground"",""grams"":75},{""label"":""1 cup, whole"",""grams"":135},{""label"":""10 nuts"",""grams"":14},{""label"":""100 g"",""grams"":100}]","1 cup, chopped"
usda-170148,"Hemp seeds, hulled",,nut_seed,high_protein,true,553,31.6,8.7,48.8,4,"[{""label"":""3 tbsp"",""grams"":30},{""label"":""100 g"",""grams"":100}]",3 tbsp
usda-170149,"Lotus seeds (makhana), dried",makhana|fox nut,nut_seed,,true,332,15.4,64.5,2,0,"[{""label"":""1 cup"",""grams"":32},{""label"":""100 g"",""grams"":100}]",1 cup
usda-168591,"Lotus seeds (makhana), raw",makhana|fox nut|phool makhana,nut_seed,,true,89,4.1,17.3,0.5,0,"[{""label"":""1 oz"",""grams"":28.4},{""label"":""100 g"",""grams"":100}]",1 oz
usda-170178,Macadamia nuts,,nut_seed,high_fibre,true,718,7.9,13.8,75.8,8.6,"[{""label"":""1 cup, whole or halves"",""grams"":134},{""label"":""100 g"",""grams"":100}]","1 cup, whole or halves"
usda-170585,"Mixed nuts, dry roasted",,nut_seed,high_fibre,true,607,19.5,22.4,53.5,6.4,"[{""label"":""1 cup"",""grams"":131},{""label"":""100 g"",""grams"":100}]",1 cup
usda-172469,"Peanut butter, chunky",,nut_seed,high_protein|high_fibre,true,589,24.1,21.6,49.9,8,"[{""label"":""2 tbsp"",""grams"":32},{""label"":""1 cup"",""grams"":258},{""label"":""100 g"",""grams"":100}]",2 tbsp
usda-172470,"Peanut butter, smooth",,nut_seed,high_protein,true,598,22.2,22.3,51.4,5,"[{""label"":""2 tbsp"",""grams"":32},{""label"":""1 cup"",""grams"":258},{""label"":""100 g"",""grams"":100}]",2 tbsp
usda-173806,"Peanuts, dry roasted",roasted peanuts|moongphali,nut_seed,high_protein|high_fibre,true,587,24.4,21.3,49.7,8.4,"[{""label"":""1 cup"",""grams"":146},{""label"":""1 peanut"",""grams"":1},{""label"":""100 g"",""grams"":100}]",1 cup
usda-175258,"Peanuts, oil-roasted",,nut_seed,fried|high_protein|high_fibre,true,599,28,15.3,52.5,9.4,"[{""label"":""1 cup"",""grams"":144},{""label"":""100 g"",""grams"":100}]",1 cup
usda-172430,"Peanuts, raw",moongphali|groundnut|mungfali,nut_seed,high_protein|high_fibre,true,567,25.8,16.1,49.2,8.5,"[{""label"":""1 cup"",""grams"":146},{""label"":""100 g"",""grams"":100}]",1 cup
usda-170182,Pecans,,nut_seed,high_fibre,true,691,9.2,13.9,72,9.6,"[{""label"":""1 cup, chopped"",""grams"":109},{""label"":""1 cup, halves"",""grams"":99},{""label"":""100 g"",""grams"":100}]","1 cup, chopped"
usda-170591,Pine nuts,chilgoza,nut_seed,,true,673,13.7,13.1,68.4,3.7,"[{""label"":""1 cup"",""grams"":135},{""label"":""10 nuts"",""grams"":1.7},{""label"":""100 g"",""grams"":100}]",1 cup
usda-170184,Pistachios,pista,nut_seed,high_protein|high_fibre,true,560,20.2,27.2,45.3,10.6,"[{""label"":""1 cup"",""grams"":123},{""label"":""1 kernel"",""grams"":0.7},{""label"":""100 g"",""grams"":100}]",1 cup
usda-170185,"Pistachios, dry roasted",pista,nut_seed,high_protein|high_fibre,true,572,21.1,28.3,45.8,10.3,"[{""label"":""1 cup"",""grams"":123},{""label"":""1 kernel"",""grams"":0.7},{""label"":""100 g"",""grams"":100}]",1 cup
usda-170556,Pumpkin seeds,pepitas,nut_seed,high_protein|high_fibre,true,559,30.2,10.7,49.1,6,"[{""label"":""1 cup"",""grams"":129},{""label"":""100 g"",""grams"":100}]",1 cup
usda-170557,"Pumpkin seeds, roasted",,nut_seed,high_protein|high_fibre,true,574,29.8,14.7,49.1,6.5,"[{""label"":""1 cup"",""grams"":118},{""label"":""100 g"",""grams"":100}]",1 cup
usda-170188,"Pumpkin seeds, whole, roasted",,nut_seed,high_fibre,true,446,18.6,53.8,19.4,18.4,"[{""label"":""1 cup"",""grams"":64},{""label"":""100 g"",""grams"":100}]",1 cup
usda-170150,Sesame seeds,til,nut_seed,high_fibre,true,573,17.7,23.5,49.7,11.8,"[{""label"":""1 cup"",""grams"":144},{""label"":""1 tbsp"",""grams"":9},{""label"":""100 g"",""grams"":100}]",1 tbsp
usda-170151,"Sesame seeds, roasted and toasted",,nut_seed,high_fibre,true,565,17,25.7,48,14,"[{""label"":""1 oz"",""grams"":28.4},{""label"":""100 g"",""grams"":100}]",1 oz
usda-170155,Sunflower seed butter,,nut_seed,,true,617,17.3,23.3,55.2,5.7,"[{""label"":""1 tbsp"",""grams"":16},{""label"":""100 g"",""grams"":100}]",1 tbsp
usda-170562,Sunflower seeds,,nut_seed,high_protein|high_fibre,true,584,20.8,20,51.5,8.6,"[{""label"":""1 cup, with hulls, edible yield"",""grams"":46},{""label"":""1 cup"",""grams"":140},{""label"":""100 g"",""grams"":100}]","1 cup, with hulls, edible yield"
usda-170563,"Sunflower seeds, roasted",,nut_seed,high_fibre,true,582,19.3,24.1,49.8,11.1,"[{""label"":""1 cup"",""grams"":128},{""label"":""100 g"",""grams"":100}]",1 cup
usda-168604,Tahini,sesame paste,nut_seed,,true,592,17.4,21.5,53,4.7,"[{""label"":""1 tbsp"",""grams"":15},{""label"":""100 g"",""grams"":100}]",1 tbsp
usda-170187,Walnuts,akhrot,nut_seed,high_fibre,true,654,15.2,13.7,65.2,6.7,"[{""label"":""1 cup, chopped"",""grams"":117},{""label"":""1 cup, ground"",""grams"":80},{""label"":""1 cup, in shell, edible yield (7 nuts)"",""grams"":28},{""label"":""1 cup shelled (50 halves)"",""grams"":100},{""label"":""1 cup pieces or chips"",""grams"":120},{""label"":""100 g"",""grams"":100}]","1 cup, chopped"
usda-169407,Watermelon seeds (magaz),magaz|tarbooj ke beej|melon seeds,nut_seed,high_protein,true,557,28.3,15.3,47.4,0,"[{""label"":""1 cup"",""grams"":108},{""label"":""100 g"",""grams"":100}]",1 cup
usda-168898,Brown rice flour,,rice,grain,true,363,7.2,76.5,2.8,4.6,"[{""label"":""1 cup"",""grams"":158},{""label"":""100 g"",""grams"":100}]",1 cup
usda-169704,"Brown rice, long-grain, cooked",,rice,grain,true,123,2.7,25.6,1,1.6,"[{""label"":""1 cup"",""grams"":202},{""label"":""100 g"",""grams"":100}]",1 cup
usda-169703,"Brown rice, long-grain, raw",,rice,grain,true,367,7.5,76.3,3.2,3.6,"[{""label"":""1 cup"",""grams"":185},{""label"":""100 g"",""grams"":100}]",1 cup
usda-169709,"Instant rice, dry",,rice,grain,true,380,7.8,82.3,0.9,1.9,"[{""label"":""1 cup"",""grams"":95},{""label"":""100 g"",""grams"":100}]",1 cup
usda-169708,"Parboiled rice, cooked",ukda chawal|puzhungal arisi,rice,grain,true,123,2.9,26.1,0.4,0.9,"[{""label"":""1 cup"",""grams"":158},{""label"":""100 g"",""grams"":100}]",1 cup
usda-169707,"Parboiled rice, raw",ukda chawal|puzhungal arisi|boiled rice (parboiled),rice,grain,true,374,7.5,80.9,1,1.8,"[{""label"":""1 cup"",""grams"":185},{""label"":""100 g"",""grams"":100}]",1 cup
usda-169714,"Rice flour, white",chawal ka atta,rice,grain,true,366,6,80.1,1.4,2.4,"[{""label"":""1 cup"",""grams"":158},{""label"":""100 g"",""grams"":100}]",1 cup
usda-168914,"Rice noodles, cooked",,rice,grain,true,108,1.8,24,0.2,1,"[{""label"":""1 cup"",""grams"":176},{""label"":""100 g"",""grams"":100}]",1 cup
usda-169742,"Rice noodles, dry",rice vermicelli|sevai|idiyappam noodles,rice,grain,true,364,6,80.2,0.6,1.6,"[{""label"":""2 oz"",""grams"":57},{""label"":""100 g"",""grams"":100}]",2 oz
usda-168878,"White rice, long-grain, cooked",boiled rice|chawal,rice,grain,true,130,2.7,28.2,0.3,0.4,"[{""label"":""1 cup"",""grams"":158},{""label"":""100 g"",""grams"":100}]",1 cup
usda-168877,"White rice, long-grain, raw",chawal|rice,rice,grain,true,365,7.1,80,0.7,1.3,"[{""label"":""1 cup"",""grams"":185},{""label"":""100 g"",""grams"":100}]",1 cup
usda-168880,"White rice, medium-grain, cooked",,rice,grain,true,130,2.4,28.6,0.2,0.3,"[{""label"":""1 cup"",""grams"":186},{""label"":""100 g"",""grams"":100}]",1 cup
usda-168879,"White rice, medium-grain, raw",,rice,grain,true,360,6.6,79.3,0.6,1.4,"[{""label"":""1 cup"",""grams"":195},{""label"":""100 g"",""grams"":100}]",1 cup
usda-168882,"White rice, short-grain, cooked",,rice,grain,true,130,2.4,28.7,0.2,0,"[{""label"":""1 cup"",""grams"":186},{""label"":""100 g"",""grams"":100}]",1 cup
usda-169712,"White rice, steamed, Chinese restaurant",,rice,grain,true,151,3.2,33.9,0.3,0.9,"[{""label"":""1 cup, loosely packed"",""grams"":132},{""label"":""100 g"",""grams"":100}]","1 cup, loosely packed"
usda-169726,Wild rice,,rice,grain|high_fibre,true,357,14.7,74.9,1.1,6.2,"[{""label"":""1 cup"",""grams"":160},{""label"":""100 g"",""grams"":100}]",1 cup
usda-168897,"Wild rice, cooked",,rice,grain,true,101,4,21.3,0.3,1.8,"[{""label"":""1 cup"",""grams"":164},{""label"":""100 g"",""grams"":100}]",1 cup
usda-169269,Potato salad,,salad,,true,143,2.7,11.2,8.2,1.3,"[{""label"":""1 cup"",""grams"":250},{""label"":""100 g"",""grams"":100}]",1 cup
usda-173343,Potato salad with egg,,salad,,false,157,2,16.2,9.4,1.3,"[{""label"":""1/2 cup"",""grams"":125},{""label"":""100 g"",""grams"":100}]",1/2 cup
usda-174182,Anchovy,nethili|kozhuva|anchovies,seafood,seafood|high_protein,false,131,20.4,0,4.8,0,"[{""label"":""3 oz"",""grams"":85},{""label"":""100 g"",""grams"":100}]",3 oz
usda-174184,"Bass, fresh water",,seafood,seafood|high_protein,false,114,18.9,0,3.7,0,"[{""label"":""1 fillet"",""grams"":79},{""label"":""3 oz"",""grams"":85},{""label"":""100 g"",""grams"":100}]",1 fillet
usda-171989,"Bass, freshwater, cooked",,seafood,seafood|high_protein,false,146,24.2,0,4.7,0,"[{""label"":""1 fillet"",""grams"":62},{""label"":""3 oz"",""grams"":85},{""label"":""100 g"",""grams"":100}]",1 fillet
usda-171948,"Bass, striped",,seafood,seafood|high_protein,false,97,17.7,0,2.3,0,"[{""label"":""1 fillet"",""grams"":159},{""label"":""3 oz"",""grams"":85},{""label"":""100 g"",""grams"":100}]",1 fillet
usda-174228,"Bass, striped, cooked",,seafood,seafood|high_protein,false,124,22.7,0,3,0,"[{""label"":""1 fillet"",""grams"":124},{""label"":""3 oz"",""grams"":85},{""label"":""100 g"",""grams"":100}]",1 fillet
usda-171951,Butterfish,,seafood,seafood|high_protein,false,146,17.3,0,8,0,"[{""label"":""1 fillet"",""grams"":32},{""label"":""3 oz"",""grams"":85},{""label"":""100 g"",""grams"":100}]",1 fillet
usda-174231,"Butterfish, cooked",,seafood,seafood|high_protein,false,187,22.2,0,10.3,0,"[{""label"":""1 fillet"",""grams"":25},{""label"":""3 oz"",""grams"":85},{""label"":""100 g"",""grams"":100}]",1 fillet
usda-171952,Carp,,seafood,seafood|high_protein,false,127,17.8,0,5.6,0,"[{""label"":""1 fillet"",""grams"":218},{""label"":""3 oz"",""grams"":85},{""label"":""100 g"",""grams"":100}]",1 fillet
usda-174185,"Carp, cooked",,seafood,seafood|high_protein,false,162,22.9,0,7.2,0,"[{""label"":""1 fillet"",""grams"":170},{""label"":""3 oz"",""grams"":85},{""label"":""100 g"",""grams"":100}]",1 fillet
usda-174186,"Catfish, channel",,seafood,seafood|high_protein,false,95,16.4,0,2.8,0,"[{""label"":""1 fillet"",""grams"":159},{""label"":""3 oz"",""grams"":85},{""label"":""100 g"",""grams"":100}]",1 fillet
usda-173714,"Catfish, channel, cooked",,seafood,seafood|high_protein,false,105,18.5,0,2.9,0,"[{""label"":""1 fillet"",""grams"":143},{""label"":""3 oz"",""grams"":85},{""label"":""100 g"",""grams"":100}]",1 fillet
usda-171975,"Clam, cooked",,seafood,seafood|high_protein,false,148,25.6,5.1,2,0,"[{""label"":""20 small"",""grams"":190},{""label"":""3 oz"",""grams"":85},{""label"":""100 g"",""grams"":100}]",3 oz
usda-171974,"Clam, cooked, breaded and fried",,seafood,seafood|fried,false,202,14.2,10.3,11.2,0,"[{""label"":""20 small"",""grams"":188},{""label"":""3 oz"",""grams"":85},{""label"":""100 g"",""grams"":100}]",3 oz
usda-174214,Clams,tisrya|kakka,seafood,seafood|high_protein,false,86,14.7,3.6,1,0,"[{""label"":""1 large"",""grams"":20},{""label"":""1 medium"",""grams"":14.5},{""label"":""1 small"",""grams"":9},{""label"":""1 cup (with liquid and clams)"",""grams"":227},{""label"":""3 oz"",""grams"":85},{""label"":""100 g"",""grams"":100}]",3 oz
usda-171955,Cod,,seafood,seafood|high_protein,false,82,17.8,0,0.7,0,"[{""label"":""1 fillet"",""grams"":231},{""label"":""3 oz"",""grams"":85},{""label"":""100 g"",""grams"":100}]",1 fillet
usda-171956,"Cod, Atlantic, cooked",,seafood,seafood|high_protein,false,105,22.8,0,0.9,0,"[{""label"":""1 fillet"",""grams"":180},{""label"":""3 oz"",""grams"":85},{""label"":""100 g"",""grams"":100}]",1 fillet
usda-174191,"Cod, Pacific",,seafood,seafood|high_protein,false,69,15.3,0,0.4,0,"[{""label"":""1 fillet"",""grams"":116},{""label"":""3 oz"",""grams"":85},{""label"":""100 g"",""grams"":100}]",1 fillet
usda-175178,"Cod, Pacific, cooked",,seafood,seafood|high_protein,false,84,20.4,0,0.3,0,"[{""label"":""3 oz"",""grams"":85},{""label"":""100 g"",""grams"":100}]",3 oz
usda-174204,Crab,kekda|nandu|njandu,seafood,seafood|high_protein,false,87,18.1,0,1.1,0,"[{""label"":""1 crab"",""grams"":21},{""label"":""3 oz"",""grams"":85},{""label"":""100 g"",""grams"":100}]",3 oz
usda-174205,"Crab, blue, cooked",,seafood,seafood|high_protein,false,83,17.9,0,0.7,0,"[{""label"":""1 cup, flaked and pieces"",""grams"":118},{""label"":""1 cup (not packed)"",""grams"":135},{""label"":""3 oz"",""grams"":85},{""label"":""100 g"",""grams"":100}]","1 cup, flaked and pieces"
usda-174215,Cuttlefish,,seafood,seafood|high_protein,false,79,16.2,0.8,0.7,0,"[{""label"":""3 oz"",""grams"":85},{""label"":""100 g"",""grams"":100}]",3 oz
usda-172010,"Cuttlefish, cooked",,seafood,seafood|high_protein,false,158,32.5,1.6,1.4,0,"[{""label"":""3 oz"",""grams"":85},{""label"":""100 g"",""grams"":100}]",3 oz
usda-174193,Eel,,seafood,seafood|high_protein,false,184,18.4,0,11.7,0,"[{""label"":""1 fillet"",""grams"":204},{""label"":""3 oz"",""grams"":85},{""label"":""100 g"",""grams"":100}]",1 fillet
usda-174194,"Eel, cooked",,seafood,seafood|high_protein,false,236,23.7,0,15,0,"[{""label"":""1 cubic inch, boneless"",""grams"":17},{""label"":""1 fillet"",""grams"":159},{""label"":""3 oz"",""grams"":85},{""label"":""100 g"",""grams"":100}]",1 fillet
usda-174196,Flatfish,,seafood,seafood|high_protein,false,70,12.4,0,1.9,0,"[{""label"":""1 fillet"",""grams"":163},{""label"":""3 oz"",""grams"":85},{""label"":""100 g"",""grams"":100}]",1 fillet
usda-174197,"Flatfish, cooked",,seafood,seafood|high_protein,false,86,15.2,0,2.4,0,"[{""label"":""1 fillet"",""grams"":127},{""label"":""3 oz"",""grams"":85},{""label"":""100 g"",""grams"":100}]",1 fillet
usda-171962,Grouper,,seafood,seafood|high_protein,false,92,19.4,0,1,0,"[{""label"":""1 fillet"",""grams"":259},{""label"":""3 oz"",""grams"":85},{""label"":""100 g"",""grams"":100}]",1 fillet
usda-171963,"Grouper, cooked",,seafood,seafood|high_protein,false,118,24.8,0,1.3,0,"[{""label"":""1 fillet"",""grams"":202},{""label"":""3 oz"",""grams"":85},{""label"":""100 g"",""grams"":100}]",1 fillet
usda-171964,Haddock,,seafood,seafood|high_protein,false,74,16.3,0,0.5,0,"[{""label"":""1 fillet"",""grams"":193},{""label"":""3 oz"",""grams"":85},{""label"":""100 g"",""grams"":100}]",1 fillet
usda-174198,"Haddock, cooked",,seafood,seafood|high_protein,false,90,20,0,0.6,0,"[{""label"":""1 fillet"",""grams"":150},{""label"":""3 oz"",""grams"":85},{""label"":""100 g"",""grams"":100}]",1 fillet
usda-174199,"Haddock, smoked",,seafood,seafood|high_protein,false,116,25.2,0,1,0,"[{""label"":""1 cubic inch, boneless"",""grams"":17},{""label"":""3 oz"",""grams"":85},{""label"":""100 g"",""grams"":100}]",3 oz
usda-174200,"Halibut, Atlantic and Pacific",,seafood,seafood|high_protein,false,91,18.6,0,1.3,0,"[{""label"":""1/2 fillet"",""grams"":204},{""label"":""3 oz"",""grams"":85},{""label"":""100 g"",""grams"":100}]",1/2 fillet
usda-174201,"Halibut, Atlantic and Pacific, cooked",,seafood,seafood|high_protein,false,111,22.5,0,1.6,0,"[{""label"":""1/2 fillet"",""grams"":159},{""label"":""3 oz"",""grams"":85},{""label"":""100 g"",""grams"":100}]",1/2 fillet
usda-175116,"Herring, Atlantic",,seafood,seafood|high_protein,false,158,18,0,9,0,"[{""label"":""1 fillet"",""grams"":184},{""label"":""3 oz"",""grams"":85},{""label"":""100 g"",""grams"":100}]",1 fillet
usda-175117,"Herring, Atlantic, cooked",,seafood,seafood|high_protein,false,203,23,0,11.6,0,"[{""label"":""1 fillet"",""grams"":143},{""label"":""3 oz"",""grams"":85},{""label"":""100 g"",""grams"":100}]",1 fillet
usda-175122,King mackerel (surmai),surmai|seer fish|vanjaram|neymeen|anjal,seafood,seafood|high_protein,false,105,20.3,0,2,0,"[{""label"":""1/2 fillet"",""grams"":198},{""label"":""3 oz"",""grams"":85},{""label"":""100 g"",""grams"":100}]",1/2 fillet
usda-174236,"King mackerel (surmai), cooked",surmai|seer fish|vanjaram,seafood,seafood|high_protein,false,134,26,0,2.6,0,"[{""label"":""1/2 fillet"",""grams"":154},{""label"":""3 oz"",""grams"":85},{""label"":""100 g"",""grams"":100}]",1/2 fillet
usda-174208,Lobster,,seafood,seafood|high_protein,false,77,16.5,0,0.8,0,"[{""label"":""1 lobster"",""grams"":150},{""label"":""3 oz"",""grams"":85},{""label"":""100 g"",""grams"":100}]",3 oz
usda-174209,"Lobster, northern, cooked",,seafood,seafood|high_protein,false,89,19,0,0.9,0,"[{""label"":""1 cup"",""grams"":145},{""label"":""3 oz"",""grams"":85},{""label"":""100 g"",""grams"":100}]",3 oz
usda-175119,"Mackerel, Atlantic",bangda|bangude|ayala|mackerel,seafood,seafood|high_protein,false,205,18.6,0,13.9,0,"[{""label"":""1 fillet"",""grams"":112},{""label"":""3 oz"",""grams"":85},{""label"":""100 g"",""grams"":100}]",1 fillet
usda-175120,"Mackerel, Atlantic, cooked",bangda|bangude|ayala,seafood,seafood|high_protein,false,262,23.9,0,17.8,0,"[{""label"":""1 fillet"",""grams"":88},{""label"":""3 oz"",""grams"":85},{""label"":""100 g"",""grams"":100}]",1 fillet
usda-175121,"Mackerel, jack, canned",,seafood,seafood|high_protein,false,156,23.2,0,6.3,0,"[{""label"":""1 cup"",""grams"":190},{""label"":""1 cubic inch"",""grams"":16},{""label"":""1 can (15 oz)"",""grams"":361},{""label"":""100 g"",""grams"":100}]",1 can (15 oz)
usda-173672,"Mackerel, Pacific and jack",,seafood,seafood|high_protein,false,158,20.1,0,7.9,0,"[{""label"":""1 fillet"",""grams"":225},{""label"":""3 oz"",""grams"":85},{""label"":""100 g"",""grams"":100}]",1 fillet
usda-171994,"Mackerel, Pacific and jack, cooked",,seafood,seafood|high_protein,false,201,25.7,0,10.1,0,"[{""label"":""1 cubic inch, boneless"",""grams"":17},{""label"":""1 fillet"",""grams"":176},{""label"":""3 oz"",""grams"":85},{""label"":""100 g"",""grams"":100}]",1 fillet
usda-173673,"Mackerel, spanish",,seafood,seafood|high_protein,false,139,19.3,0,6.3,0,"[{""label"":""1 fillet"",""grams"":187},{""label"":""3 oz"",""grams"":85},{""label"":""100 g"",""grams"":100}]",1 fillet
usda-173674,"Mackerel, spanish, cooked",,seafood,seafood|high_protein,false,158,23.6,0,6.3,0,"[{""label"":""1 fillet"",""grams"":146},{""label"":""3 oz"",""grams"":85},{""label"":""100 g"",""grams"":100}]",1 fillet
usda-171959,Mahimahi,,seafood,seafood|high_protein,false,85,18.5,0,0.7,0,"[{""label"":""1 fillet"",""grams"":204},{""label"":""3 oz"",""grams"":85},{""label"":""100 g"",""grams"":100}]",1 fillet
usda-171992,"Mahimahi, cooked",,seafood,seafood|high_protein,false,109,23.7,0,0.9,0,"[{""label"":""1 fillet"",""grams"":159},{""label"":""3 oz"",""grams"":85},{""label"":""100 g"",""grams"":100}]",1 fillet
usda-173675,Milkfish,,seafood,seafood|high_protein,false,148,20.5,0,6.7,0,"[{""label"":""3 oz"",""grams"":85},{""label"":""100 g"",""grams"":100}]",3 oz
usda-171995,"Milkfish, cooked",,seafood,seafood|high_protein,false,190,26.3,0,8.6,0,"[{""label"":""3 oz"",""grams"":85},{""label"":""100 g"",""grams"":100}]",3 oz
usda-175123,"Mullet, striped",,seafood,seafood|high_protein,false,117,19.4,0,3.8,0,"[{""label"":""1 fillet"",""grams"":119},{""label"":""3 oz"",""grams"":85},{""label"":""100 g"",""grams"":100}]",1 fillet
usda-175124,"Mullet, striped, cooked",,seafood,seafood|high_protein,false,150,24.8,0,4.9,0,"[{""label"":""1 fillet"",""grams"":93},{""label"":""3 oz"",""grams"":85},{""label"":""100 g"",""grams"":100}]",1 fillet
usda-174217,"Mussel, blue, cooked",,seafood,seafood|high_protein,false,172,23.8,7.4,4.5,0,"[{""label"":""3 oz"",""grams"":85},{""label"":""100 g"",""grams"":100}]",3 oz
usda-174216,Mussels,kallummakkaya,seafood,seafood|high_protein,false,86,11.9,3.7,2.2,0,"[{""label"":""1 cup"",""grams"":150},{""label"":""1 large"",""grams"":20},{""label"":""1 medium"",""grams"":16},{""label"":""1 small"",""grams"":10},{""label"":""3 oz"",""grams"":85},{""label"":""100 g"",""grams"":100}]",3 oz
usda-175125,"Ocean perch, Atlantic",,seafood,seafood|high_protein,false,79,15.3,0,1.5,0,"[{""label"":""1 fillet"",""grams"":64},{""label"":""3 oz"",""grams"":85},{""label"":""100 g"",""grams"":100}]",1 fillet
usda-175126,"Ocean perch, Atlantic, cooked",,seafood,seafood|high_protein,false,96,18.5,0,1.9,0,"[{""label"":""1 fillet"",""grams"":50},{""label"":""3 oz"",""grams"":85},{""label"":""100 g"",""grams"":100}]",1 fillet
usda-174218,"Octopus, common",,seafood,seafood|high_protein,false,82,14.9,2.2,1,0,"[{""label"":""3 oz"",""grams"":85},{""label"":""100 g"",""grams"":100}]",3 oz
usda-174249,"Octopus, common, cooked",,seafood,seafood|high_protein,false,164,29.8,4.4,2.1,0,"[{""label"":""3 oz"",""grams"":85},{""label"":""100 g"",""grams"":100}]",3 oz
usda-174250,"Oyster, Pacific, cooked",,seafood,seafood|high_protein,false,163,18.9,9.9,4.6,0,"[{""label"":""1 medium"",""grams"":25},{""label"":""3 oz"",""grams"":85},{""label"":""100 g"",""grams"":100}]",3 oz
usda-174219,Oysters,,seafood,seafood|high_protein,false,81,9.5,5,2.3,0,"[{""label"":""1 medium"",""grams"":50},{""label"":""3 oz"",""grams"":85},{""label"":""100 g"",""grams"":100}]",3 oz
usda-173678,Perch,,seafood,seafood|high_protein,false,91,19.4,0,0.9,0,"[{""label"":""1 fillet"",""grams"":60},{""label"":""3 oz"",""grams"":85},{""label"":""100 g"",""grams"":100}]",1 fillet
usda-173679,"Perch, cooked",,seafood,seafood|high_protein,false,117,24.9,0,1.2,0,"[{""label"":""1 fillet"",""grams"":46},{""label"":""3 oz"",""grams"":85},{""label"":""100 g"",""grams"":100}]",1 fillet
usda-173725,"Pollock, Alaska",,seafood,seafood|high_protein,false,76,17.2,0,0.8,0,"[{""label"":""3 oz"",""grams"":85},{""label"":""100 g"",""grams"":100}]",3 oz
usda-173726,"Pollock, Alaska, cooked",,seafood,seafood|high_protein,false,86.6,19.4,0,1,0,"[{""label"":""3 oz"",""grams"":85},{""label"":""100 g"",""grams"":100}]",3 oz
usda-175129,"Pollock, Atlantic",,seafood,seafood|high_protein,false,92,19.4,0,1,0,"[{""label"":""1/2 fillet"",""grams"":193},{""label"":""3 oz"",""grams"":85},{""label"":""100 g"",""grams"":100}]",1/2 fillet
usda-174237,"Pollock, Atlantic, cooked",,seafood,seafood|high_protein,false,118,24.9,0,1.3,0,"[{""label"":""1/2 fillet"",""grams"":151},{""label"":""3 oz"",""grams"":85},{""label"":""100 g"",""grams"":100}]",1/2 fillet
usda-173682,"Pompano, Florida",,seafood,seafood|high_protein,false,164,18.5,0,9.5,0,"[{""label"":""1 fillet"",""grams"":112},{""label"":""3 oz"",""grams"":85},{""label"":""100 g"",""grams"":100}]",1 fillet
usda-173683,"Pompano, Florida, cooked",,seafood,seafood|high_protein,false,211,23.7,0,12.1,0,"[{""label"":""1 fillet"",""grams"":88},{""label"":""3 oz"",""grams"":85},{""label"":""100 g"",""grams"":100}]",1 fillet
usda-173684,"Rockfish, Pacific",,seafood,seafood|high_protein,false,90,18.4,0,1.3,0,"[{""label"":""1 fillet"",""grams"":191},{""label"":""3 oz"",""grams"":85},{""label"":""100 g"",""grams"":100}]",1 fillet
usda-175131,"Rockfish, Pacific, cooked",,seafood,seafood|high_protein,false,109,22.2,0,1.6,0,"[{""label"":""1 fillet"",""grams"":149},{""label"":""3 oz"",""grams"":85},{""label"":""100 g"",""grams"":100}]",1 fillet
usda-175167,"Salmon, Atlantic",,seafood,seafood|high_protein,false,208,20.4,0,13.4,0,"[{""label"":""1/2 fillet"",""grams"":198},{""label"":""3 oz"",""grams"":85},{""label"":""100 g"",""grams"":100}]",1/2 fillet
usda-171998,"Salmon, Atlantic, cooked",salmon,seafood,seafood|high_protein,false,182,25.4,0,8.1,0,"[{""label"":""1/2 fillet"",""grams"":154},{""label"":""3 oz"",""grams"":85},{""label"":""100 g"",""grams"":100}]",1/2 fillet
usda-173686,"Salmon, Atlantic, raw",salmon,seafood,seafood|high_protein,false,142,19.8,0,6.3,0,"[{""label"":""1/2 fillet"",""grams"":198},{""label"":""3 oz"",""grams"":85},{""label"":""100 g"",""grams"":100}]",1/2 fillet
usda-173688,"Salmon, chinook",,seafood,seafood|high_protein,false,179,19.9,0,10.4,0,"[{""label"":""1/2 fillet"",""grams"":198},{""label"":""3 oz"",""grams"":85},{""label"":""100 g"",""grams"":100}]",1/2 fillet
usda-171999,"Salmon, chinook, cooked",,seafood,seafood|high_protein,false,231,25.7,0,13.4,0,"[{""label"":""1/2 fillet"",""grams"":154},{""label"":""3 oz"",""grams"":85},{""label"":""100 g"",""grams"":100}]",1/2 fillet
usda-173689,"Salmon, chum",,seafood,seafood|high_protein,false,120,20.1,0,3.8,0,"[{""label"":""1/2 fillet"",""grams"":198},{""label"":""3 oz"",""grams"":85},{""label"":""100 g"",""grams"":100}]",1/2 fillet
usda-175135,"Salmon, chum, canned, drained solids with bone",,seafood,seafood|high_protein,false,141,21.4,0,5.5,0,"[{""label"":""1 can"",""grams"":369},{""label"":""3 oz"",""grams"":85},{""label"":""100 g"",""grams"":100}]",3 oz
usda-172000,"Salmon, chum, cooked",,seafood,seafood|high_protein,false,154,25.8,0,4.8,0,"[{""label"":""1/2 fillet"",""grams"":154},{""label"":""3 oz"",""grams"":85},{""label"":""100 g"",""grams"":100}]",1/2 fillet
usda-175136,"Salmon, coho",,seafood,seafood|high_protein,false,146,21.6,0,5.9,0,"[{""label"":""1/2 fillet"",""grams"":198},{""label"":""3 oz"",""grams"":85},{""label"":""100 g"",""grams"":100}]",1/2 fillet
usda-173719,"Salmon, coho, cooked",,seafood,seafood|high_protein,false,139,23.5,0,4.3,0,"[{""label"":""1/2 fillet"",""grams"":178},{""label"":""3 oz"",""grams"":85},{""label"":""100 g"",""grams"":100}]",1/2 fillet
usda-175138,"Salmon, pink",,seafood,seafood|high_protein,false,127,20.5,0,4.4,0,"[{""label"":""1/2 fillet"",""grams"":159},{""label"":""3 oz"",""grams"":85},{""label"":""100 g"",""grams"":100}]",1/2 fillet
usda-172001,"Salmon, pink, cooked",,seafood,seafood|high_protein,false,153,24.6,0,5.3,0,"[{""label"":""1/2 fillet"",""grams"":124},{""label"":""3 oz"",""grams"":85},{""label"":""100 g"",""grams"":100}]",1/2 fillet
usda-173691,"Salmon, sockeye",,seafood,seafood|high_protein,false,131,22.3,0,4.7,0,"[{""label"":""1/2 fillet"",""grams"":198},{""label"":""3 oz"",""grams"":85},{""label"":""100 g"",""grams"":100}]",1/2 fillet
usda-173692,"Salmon, sockeye, cooked",,seafood,seafood|high_protein,false,156,26.5,0,5.6,0,"[{""label"":""1/2 fillet"",""grams"":155},{""label"":""3 oz"",""grams"":85},{""label"":""100 g"",""grams"":100}]",1/2 fillet
usda-175140,"Sardine, Pacific, canned in tomato sauce, drained solids with bone",,seafood,seafood|high_protein,false,185,20.9,0.5,10.5,0.1,"[{""label"":""1 cup"",""grams"":89},{""label"":""1 can"",""grams"":370},{""label"":""1 sardine"",""grams"":38},{""label"":""100 g"",""grams"":100}]",1 can
usda-175139,"Sardines, canned in oil",mathi|chaala|pedvey,seafood,seafood|high_protein,false,208,24.6,0,11.5,0,"[{""label"":""1 cup, drained"",""grams"":149},{""label"":""1 cubic inch"",""grams"":16},{""label"":""1 can (3.75 oz)"",""grams"":92},{""label"":""1 small (2-2/3\"" x 1/2\"" x 1/4\"")"",""grams"":12},{""label"":""2 sardines"",""grams"":24},{""label"":""1 oz"",""grams"":28.4},{""label"":""100 g"",""grams"":100}]",1 can (3.75 oz)
usda-174220,Scallop,,seafood,seafood|high_protein,false,69,12.1,3.2,0.5,0,"[{""label"":""1 unit 2 large or 5 small"",""grams"":30},{""label"":""3 oz"",""grams"":85},{""label"":""100 g"",""grams"":100}]",3 oz
usda-174221,"Scallop, cooked, breaded and fried",,seafood,seafood|fried|high_protein,false,216,18.1,10.1,10.9,0,"[{""label"":""2 large"",""grams"":31},{""label"":""100 g"",""grams"":100}]",2 large
usda-167742,"Scallop, steamed",,seafood,seafood|high_protein,false,111,20.5,5.4,0.8,0,"[{""label"":""3 oz"",""grams"":85},{""label"":""100 g"",""grams"":100}]",3 oz
usda-175142,Sea bass,,seafood,seafood|high_protein,false,97,18.4,0,2,0,"[{""label"":""1 fillet"",""grams"":129},{""label"":""3 oz"",""grams"":85},{""label"":""100 g"",""grams"":100}]",1 fillet
usda-173694,"Sea bass, cooked",,seafood,seafood|high_protein,false,124,23.6,0,2.6,0,"[{""label"":""1 fillet"",""grams"":101},{""label"":""3 oz"",""grams"":85},{""label"":""100 g"",""grams"":100}]",1 fillet
usda-175180,"Shrimp (prawns), cooked",prawns|jhinga,seafood,seafood|high_protein,false,99,24,0.2,0.3,0,"[{""label"":""3 oz"",""grams"":85},{""label"":""100 g"",""grams"":100}]",3 oz
usda-175179,"Shrimp (prawns), raw",prawns|jhinga|chemmeen|era,seafood,seafood|high_protein,false,85,20.1,0,0.5,0,"[{""label"":""3 oz"",""grams"":85},{""label"":""100 g"",""grams"":100}]",3 oz
usda-173698,Snapper,,seafood,seafood|high_protein,false,100,20.5,0,1.3,0,"[{""label"":""1 fillet"",""grams"":218},{""label"":""3 oz"",""grams"":85},{""label"":""100 g"",""grams"":100}]",1 fillet
usda-173699,"Snapper, cooked",,seafood,seafood|high_protein,false,128,26.3,0,1.7,0,"[{""label"":""1 fillet"",""grams"":170},{""label"":""3 oz"",""grams"":85},{""label"":""100 g"",""grams"":100}]",1 fillet
usda-174223,Squid,calamari|koonthal,seafood,seafood|high_protein,false,92,15.6,3.1,1.4,0,"[{""label"":""3 oz"",""grams"":85},{""label"":""100 g"",""grams"":100}]",3 oz
usda-171982,"Squid, fried",calamari,seafood,seafood|fried|high_protein,false,175,17.9,7.8,7.5,0,"[{""label"":""3 oz"",""grams"":85},{""label"":""100 g"",""grams"":100}]",3 oz
usda-173703,Swordfish,,seafood,seafood|high_protein,false,144,19.7,0,6.7,0,"[{""label"":""1 piece (4-1/2\"" x 2-1/8\"" x 7/8\"")"",""grams"":136},{""label"":""3 oz"",""grams"":85},{""label"":""100 g"",""grams"":100}]","1 piece (4-1/2"" x 2-1/8"" x 7/8"")"
usda-173704,"Swordfish, cooked",,seafood,seafood|high_protein,false,172,23.5,0,7.9,0,"[{""label"":""1 piece"",""grams"":106},{""label"":""3 oz"",""grams"":85},{""label"":""100 g"",""grams"":100}]",1 piece
usda-175177,"Tilapia, cooked",,seafood,seafood|high_protein,false,128,26.2,0,2.7,0,"[{""label"":""1 fillet"",""grams"":87},{""label"":""100 g"",""grams"":100}]",1 fillet
usda-175176,"Tilapia, raw",jalebi fish|tilapia,seafood,seafood|high_protein,false,96,20.1,0,1.7,0,"[{""label"":""1 fillet"",""grams"":116},{""label"":""100 g"",""grams"":100}]",1 fillet
usda-175154,"Trout, rainbow",,seafood,seafood|high_protein,false,119,20.5,0,3.5,0,"[{""label"":""1 fillet"",""grams"":159},{""label"":""3 oz"",""grams"":85},{""label"":""100 g"",""grams"":100}]",1 fillet
usda-175155,"Trout, rainbow, cooked",,seafood,seafood|high_protein,false,150,22.9,0,5.8,0,"[{""label"":""1 fillet"",""grams"":143},{""label"":""3 oz"",""grams"":85},{""label"":""100 g"",""grams"":100}]",1 fillet
usda-175160,Tuna salad,,seafood,seafood|high_protein,false,187,16,9.4,9.3,0,"[{""label"":""1 cup"",""grams"":205},{""label"":""3 oz"",""grams"":85},{""label"":""100 g"",""grams"":100}]",3 oz
usda-173706,"Tuna, bluefin",,seafood,seafood|high_protein,false,144,23.3,0,4.9,0,"[{""label"":""3 oz"",""grams"":85},{""label"":""100 g"",""grams"":100}]",3 oz
usda-173707,"Tuna, bluefin, cooked",,seafood,seafood|high_protein,false,184,29.9,0,6.3,0,"[{""label"":""3 oz"",""grams"":85},{""label"":""100 g"",""grams"":100}]",3 oz
usda-173708,"Tuna, light, canned in oil",canned tuna,seafood,seafood|high_protein,false,198,29.1,0,8.2,0,"[{""label"":""1 cup, solid or chunks"",""grams"":146},{""label"":""1 can"",""grams"":171},{""label"":""1 can (12.5 oz), drained"",""grams"":321},{""label"":""3 oz"",""grams"":85},{""label"":""100 g"",""grams"":100}]",3 oz
usda-171986,"Tuna, light, canned in water",canned tuna,seafood,seafood|high_protein,false,116,25.5,0,0.8,0,"[{""label"":""1 can"",""grams"":165},{""label"":""3 oz"",""grams"":85},{""label"":""100 g"",""grams"":100}]",3 oz
usda-175156,"Tuna, skipjack",,seafood,seafood|high_protein,false,103,22,0,1,0,"[{""label"":""1/2 fillet"",""grams"":198},{""label"":""3 oz"",""grams"":85},{""label"":""100 g"",""grams"":100}]",1/2 fillet
usda-175157,"Tuna, white, canned in oil",,seafood,seafood|high_protein,false,186,26.5,0,8.1,0,"[{""label"":""1 can"",""grams"":178},{""label"":""3 oz"",""grams"":85},{""label"":""100 g"",""grams"":100}]",3 oz
usda-175158,"Tuna, white, canned in water",,seafood,seafood|high_protein,false,128,23.6,0,3,0,"[{""label"":""1 can"",""grams"":172},{""label"":""3 oz"",""grams"":85},{""label"":""100 g"",""grams"":100}]",3 oz
usda-175159,"Tuna, yellowfin",,seafood,seafood|high_protein,false,109,24.4,0,0.5,0,"[{""label"":""1 cubic inch, boneless"",""grams"":16},{""label"":""3 oz"",""grams"":85},{""label"":""100 g"",""grams"":100}]",3 oz
usda-172006,"Tuna, yellowfin, cooked",,seafood,seafood|high_protein,false,130,29.2,0,0.6,0,"[{""label"":""3 oz"",""grams"":85},{""label"":""100 g"",""grams"":100}]",3 oz
usda-173711,Whitefish,,seafood,seafood|high_protein,false,134,19.1,0,5.9,0,"[{""label"":""1 fillet"",""grams"":198},{""label"":""3 oz"",""grams"":85},{""label"":""100 g"",""grams"":100}]",1 fillet
usda-174246,"Whitefish, cooked",,seafood,seafood|high_protein,false,172,24.5,0,7.5,0,"[{""label"":""1 fillet"",""grams"":154},{""label"":""3 oz"",""grams"":85},{""label"":""100 g"",""grams"":100}]",1 fillet
usda-173712,"Whitefish, smoked",,seafood,seafood|high_protein,false,108,23.4,0,0.9,0,"[{""label"":""1 cup, cooked"",""grams"":136},{""label"":""1 cubic inch, boneless"",""grams"":17},{""label"":""3 oz"",""grams"":85},{""label"":""100 g"",""grams"":100}]",3 oz
usda-173713,Whiting,,seafood,seafood|high_protein,false,90,18.3,0,1.3,0,"[{""label"":""1 fillet"",""grams"":92},{""label"":""3 oz"",""grams"":85},{""label"":""100 g"",""grams"":100}]",1 fillet
usda-175161,"Whiting, cooked",,seafood,seafood|high_protein,false,116,23.5,0,1.7,0,"[{""label"":""1 fillet"",""grams"":72},{""label"":""3 oz"",""grams"":85},{""label"":""100 g"",""grams"":100}]",1 fillet
usda-173150,Bagel chips,,snack,snack,true,451,12.3,66.4,15.1,4.1,"[{""label"":""1 bag"",""grams"":175},{""label"":""6 piece chips"",""grams"":28},{""label"":""100 g"",""grams"":100}]",1 bag
usda-168849,Banana chips,kele ke chips|nendran chips,snack,snack|fried|high_fibre,true,519,2.3,58.4,33.6,7.7,"[{""label"":""1 oz"",""grams"":28.4},{""label"":""100 g"",""grams"":100}]",1 oz
usda-167552,Caramel popcorn,,snack,snack,true,431,3.8,79.1,12.8,5.2,"[{""label"":""1 oz"",""grams"":28.4},{""label"":""100 g"",""grams"":100}]",1 oz
usda-174975,Cheese crackers,,snack,snack,true,489,10.9,59.4,22.7,2.3,"[{""label"":""1 cup, bite size"",""grams"":62},{""label"":""1 cup, crushed"",""grams"":72},{""label"":""1 gold fish"",""grams"":0.6},{""label"":""1 bag, single serving"",""grams"":28},{""label"":""1 snack stick"",""grams"":2},{""label"":""100 g"",""grams"":100}]","1 cup, bite size"
usda-174084,"Cheese crackers, whole grain",,snack,snack|high_fibre,true,412,9.6,57.3,16,6.4,"[{""label"":""1 serving 55 pieces"",""grams"":31},{""label"":""100 g"",""grams"":100}]",1 serving 55 pieces
usda-167960,Cheese popcorn,,snack,snack|high_fibre,true,526,9.3,51.6,33.2,9.9,"[{""label"":""1 cup"",""grams"":11},{""label"":""100 g"",""grams"":100}]",1 cup
usda-167949,Cheese puffs,,snack,snack,true,567,5.5,54.5,36.5,0.8,"[{""label"":""100 g"",""grams"":100}]",100 g
usda-168857,Corn cakes,,snack,snack,true,387,8.1,83.4,2.4,1.9,"[{""label"":""1 cake"",""grams"":9},{""label"":""2 cakes"",""grams"":18},{""label"":""100 g"",""grams"":100}]",1 cake
usda-167537,Corn chips,,snack,snack|fried,true,539,6.2,57.3,33.4,4,"[{""label"":""1 bag (7 oz)"",""grams"":198},{""label"":""100 g"",""grams"":100}]",1 bag (7 oz)
usda-172739,"Crispbread crackers, rye",,snack,snack|high_fibre,true,366,7.9,82.2,1.3,16.5,"[{""label"":""1 cup, crushed"",""grams"":55},{""label"":""1 crispbread"",""grams"":10},{""label"":""1 wafer, thin"",""grams"":2},{""label"":""1 wafer"",""grams"":10},{""label"":""100 g"",""grams"":100}]","1 cup, crushed"
usda-167951,Crisped rice bar,,snack,snack,true,404,5.1,73,13.5,2.2,"[{""label"":""1 bar (1 oz)"",""grams"":28},{""label"":""100 g"",""grams"":100}]",1 bar (1 oz)
usda-174098,"Flavored crackers, fish-shaped",,snack,snack,true,463,10.2,65.7,17.7,3.1,"[{""label"":""10 goldfish"",""grams"":5.2},{""label"":""100 g"",""grams"":100}]",10 goldfish
usda-167543,"Granola bar, almond",,snack,snack,true,495,7.7,62,25.5,4.8,"[{""label"":""1 bar"",""grams"":24},{""label"":""100 g"",""grams"":100}]",1 bar
usda-167542,"Granola bar, hard",,snack,snack,true,471,10.1,64.4,19.8,5.3,"[{""label"":""1 bar"",""grams"":21},{""label"":""1 bar (1 oz)"",""grams"":28},{""label"":""100 g"",""grams"":100}]",1 bar
usda-167954,"Granola bar, soft",,snack,snack,true,443,7.4,67.3,17.2,4.6,"[{""label"":""1 bar (1 oz)"",""grams"":28},{""label"":""100 g"",""grams"":100}]",1 bar (1 oz)
usda-169863,"Granola bar, with coconut, chocolate coated",,snack,snack|high_fibre,true,531,5.2,55.2,32.2,6.2,"[{""label"":""1 oz"",""grams"":28.4},{""label"":""100 g"",""grams"":100}]",1 oz
usda-169674,"Granola bars, soft, uncoated, chocolate chip",,snack,snack,true,418,5.7,70.2,16.6,3.8,"[{""label"":""1 bar (1.5 oz)"",""grams"":43},{""label"":""1 bar (1 oz)"",""grams"":28},{""label"":""100 g"",""grams"":100}]",1 bar (1.5 oz)
usda-169675,"Granola bars, soft, uncoated, chocolate chip, graham and marshmallow",,snack,snack,false,427,6.1,70.8,15.5,4,"[{""label"":""1 bar (1 oz)"",""grams"":28},{""label"":""100 g"",""grams"":100}]",1 bar (1 oz)
usda-167955,"Granola bars, soft, uncoated, peanut butter",,snack,snack,true,426,10.5,64.4,15.8,4.3,"[{""label"":""1 bar (1 oz)"",""grams"":28},{""label"":""100 g"",""grams"":100}]",1 bar (1 oz)
usda-171838,Multigrain crackers,,snack,snack,true,482,7.1,67.6,20.4,3.5,"[{""label"":""4 crackers"",""grams"":14},{""label"":""100 g"",""grams"":100}]",4 crackers
usda-167959,"Popcorn, air-popped",popcorn,snack,snack|high_fibre,true,387,12.9,77.8,4.5,14.5,"[{""label"":""1 cup"",""grams"":8},{""label"":""100 g"",""grams"":100}]",1 cup
usda-170247,"Popcorn, oil-popped",popcorn,snack,snack|high_fibre,true,500,9,57.2,28.1,10,"[{""label"":""1 cup"",""grams"":11},{""label"":""100 g"",""grams"":100}]",1 cup
usda-167961,Pork rinds,,snack,snack|high_protein,false,544,61.3,0,31.3,0,"[{""label"":""1 oz"",""grams"":28.4},{""label"":""100 g"",""grams"":100}]",1 oz
usda-170649,Potato chips,wafers|crisps|aloo chips,snack,snack|fried,true,536,7,52.9,34.6,4.8,"[{""label"":""1 bag (8 oz)"",""grams"":227},{""label"":""100 g"",""grams"":100}]",1 bag (8 oz)
usda-167962,"Potato chips, barbecue",,snack,snack|fried,true,487,6.5,55.9,31.1,3.8,"[{""label"":""1 bag (7 oz)"",""grams"":198},{""label"":""100 g"",""grams"":100}]",1 bag (7 oz)
usda-167963,"Potato chips, sour cream and onion",,snack,snack|fried,true,531,8.1,51.5,33.9,5.2,"[{""label"":""1 bag (7 oz)"",""grams"":198},{""label"":""100 g"",""grams"":100}]",1 bag (7 oz)
usda-168854,Potato sticks,,snack,snack,true,522,6.7,53.3,34.4,3.4,"[{""label"":""1/2 cup"",""grams"":18},{""label"":""100 g"",""grams"":100}]",1/2 cup
usda-173160,Prawn crackers,shrimp chips,snack,snack,false,426,7.1,59.1,17.9,5.6,"[{""label"":""1 serving"",""grams"":28},{""label"":""100 g"",""grams"":100}]",1 serving
usda-170249,"Pretzels, hard",,snack,snack,true,381,9.1,79.2,3.5,2.8,"[{""label"":""10 twists"",""grams"":60},{""label"":""100 g"",""grams"":100}]",10 twists
usda-169064,"Pretzels, soft",,snack,snack,true,338,8.2,69.4,3.1,1.7,"[{""label"":""1 large"",""grams"":143},{""label"":""1 medium"",""grams"":115},{""label"":""1 small"",""grams"":62},{""label"":""100 g"",""grams"":100}]",1 large
usda-168107,"Rice cake, cracker",,snack,snack|dessert,true,392,7.1,81.1,4.3,4.2,"[{""label"":""1 cubic inch"",""grams"":4.2},{""label"":""100 g"",""grams"":100}]",1 cubic inch
usda-170250,Rice cakes,,snack,snack,true,387,8.2,81.5,2.8,4.2,"[{""label"":""1 cake"",""grams"":9},{""label"":""2 cakes"",""grams"":18},{""label"":""100 g"",""grams"":100}]",1 cake
usda-173161,Rice crackers,,snack,snack,true,416,10,82.6,5,0,"[{""label"":""1 serving"",""grams"":30},{""label"":""100 g"",""grams"":100}]",1 serving
usda-174981,Rusk,toast rusk|cake rusk,snack,snack,true,407,13.5,72.3,7.2,0,"[{""label"":""1 rusk"",""grams"":10},{""label"":""100 g"",""grams"":100}]",1 rusk
usda-172746,Saltine crackers,cream crackers,snack,snack,true,418,9.5,74.1,8.6,2.8,"[{""label"":""5 crackers"",""grams"":14.9},{""label"":""1 cup, crushed"",""grams"":70},{""label"":""5 crackers square (1 serving)"",""grams"":15},{""label"":""1 cracker square"",""grams"":3},{""label"":""1 cracker, round large"",""grams"":10},{""label"":""100 g"",""grams"":100}]",5 crackers
usda-170653,Sesame sticks,,snack,snack,true,541,10.9,46.5,36.7,0,"[{""label"":""1 oz"",""grams"":28.4},{""label"":""100 g"",""grams"":100}]",1 oz
usda-174982,Snack crackers,,snack,snack,true,510,6.6,61.3,26.4,2.3,"[{""label"":""5 crackers"",""grams"":16},{""label"":""5 crackers, regular size, round (1 serving)"",""grams"":16},{""label"":""1 cracker, round"",""grams"":3.2},{""label"":""1 cracker, rectangular"",""grams"":4},{""label"":""1 cup crushed"",""grams"":52},{""label"":""100 g"",""grams"":100}]",5 crackers
usda-171846,"Snack crackers, with whole wheat",,snack,snack,true,463,7.3,68.4,17.8,4.9,"[{""label"":""5 crackers 1 serving"",""grams"":15},{""label"":""100 g"",""grams"":100}]",5 crackers 1 serving
usda-174783,Sweet potato chips,,snack,snack|fried|high_fibre,true,532,2.9,56.8,32.4,8.8,"[{""label"":""1 package"",""grams"":34},{""label"":""100 g"",""grams"":100}]",1 package
usda-168865,Taro chips,arbi chips,snack,snack|high_fibre,true,498,2.3,68.1,24.9,7.2,"[{""label"":""10 chips"",""grams"":23},{""label"":""100 g"",""grams"":100}]",10 chips
usda-168116,Tortilla chips,nachos,snack,snack|fried,true,503,7.8,65.3,23.4,5.3,"[{""label"":""1 cup"",""grams"":26},{""label"":""1 bag, single serving"",""grams"":28},{""label"":""10 chips"",""grams"":18},{""label"":""100 g"",""grams"":100}]",1 cup
usda-167559,"Tortilla chips, nacho cheese",,snack,snack|fried,true,519,7.4,60.8,27.4,5.1,"[{""label"":""1 oz"",""grams"":28.4},{""label"":""100 g"",""grams"":100}]",1 oz
usda-167561,Trail mix,,snack,snack,true,462,13.8,44.9,29.4,0,"[{""label"":""1 cup"",""grams"":150},{""label"":""100 g"",""grams"":100}]",1 cup
usda-167968,"Trail mix, tropical",,snack,snack,true,442,6.3,65.6,17.1,0,"[{""label"":""1 cup"",""grams"":140},{""label"":""100 g"",""grams"":100}]",1 cup
usda-170655,"Trail mix, with chocolate chips, unsalted nuts and seeds",,snack,snack,true,484,14.2,44.9,31.9,0,"[{""label"":""1 cup"",""grams"":146},{""label"":""100 g"",""grams"":100}]",1 cup
usda-174796,"Vegetable chips, made from garden vegetables",,snack,snack,true,473,5.3,60.4,23.3,4.7,"[{""label"":""1 oz"",""grams"":28.4},{""label"":""100 g"",""grams"":100}]",1 oz
usda-173157,Wasabi peas,,snack,snack,true,432,14.1,62.2,14.1,3.8,"[{""label"":""1 serving"",""grams"":28},{""label"":""100 g"",""grams"":100}]",1 serving
usda-171856,Water biscuits crackers,,snack,snack|high_fibre,true,384,7.1,72.8,7.1,7.1,"[{""label"":""4 cracker 1 serving"",""grams"":14},{""label"":""100 g"",""grams"":100}]",4 cracker 1 serving
usda-174985,Wheat crackers,,snack,snack|high_fibre,true,455,7.3,70.7,16.4,6.9,"[{""label"":""16 crackers 1 serving"",""grams"":34},{""label"":""2 crackers 1 serving"",""grams"":14.5},{""label"":""100 g"",""grams"":100}]",16 crackers 1 serving
usda-172747,"Wheat crackers, sandwich, with cheese filling",,snack,snack,true,497,9.8,58.2,25,3.1,"[{""label"":""1 cracker, sandwich"",""grams"":7},{""label"":""100 g"",""grams"":100}]","1 cracker, sandwich"
usda-172748,"Wheat crackers, sandwich, with peanut butter filling",,snack,snack,true,495,13.5,53.8,26.7,4.4,"[{""label"":""1 cracker, sandwich"",""grams"":7},{""label"":""100 g"",""grams"":100}]","1 cracker, sandwich"
usda-171855,"Whole grain crackers, sandwich-type, with peanut butter filling",,snack,snack|high_fibre,true,465,14.1,54.6,21.2,9.4,"[{""label"":""6 cracker 1 serving"",""grams"":43},{""label"":""100 g"",""grams"":100}]",6 cracker 1 serving
usda-172749,Whole-wheat crackers,,snack,snack|high_fibre,true,427,10.6,69.6,14.1,10.3,"[{""label"":""1 serving"",""grams"":28},{""label"":""1 cracker"",""grams"":4.6},{""label"":""1 cup, crushed"",""grams"":94},{""label"":""100 g"",""grams"":100}]",1 serving
usda-171190,"Beef and vegetables soup, canned",,soup,,false,48,3.2,6.2,1.2,1.2,"[{""label"":""1 cup"",""grams"":250},{""label"":""1 can"",""grams"":528},{""label"":""100 g"",""grams"":100}]",1 cup
usda-174073,Beef barley soup,,soup,,false,52,2.8,7.9,1,0.9,"[{""label"":""1 cup"",""grams"":208},{""label"":""1 can"",""grams"":527},{""label"":""100 g"",""grams"":100}]",1 cup
usda-172903,"Black bean soup, canned",,soup,,true,46,2.4,7.7,0.7,3.4,"[{""label"":""1 cup"",""grams"":247},{""label"":""1 can (11 oz), prepared"",""grams"":600},{""label"":""100 g"",""grams"":100}]",1 cup
usda-171546,"Chicken and vegetable soup, canned",,soup,,false,33,2,4.7,0.7,0.9,"[{""label"":""1 cup"",""grams"":255},{""label"":""100 g"",""grams"":100}]",1 cup
usda-174536,Chicken broth,chicken stock,soup,high_protein,false,6,0.6,0.4,0.2,0,"[{""label"":""1 cup"",""grams"":249},{""label"":""100 g"",""grams"":100}]",1 cup
usda-172909,"Chicken noodle soup, canned",,soup,,false,24,1.2,3,0.8,0.5,"[{""label"":""1 serving 1 cup"",""grams"":248},{""label"":""100 g"",""grams"":100}]",1 serving 1 cup
usda-172910,"Chicken with rice soup, canned",,soup,,false,24,1.5,2.9,0.8,0.3,"[{""label"":""1 serving 1 cup"",""grams"":243},{""label"":""100 g"",""grams"":100}]",1 serving 1 cup
usda-174062,"Clam chowder soup, new England, canned",,soup,,false,79,2.6,8.3,3.9,1,"[{""label"":""1 cup"",""grams"":254},{""label"":""1 can"",""grams"":521},{""label"":""100 g"",""grams"":100}]",1 cup
usda-174539,"Clam chowder soup, new England, canned, made with milk",,soup,,false,61,3.2,7.5,2,0.3,"[{""label"":""1 serving 1 cup"",""grams"":252},{""label"":""100 g"",""grams"":100}]",1 serving 1 cup
usda-174553,"Cream of chicken soup, canned",,soup,,false,48,1.4,3.8,3,0.1,"[{""label"":""1 cup"",""grams"":244},{""label"":""1 can (10.75 oz), prepared"",""grams"":593},{""label"":""100 g"",""grams"":100}]",1 cup
usda-174537,"Cream of chicken soup, canned, made with milk",,soup,,false,77,3,6,4.6,0.1,"[{""label"":""1 cup (8 fl oz)"",""grams"":248},{""label"":""1 can (10.75 oz), prepared"",""grams"":602},{""label"":""100 g"",""grams"":100}]",1 cup (8 fl oz)
usda-172915,"Cream of mushroom soup, canned",,soup,,true,39,0.7,3.3,2.6,0.3,"[{""label"":""1 serving 1 cup"",""grams"":248},{""label"":""100 g"",""grams"":100}]",1 serving 1 cup
usda-174540,"Cream of mushroom soup, canned, made with milk",,soup,,true,65,2.4,5.8,3.6,0.3,"[{""label"":""1 serving 1 cup"",""grams"":252},{""label"":""100 g"",""grams"":100}]",1 serving 1 cup
usda-172917,"Cream of potato soup, canned",,soup,,true,30,0.7,4.7,1,0.2,"[{""label"":""1 cup (8 fl oz)"",""grams"":244},{""label"":""1 can (10.75 oz), prepared"",""grams"":593},{""label"":""100 g"",""grams"":100}]",1 cup (8 fl oz)
usda-172897,"Cream of potato soup, canned, made with milk",,soup,,true,60,2.3,6.9,2.6,0.2,"[{""label"":""1 cup (8 fl oz)"",""grams"":248},{""label"":""1 can (10.75 oz), prepared"",""grams"":602},{""label"":""100 g"",""grams"":100}]",1 cup (8 fl oz)
usda-174807,Egg drop soup,,soup,,false,27,1.2,4.3,0.6,0.4,"[{""label"":""1 cup"",""grams"":241},{""label"":""100 g"",""grams"":100}]",1 cup
usda-174808,Hot and sour soup,,soup,,false,39,2.6,4.4,1.2,0.5,"[{""label"":""1 cup"",""grams"":233},{""label"":""100 g"",""grams"":100}]",1 cup
usda-172913,"Minestrone soup, canned",,soup,,true,34,1.8,4.7,1,0.4,"[{""label"":""1 cup (8 fl oz)"",""grams"":241},{""label"":""1 can (10.5 oz), prepared"",""grams"":586},{""label"":""100 g"",""grams"":100}]",1 cup (8 fl oz)
usda-172914,"Mushroom barley soup, canned",,soup,,true,30,0.8,4.8,0.9,0.3,"[{""label"":""1 cup (8 fl oz)"",""grams"":244},{""label"":""1 can (10.75 oz), prepared"",""grams"":593},{""label"":""100 g"",""grams"":100}]",1 cup (8 fl oz)
usda-174561,"Pea soup, green, canned",,soup,,true,61,3.2,9.9,1.1,1.9,"[{""label"":""1 serving 1 cup"",""grams"":259},{""label"":""100 g"",""grams"":100}]",1 serving 1 cup
usda-172896,"Pea soup, green, canned, made with milk",,soup,,true,94,5,12.7,2.8,1.1,"[{""label"":""1 cup (8 fl oz)"",""grams"":254},{""label"":""1 can (11.25 oz), prepared"",""grams"":616},{""label"":""100 g"",""grams"":100}]",1 cup (8 fl oz)
usda-171574,"Tomato bisque soup, canned",,soup,,true,50,0.9,9.6,1,0.2,"[{""label"":""1 cup (8 fl oz)"",""grams"":247},{""label"":""1 can (11 oz), prepared"",""grams"":600},{""label"":""100 g"",""grams"":100}]",1 cup (8 fl oz)
usda-172902,"Tomato bisque soup, canned, made with milk",,soup,,true,79,2.5,11.7,2.6,0.2,"[{""label"":""1 cup (8 fl oz)"",""grams"":251},{""label"":""1 can (11 oz), prepared"",""grams"":609},{""label"":""100 g"",""grams"":100}]",1 cup (8 fl oz)
usda-172920,"Tomato rice soup, canned",,soup,,true,47,0.8,8.5,1.1,0.7,"[{""label"":""1 cup"",""grams"":247},{""label"":""1 can (11 oz), prepared"",""grams"":600},{""label"":""100 g"",""grams"":100}]",1 cup
usda-171176,Tomato soup,tamatar soup,soup,,true,32,0.7,7.5,0.2,0.5,"[{""label"":""1 serving 1 cup"",""grams"":248},{""label"":""100 g"",""grams"":100}]",1 serving 1 cup
usda-174546,"Tomato soup, canned, made with milk",,soup,,true,55,2.4,9.8,1.2,0.5,"[{""label"":""1 serving 1 cup"",""grams"":252},{""label"":""100 g"",""grams"":100}]",1 serving 1 cup
usda-174565,"Vegetable beef soup, canned",,soup,,false,31,2.2,4.1,0.8,0.8,"[{""label"":""1 cup (8 fl oz)"",""grams"":244},{""label"":""1 can (10.75 oz), prepared"",""grams"":593},{""label"":""100 g"",""grams"":100}]",1 cup (8 fl oz)
usda-171583,Vegetable broth,vegetable stock,soup,,true,5,0.2,0.9,0.1,0,"[{""label"":""1 cup"",""grams"":221},{""label"":""1 can"",""grams"":390},{""label"":""1 carton (32 oz)"",""grams"":926},{""label"":""100 g"",""grams"":100}]",1 cup
usda-172921,"Vegetable with beef broth, canned",,soup,,false,33,1.2,5.4,0.8,0.7,"[{""label"":""1 cup (8 fl oz)"",""grams"":241},{""label"":""1 can (10.5 oz), prepared"",""grams"":586},{""label"":""100 g"",""grams"":100}]",1 cup (8 fl oz)
usda-174564,"Vegetarian vegetable soup, canned",,soup,,true,28,0.9,4.9,0.8,0.3,"[{""label"":""1 cup"",""grams"":241},{""label"":""1 can (10.5 oz), prepared"",""grams"":586},{""label"":""100 g"",""grams"":100}]",1 cup
usda-171821,Wonton soup,,soup,,false,32,2.1,5.3,0.3,0.2,"[{""label"":""1 cup"",""grams"":223},{""label"":""100 g"",""grams"":100}]",1 cup
usda-170277,Agave syrup,,sweet,dessert,true,310,0.1,76.4,0.5,0.2,"[{""label"":""1 tsp"",""grams"":6.9},{""label"":""1/4 cup"",""grams"":55},{""label"":""100 g"",""grams"":100}]",1/4 cup
usda-172694,Angelfood cake,,sweet,dessert,false,258,5.9,57.8,0.8,1.5,"[{""label"":""1 piece (1/12 of 12 oz cake)"",""grams"":28},{""label"":""1 cake (9\"" dia x 4\"")"",""grams"":340},{""label"":""100 g"",""grams"":100}]",1 piece (1/12 of 12 oz cake)
usda-168816,Apple butter,,sweet,dessert,true,173,0.4,42.5,0.3,1.5,"[{""label"":""1 tbsp"",""grams"":17},{""label"":""1 serving"",""grams"":17},{""label"":""1 cup"",""grams"":282},{""label"":""100 g"",""grams"":100}]",1 serving
usda-169601,Apple crisp,,sweet,dessert,true,161,1.8,30.8,3.4,1.4,"[{""label"":""1/2 cup"",""grams"":141},{""label"":""100 g"",""grams"":100}]",1/2 cup
usda-175011,Apple pie,,sweet,dessert,true,237,1.9,34,11,1.6,"[{""label"":""1 piece (1/8 of 9\"" dia)"",""grams"":125},{""label"":""1 piece (1/6 of 8\"" pie)"",""grams"":117},{""label"":""100 g"",""grams"":100}]","1 piece (1/8 of 9"" dia)"
usda-170645,Apricot jam,,sweet,dessert,true,242,0.7,64.4,0.2,0.3,"[{""label"":""1 tbsp"",""grams"":20},{""label"":""1 packet (0.5 oz)"",""grams"":14},{""label"":""100 g"",""grams"":100}]",1 tbsp
usda-167568,"Baking chocolate, squares",,sweet,dessert|high_fibre,true,642,14.3,28.4,52.3,16.6,"[{""label"":""1 cup, grated"",""grams"":132},{""label"":""100 g"",""grams"":100}]","1 cup, grated"
usda-172778,Blueberry pie,,sweet,dessert,true,232,1.8,34.9,10,1,"[{""label"":""1 piece (1/8 of 9\"" dia)"",""grams"":125},{""label"":""1 piece (1/6 of 8\"" pie)"",""grams"":117},{""label"":""100 g"",""grams"":100}]","1 piece (1/8 of 9"" dia)"
usda-168833,Brown sugar,,sweet,dessert,true,380,0.1,98.1,0,0,"[{""label"":""1 tsp unpacked"",""grams"":3},{""label"":""1 cup packed"",""grams"":220},{""label"":""1 cup unpacked"",""grams"":145},{""label"":""1 tsp packed"",""grams"":4.6},{""label"":""1 tsp brownulated"",""grams"":3.2},{""label"":""100 g"",""grams"":100}]",1 cup packed
usda-172713,Brownies,,sweet,dessert,false,405,4.8,63.9,16.3,2.1,"[{""label"":""1 square, large (2-3/4\"" sq x 7/8\"")"",""grams"":56},{""label"":""100 g"",""grams"":100}]","1 square, large (2-3/4"" sq x 7/8"")"
usda-167972,Butterscotch,,sweet,dessert,true,391,0,90.4,3.3,0,"[{""label"":""3 pieces"",""grams"":16},{""label"":""100 g"",""grams"":100}]",3 pieces
usda-174933,"Cake, cherry fudge with chocolate frosting",,sweet,dessert,false,264,2.4,38,12.5,0.5,"[{""label"":""1 piece (1/8 cake)"",""grams"":71},{""label"":""100 g"",""grams"":100}]",1 piece (1/8 cake)
usda-174991,"Cake-type doughnut, chocolate-coated or frosted",,sweet,dessert|fried,false,452,4.9,51.3,25.3,1.9,"[{""label"":""1 donettes (2\"" dia)"",""grams"":18},{""label"":""1 doughnut, medium"",""grams"":43},{""label"":""1 doughnut large"",""grams"":67},{""label"":""100 g"",""grams"":100}]","1 donettes (2"" dia)"
usda-167743,Cane syrup,,sweet,dessert,true,269,0,73.1,0,0,"[{""label"":""1 serving"",""grams"":21},{""label"":""100 g"",""grams"":100}]",1 serving
usda-168841,Caramel sauce,butterscotch sauce,sweet,dessert,true,216,1.2,57,0,0,"[{""label"":""2 tbsp"",""grams"":41},{""label"":""100 g"",""grams"":100}]",2 tbsp
usda-167974,Caramels,,sweet,dessert,true,382,4.6,77,8.1,0,"[{""label"":""1 package (2.5 oz)"",""grams"":71},{""label"":""1 piece"",""grams"":10.1},{""label"":""100 g"",""grams"":100}]",1 piece
usda-172711,Cheesecake,,sweet,dessert,false,321,5.5,25.5,22.5,0.4,"[{""label"":""1 piece (1/6 of 17 oz cake)"",""grams"":80},{""label"":""1 piece"",""grams"":125},{""label"":""100 g"",""grams"":100}]",1 piece (1/6 of 17 oz cake)
usda-172712,"Cheesecake, prepared from mix, no-bake type",,sweet,dessert,false,274,5.5,35.5,12.7,1.9,"[{""label"":""1 piece (1/12 of 9\"" dia)"",""grams"":99},{""label"":""100 g"",""grams"":100}]","1 piece (1/12 of 9"" dia)"
usda-172780,Cherry pie,,sweet,dessert,true,260,2,39.8,11,0.8,"[{""label"":""1 piece (1/8 of 9\"" dia)"",""grams"":125},{""label"":""1 piece (1/6 of 8\"" pie)"",""grams"":117},{""label"":""100 g"",""grams"":100}]","1 piece (1/8 of 9"" dia)"
usda-168771,Chewing gum,,sweet,dessert,true,360,0,96.7,0.3,2.4,"[{""label"":""1 stick"",""grams"":3},{""label"":""1 block"",""grams"":8},{""label"":""100 g"",""grams"":100}]",1 stick
usda-174934,Chocolate cake with frosting,,sweet,dessert,false,389,3.5,52.8,20.1,2.2,"[{""label"":""1 piece (1/12 of a cake)"",""grams"":138},{""label"":""1 piece (1/8 of 18 oz cake)"",""grams"":64},{""label"":""100 g"",""grams"":100}]",1 piece (1/12 of a cake)
usda-172697,"Chocolate cake, prepared from recipe without frosting",,sweet,dessert,false,371,5.3,53.4,15.1,1.6,"[{""label"":""1 piece (1/12 of 9\"" dia)"",""grams"":95},{""label"":""1 cake, 2-layer (8\"" or 9\"" dia)"",""grams"":1137},{""label"":""100 g"",""grams"":100}]","1 piece (1/12 of 9"" dia)"
usda-172716,Chocolate chip cookies,,sweet,dessert,true,492,5.1,65.4,24.7,2,"[{""label"":""1 cookie"",""grams"":12.9},{""label"":""1 cookie, big (3-1/2\"" - 4\"" dia)"",""grams"":40},{""label"":""1 cookie, medium (2-1/4\"" dia)"",""grams"":10},{""label"":""1 cookie, large"",""grams"":14},{""label"":""1 cookie, bite size"",""grams"":2.2},{""label"":""100 g"",""grams"":100}]",1 cookie
usda-172717,"Chocolate chip cookies, soft-type",,sweet,dessert,true,444,3.6,65.8,19.8,1.8,"[{""label"":""1 cookie"",""grams"":14.2},{""label"":""1 cookie (average weight of 1 cookie)"",""grams"":12.2},{""label"":""100 g"",""grams"":100}]",1 cookie
usda-174095,"Chocolate chip sandwich cookies, with creme filling",,sweet,dessert,true,425,2.9,63.5,17.7,0,"[{""label"":""1 cookie"",""grams"":34},{""label"":""100 g"",""grams"":100}]",1 cookie
usda-174096,Chocolate cookies,,sweet,dessert,true,440,3.2,63.3,19.4,1.6,"[{""label"":""1 cookie"",""grams"":62},{""label"":""100 g"",""grams"":100}]",1 cookie
usda-168795,Chocolate frosting,,sweet,dessert,true,397,1.1,63.2,17.6,0.9,"[{""label"":""2 tbsp creamy"",""grams"":41},{""label"":""100 g"",""grams"":100}]",2 tbsp creamy
usda-168000,Chocolate hazelnut spread,,sweet,dessert,true,539,5.4,62.4,29.7,5.4,"[{""label"":""100 g"",""grams"":100}]",100 g
usda-167585,"Chocolate ice cream, light",,sweet,dessert,true,187,5,25.7,7.2,0.8,"[{""label"":""1 serving"",""grams"":68},{""label"":""1 unit"",""grams"":100},{""label"":""100 g"",""grams"":100}]",1 serving
usda-168136,"Chocolate ice cream, rich",,sweet,dessert,true,251,4.7,19.8,17,0.9,"[{""label"":""1 cup"",""grams"":148},{""label"":""1 cubic inch"",""grams"":10.2},{""label"":""100 g"",""grams"":100}]",1 cup
usda-175015,"Chocolate mousse pie, prepared from mix, no-bake type",,sweet,dessert,true,260,3.5,29.6,15.4,0,"[{""label"":""1 piece (1/8 of 9\"" dia)"",""grams"":95},{""label"":""100 g"",""grams"":100}]","1 piece (1/8 of 9"" dia)"
usda-168778,Chocolate pudding,,sweet,dessert,true,142,2.1,23,4.6,0,"[{""label"":""1 container refrigerated, 4 oz"",""grams"":108},{""label"":""1 container shelf stable, 3.5 oz"",""grams"":98},{""label"":""100 g"",""grams"":100}]","1 container refrigerated, 4 oz"
usda-172718,"Chocolate sandwich cookies, with creme filling",,sweet,dessert,true,464,5.2,71,19.1,2.9,"[{""label"":""3 cookie"",""grams"":36},{""label"":""100 g"",""grams"":100}]",3 cookie
usda-172719,"Chocolate sandwich cookies, with creme filling, chocolate-coated",,sweet,dessert,true,481,3.6,66.4,26.4,5.2,"[{""label"":""1 cookie"",""grams"":17},{""label"":""100 g"",""grams"":100}]",1 cookie
usda-168835,"Chocolate syrup, fudge-type",,sweet,dessert,true,350,4.6,62.9,8.9,2.8,"[{""label"":""1 cup"",""grams"":304},{""label"":""2 tbsp"",""grams"":38},{""label"":""100 g"",""grams"":100}]",1 cup
usda-172714,Chocolate wafer cookies,,sweet,dessert,true,433,6.6,72.7,14.2,3.4,"[{""label"":""1 cup, crumbs"",""grams"":112},{""label"":""1 wafer"",""grams"":6},{""label"":""100 g"",""grams"":100}]","1 cup, crumbs"
usda-168001,Chocolate-coated peanuts,,sweet,dessert,true,519,13.1,49.7,33.5,4.7,"[{""label"":""1 cup"",""grams"":149},{""label"":""10 pieces"",""grams"":40},{""label"":""100 g"",""grams"":100}]",10 pieces
usda-169576,Chocolate-coated raisins,,sweet,dessert,true,390,4.1,68.4,14.8,3.1,"[{""label"":""1 cup"",""grams"":180},{""label"":""10 pieces"",""grams"":10},{""label"":""100 g"",""grams"":100}]",10 pieces
usda-170282,"Coconut bar, not chocolate covered",,sweet,dessert|high_fibre,true,481,2.1,55.9,27.7,6.4,"[{""label"":""1 bar"",""grams"":47},{""label"":""100 g"",""grams"":100}]",1 bar
usda-175016,Coconut creme pie,,sweet,dessert,true,298,2.1,37.3,16.6,1.3,"[{""label"":""1 piece (1/6 of 7\"" pie)"",""grams"":64},{""label"":""1 piece (1/8 of 7\"" pie)"",""grams"":48},{""label"":""100 g"",""grams"":100}]","1 piece (1/6 of 7"" pie)"
usda-171847,Coconut macaroon cookies,,sweet,dessert,true,460,3,61.2,22.6,5.1,"[{""label"":""2 cookie 1 serving"",""grams"":36},{""label"":""100 g"",""grams"":100}]",2 cookie 1 serving
usda-174079,"Cookie, butter or sugar, with chocolate icing or filling",,sweet,dessert,true,503,4.1,68.8,23.5,1.9,"[{""label"":""3 cookies"",""grams"":31},{""label"":""100 g"",""grams"":100}]",3 cookies
usda-174080,"Cookie, chocolate, with icing or coating",,sweet,dessert,true,507,4.5,67.9,24.2,2.3,"[{""label"":""4 cookies"",""grams"":32},{""label"":""100 g"",""grams"":100}]",4 cookies
usda-171835,"Cookie, vanilla with caramel, coconut, and chocolate coating",,sweet,dessert,true,489,3.5,64.1,25.8,4.4,"[{""label"":""2 cookies"",""grams"":29},{""label"":""100 g"",""grams"":100}]",2 cookies
usda-171836,"Cookie, with peanut butter filling, chocolate-coated",,sweet,dessert,true,562,8.1,52.9,35.3,3.5,"[{""label"":""2 cookies"",""grams"":25},{""label"":""100 g"",""grams"":100}]",2 cookies
usda-171866,"Cookies, chocolate cream covered biscuit sticks",,sweet,dessert,true,447,10,51.1,22.5,5,"[{""label"":""1 serving"",""grams"":40},{""label"":""100 g"",""grams"":100}]",1 serving
usda-172736,"Cookies, sugar wafers with creme filling",,sweet,dessert,true,502,3.8,70.6,23.2,1.6,"[{""label"":""3 cookies"",""grams"":36},{""label"":""1 cookie"",""grams"":10.1},{""label"":""100 g"",""grams"":100}]",3 cookies
usda-167534,"Cream puff, eclair, custard or cream filled, iced",,sweet,dessert,false,334,4.4,37.4,18.5,0.9,"[{""label"":""4 oz"",""grams"":113},{""label"":""100 g"",""grams"":100}]",4 oz
usda-170275,Crispy bar with peanut butter filling,,sweet,dessert,true,542,9.5,55.5,31.3,3.3,"[{""label"":""1 serving 1.5 oz"",""grams"":42},{""label"":""100 g"",""grams"":100}]",1 serving 1.5 oz
usda-172754,"Danish pastry, cheese",,sweet,dessert,true,374,8,37.2,21.9,1,"[{""label"":""1 pastry"",""grams"":71},{""label"":""100 g"",""grams"":100}]",1 pastry
usda-172753,"Danish pastry, cinnamon",,sweet,dessert,true,403,7,44.6,22.4,1.3,"[{""label"":""1 large"",""grams"":142},{""label"":""1 small or frozen"",""grams"":35},{""label"":""1 pastry (4-1/4\"" dia)"",""grams"":65},{""label"":""1 piece (1/8 of 15 oz ring)"",""grams"":53},{""label"":""100 g"",""grams"":100}]",1 piece (1/8 of 15 oz ring)
usda-172755,"Danish pastry, fruit",,sweet,dessert,true,371,5.4,47.8,18.5,1.9,"[{""label"":""1 large"",""grams"":142},{""label"":""1 small or frozen"",""grams"":35},{""label"":""1 pastry (4-1/4\"" dia)"",""grams"":71},{""label"":""1 piece (1/8 of 15 oz ring)"",""grams"":53},{""label"":""100 g"",""grams"":100}]",1 piece (1/8 of 15 oz ring)
usda-170274,Dark chocolate,,sweet,dessert|high_fibre,true,550,5.1,60,32.2,7.2,"[{""label"":""1 bar"",""grams"":127},{""label"":""100 g"",""grams"":100}]",1 bar
usda-170271,"Dark chocolate, 45-59% cacao",,sweet,dessert|high_fibre,true,546,4.9,61.2,31.3,7,"[{""label"":""1 bar"",""grams"":162},{""label"":""100 g"",""grams"":100}]",1 bar
usda-170272,"Dark chocolate, 60-69% cacao",,sweet,dessert|high_fibre,true,579,6.1,52.4,38.3,8,"[{""label"":""1 bar"",""grams"":112},{""label"":""100 g"",""grams"":100}]",1 bar
usda-170273,"Dark chocolate, 70-85% cacao",,sweet,dessert|high_fibre,true,598,7.8,45.9,42.6,10.9,"[{""label"":""1 bar"",""grams"":101},{""label"":""100 g"",""grams"":100}]",1 bar
usda-172757,"Doughnut, cream filled",donut,sweet,dessert|fried,true,361,6.4,30,24.5,0.8,"[{""label"":""1 doughnut oval (3-1/2\"" x 2-1/2\"")"",""grams"":85},{""label"":""100 g"",""grams"":100}]","1 doughnut oval (3-1/2"" x 2-1/2"")"
usda-174992,"Doughnut, glazed",donut,sweet,dessert|fried,false,426,5.2,50.8,22.9,1.5,"[{""label"":""1 doughnut, medium"",""grams"":45},{""label"":""100 g"",""grams"":100}]","1 doughnut, medium"
usda-167522,Dutch apple pie,,sweet,dessert,true,290,2.2,44.5,11.5,1.6,"[{""label"":""0.12 pie 1 pie (1/8 of 9\"" pie)"",""grams"":131},{""label"":""1 slice"",""grams"":137},{""label"":""1 pie"",""grams"":1137},{""label"":""100 g"",""grams"":100}]",1 slice
usda-169595,"Egg custard, baked",,sweet,dessert,false,104,5,11,4.6,0,"[{""label"":""1/2 cup"",""grams"":141},{""label"":""100 g"",""grams"":100}]",1/2 cup
usda-167574,"Flan, caramel custard",,sweet,dessert,false,145,4.5,22.8,4,0,"[{""label"":""1/2 cup"",""grams"":153},{""label"":""100 g"",""grams"":100}]",1/2 cup
usda-168104,"Frozen yogurt, chocolate",,sweet,dessert,true,131,3,21.6,3.6,2.3,"[{""label"":""1 cup"",""grams"":174},{""label"":""100 g"",""grams"":100}]",1 cup
usda-168848,"Frozen yogurt, chocolate, soft-serve",,sweet,dessert,true,160,4,24.9,6,2.2,"[{""label"":""1/2 cup (4 fl oz)"",""grams"":72},{""label"":""100 g"",""grams"":100}]",1/2 cup (4 fl oz)
usda-168105,"Frozen yogurt, flavors other than chocolate",,sweet,dessert,true,127,3,21.6,3.6,0,"[{""label"":""1 cup"",""grams"":174},{""label"":""100 g"",""grams"":100}]",1 cup
usda-168815,"Frozen yogurt, vanilla, soft-serve",,sweet,dessert,true,159,4,24.2,5.6,0,"[{""label"":""1/2 cup"",""grams"":72},{""label"":""100 g"",""grams"":100}]",1/2 cup
usda-169642,Fruit jelly,,sweet,dessert,true,266,0.2,70,0,1,"[{""label"":""1 serving 1 tbsp"",""grams"":21},{""label"":""1 packet (0.5 oz)"",""grams"":14},{""label"":""100 g"",""grams"":100}]",1 serving 1 tbsp
usda-167541,"Fruit leather, rolls",,sweet,dessert,true,371,0.1,85.8,3,0,"[{""label"":""1 large"",""grams"":21},{""label"":""1 small"",""grams"":14},{""label"":""100 g"",""grams"":100}]",1 large
usda-167953,Fruit syrup,,sweet,dessert,true,341,0,85.1,0,0.1,"[{""label"":""1 cup"",""grams"":334},{""label"":""1/4 cup"",""grams"":84},{""label"":""100 g"",""grams"":100}]",1 cup
usda-174951,"Fudge cookies, cake-type",,sweet,dessert,false,349,5,78.3,3.7,2.8,"[{""label"":""1 cookie"",""grams"":21},{""label"":""100 g"",""grams"":100}]",1 cookie
usda-167987,"Fudge, chocolate",,sweet,dessert,true,410,2.4,76.7,10.4,1.7,"[{""label"":""1 piece"",""grams"":17},{""label"":""100 g"",""grams"":100}]",1 piece
usda-167988,"Fudge, chocolate, with nuts",,sweet,dessert,true,460,4.4,68.2,18.9,2.5,"[{""label"":""1 oz"",""grams"":28.4},{""label"":""100 g"",""grams"":100}]",1 oz
usda-174956,Gingersnaps,,sweet,dessert,true,416,5.6,76.9,9.8,2.2,"[{""label"":""1 cookie"",""grams"":7},{""label"":""1 large"",""grams"":32},{""label"":""100 g"",""grams"":100}]",1 cookie
usda-174957,Graham crackers,,sweet,dessert,true,430,6.7,77.7,10.6,3.4,"[{""label"":""1 cracker"",""grams"":15},{""label"":""1 cup, crushed"",""grams"":84},{""label"":""1 large rectangular piece or 2 squares or 4"",""grams"":14},{""label"":""100 g"",""grams"":100}]",1 large rectangular piece or 2 squares or 4
usda-174958,"Graham crackers, chocolate-coated",,sweet,dessert,true,500,4,66.8,25.8,2.2,"[{""label"":""3 pieces"",""grams"":27},{""label"":""100 g"",""grams"":100}]",3 pieces
usda-167996,Halva (sesame),halvah|tahini halva,sweet,dessert,true,469,12.5,60.5,21.5,4.5,"[{""label"":""1 oz"",""grams"":28.4},{""label"":""100 g"",""grams"":100}]",1 oz
usda-167990,Hard candy,,sweet,dessert,true,394,0,98,0.2,0,"[{""label"":""1 piece"",""grams"":6},{""label"":""1 piece, small"",""grams"":3},{""label"":""100 g"",""grams"":100}]",1 piece
usda-169640,Honey,shahad,sweet,dessert,true,304,0.3,82.4,0,0.2,"[{""label"":""1 cup"",""grams"":339},{""label"":""1 tbsp"",""grams"":21},{""label"":""1 packet (0.5 oz)"",""grams"":14},{""label"":""100 g"",""grams"":100}]",1 cup
usda-168809,"Ice cream, chocolate",,sweet,dessert,true,216,3.8,28.2,11,1.2,"[{""label"":""1 individual (3.5 fl oz)"",""grams"":58},{""label"":""1/2 cup (4 fl oz)"",""grams"":66},{""label"":""100 g"",""grams"":100}]",1/2 cup (4 fl oz)
usda-168810,"Ice cream, strawberry",,sweet,dessert,true,192,3.2,27.6,8.4,0.9,"[{""label"":""1 individual (3.5 fl oz)"",""grams"":58},{""label"":""1/2 cup (4 fl oz)"",""grams"":66},{""label"":""100 g"",""grams"":100}]",1/2 cup (4 fl oz)
usda-167575,"Ice cream, vanilla",,sweet,dessert,true,207,3.5,23.6,11,0.7,"[{""label"":""1 serving 1/2 cup"",""grams"":66},{""label"":""100 g"",""grams"":100}]",1 serving 1/2 cup
usda-167573,"Ice cream, vanilla, premium",,sweet,dessert,true,249,3.5,22.3,16.2,0,"[{""label"":""1/2 cup"",""grams"":107},{""label"":""100 g"",""grams"":100}]",1/2 cup
usda-169641,Jam (fruit preserves),jam|fruit jam,sweet,dessert,true,278,0.4,68.9,0.1,1.1,"[{""label"":""1 tbsp"",""grams"":20},{""label"":""1 packet (0.5 oz)"",""grams"":14},{""label"":""100 g"",""grams"":100}]",1 tbsp
usda-167991,Jellybeans,,sweet,dessert,true,375,0,93.6,0.1,0.2,"[{""label"":""10 small"",""grams"":11},{""label"":""10 large (1 oz)"",""grams"":28},{""label"":""100 g"",""grams"":100}]",10 small
usda-175018,Lemon meringue pie,,sweet,dessert,false,285,3.8,39.1,12.9,0,"[{""label"":""1 piece (1/8 of 9\"" dia)"",""grams"":127},{""label"":""100 g"",""grams"":100}]","1 piece (1/8 of 9"" dia)"
usda-169658,Maple sugar,,sweet,dessert,true,354,0.1,90.9,0.2,0,"[{""label"":""1 tsp"",""grams"":3},{""label"":""1 piece (1-3/4\"" x 1-1/4\"" x 1/2\"")"",""grams"":28},{""label"":""100 g"",""grams"":100}]","1 piece (1-3/4"" x 1-1/4"" x 1/2"")"
usda-169661,Maple syrup,,sweet,dessert,true,260,0,67,0.1,0,"[{""label"":""1 tbsp"",""grams"":20},{""label"":""1 serving 1/4 cup"",""grams"":83},{""label"":""1 cup"",""grams"":315},{""label"":""100 g"",""grams"":100}]",1 serving 1/4 cup
usda-170276,"Maple syrup, Canadian",,sweet,dessert,true,270,0,67.4,0,0,"[{""label"":""60 milliliter"",""grams"":80},{""label"":""100 g"",""grams"":100}]",60 milliliter
usda-171867,Marie biscuits,marie biscuit|tea biscuit,sweet,dessert,true,406,7.1,70.5,10.6,3.5,"[{""label"":""5 cookie"",""grams"":28},{""label"":""100 g"",""grams"":100}]",5 cookie
usda-167995,Marshmallows,,sweet,dessert,false,318,1.8,81.3,0.2,0.1,"[{""label"":""1 cup of miniature"",""grams"":50},{""label"":""10 miniatures"",""grams"":7},{""label"":""1 regular"",""grams"":7.2},{""label"":""100 g"",""grams"":100}]",1 cup of miniature
usda-167587,Milk chocolate,,sweet,dessert,true,535,7.7,59.4,29.7,3.4,"[{""label"":""1 bar, miniature"",""grams"":7},{""label"":""1 bar (1.55 oz)"",""grams"":44},{""label"":""1 cup chips"",""grams"":168},{""label"":""100 g"",""grams"":100}]","1 bar, miniature"
usda-168754,"Milk chocolate, with almonds",,sweet,dessert|high_fibre,true,526,9,53.4,34.4,6.2,"[{""label"":""1 bar (1.45 oz)"",""grams"":41},{""label"":""1 bar (1.55 oz)"",""grams"":44},{""label"":""100 g"",""grams"":100}]",1 bar (1.45 oz)
usda-168755,"Milk chocolate, with rice cereal",,sweet,dessert,true,511,7.6,59.7,29.4,3.3,"[{""label"":""1 bar (1.4 oz)"",""grams"":40},{""label"":""1 bar (1.45 oz)"",""grams"":45},{""label"":""1 bar (1.65 oz)"",""grams"":47},{""label"":""1 bar, miniature"",""grams"":10},{""label"":""1 bar (1.55 oz)"",""grams"":44},{""label"":""100 g"",""grams"":100}]",1 bar (1.4 oz)
usda-175019,Mince pie,,sweet,dessert,true,289,2.6,48,10.8,2.6,"[{""label"":""1 piece (1/8 of 9\"" dia)"",""grams"":165},{""label"":""100 g"",""grams"":100}]","1 piece (1/8 of 9"" dia)"
usda-168820,Molasses,,sweet,dessert,true,290,0,74.7,0.1,0,"[{""label"":""1 cup"",""grams"":337},{""label"":""1 serving 1 tbsp"",""grams"":20},{""label"":""100 g"",""grams"":100}]",1 serving 1 tbsp
usda-168777,"Mousse, chocolate",,sweet,dessert,true,225,4.1,16.1,16,0.6,"[{""label"":""1/2 cup"",""grams"":202},{""label"":""100 g"",""grams"":100}]",1/2 cup
usda-169060,Nougat with almonds,,sweet,dessert,true,398,3.3,92.4,1.7,3.3,"[{""label"":""1 piece"",""grams"":14},{""label"":""100 g"",""grams"":100}]",1 piece
usda-172725,Oatmeal cookies,,sweet,dessert,true,450,6.2,68.7,18.1,2.8,"[{""label"":""1 cookie, big (3-1/2\"" - 4\"" dia)"",""grams"":25},{""label"":""1 large"",""grams"":18},{""label"":""100 g"",""grams"":100}]","1 cookie, big (3-1/2"" - 4"" dia)"
usda-172726,"Oatmeal cookies, soft-type",,sweet,dessert,true,409,6.1,65.7,14.7,2.7,"[{""label"":""1 cookie"",""grams"":15},{""label"":""100 g"",""grams"":100}]",1 cookie
usda-174963,"Oatmeal cookies, with raisins",,sweet,dessert,true,441,5.9,69,15.8,3.3,"[{""label"":""1 cookie"",""grams"":24},{""label"":""100 g"",""grams"":100}]",1 cookie
usda-172807,"Oatmeal cookies, without raisins",,sweet,dessert,true,447,6.8,66.4,17.9,0,"[{""label"":""1 cookie (2-5/8\"" dia)"",""grams"":15},{""label"":""100 g"",""grams"":100}]","1 cookie (2-5/8"" dia)"
usda-171842,"Oatmeal sandwich cookies, with creme filling",,sweet,dessert,true,398,2.6,55.6,18.3,2.6,"[{""label"":""1 cookie 1 serving"",""grams"":38},{""label"":""100 g"",""grams"":100}]",1 cookie 1 serving
usda-168819,Orange marmalade,marmalade,sweet,dessert,true,246,0.3,66.3,0,0.7,"[{""label"":""1 tbsp"",""grams"":20},{""label"":""1 package (0.5 oz)"",""grams"":14},{""label"":""1 serving"",""grams"":20},{""label"":""1 cup"",""grams"":320},{""label"":""100 g"",""grams"":100}]",1 serving
usda-167577,Orange sherbet,,sweet,dessert,true,144,1.1,30.4,2,1.3,"[{""label"":""1/2 cup (4 fl oz)"",""grams"":74},{""label"":""1 bar (2.75 fl oz)"",""grams"":66},{""label"":""100 g"",""grams"":100}]",1 bar (2.75 fl oz)
usda-169578,Pancake syrup,,sweet,dessert,true,234,0,61.5,0,0,"[{""label"":""1 cup"",""grams"":314},{""label"":""1 tbsp"",""grams"":20},{""label"":""100 g"",""grams"":100}]",1 cup
usda-169585,Peanut bar,,sweet,dessert,true,522,15.5,47.4,33.7,4.1,"[{""label"":""1 bar (1.4 oz)"",""grams"":40},{""label"":""1 bar (1.6 oz)"",""grams"":45},{""label"":""1 bar (1.75 fl oz)"",""grams"":50},{""label"":""100 g"",""grams"":100}]",1 bar (1.4 oz)
usda-169586,Peanut brittle,,sweet,dessert,true,486,7.6,71.2,19,2.5,"[{""label"":""1 oz"",""grams"":28.4},{""label"":""100 g"",""grams"":100}]",1 oz
usda-172727,Peanut butter cookies,,sweet,dessert,true,473,8.9,58.2,23.8,2.1,"[{""label"":""1 cookie"",""grams"":31},{""label"":""100 g"",""grams"":100}]",1 cookie
usda-172728,"Peanut butter cookies, soft-type",,sweet,dessert,true,457,5.3,57.7,24.4,1.7,"[{""label"":""1 cookie"",""grams"":15},{""label"":""100 g"",""grams"":100}]",1 cookie
usda-174965,Peanut butter sandwich cookies,,sweet,dessert,true,478,8.8,65.6,21.1,1.9,"[{""label"":""1 cookie"",""grams"":14},{""label"":""100 g"",""grams"":100}]",1 cookie
usda-175021,Pecan pie,,sweet,dessert,true,407,4.5,59.6,16.7,2.1,"[{""label"":""1 slice"",""grams"":133},{""label"":""1 pie"",""grams"":833},{""label"":""100 g"",""grams"":100}]",1 slice
usda-172703,Pineapple upside-down cake,,sweet,dessert,false,319,3.5,50.5,12.1,0.8,"[{""label"":""1 piece (1/9 of 8\"" square)"",""grams"":115},{""label"":""100 g"",""grams"":100}]","1 piece (1/9 of 8"" square)"
usda-174940,Pound cake,,sweet,dessert,false,389,5.2,52.5,17.9,1,"[{""label"":""1 piece (1/10 of 10.6 oz cake)"",""grams"":30},{""label"":""1 piece (1/12 of 12 oz cake)"",""grams"":28},{""label"":""1 snack cake (2.5 oz)"",""grams"":71},{""label"":""100 g"",""grams"":100}]",1 piece (1/10 of 10.6 oz cake)
usda-172704,"Pound cake, butter",,sweet,dessert,false,353,5,53.6,14,0.6,"[{""label"":""0.16 loaf 1/6 of the loaf"",""grams"":61},{""label"":""1 piece individually wrapped cake"",""grams"":49},{""label"":""100 g"",""grams"":100}]",1 piece individually wrapped cake
usda-169656,Powdered sugar,icing sugar,sweet,dessert,true,389,0,99.8,0,0,"[{""label"":""1 cup unsifted"",""grams"":120},{""label"":""1 cup sifted"",""grams"":100},{""label"":""1 tbsp unsifted"",""grams"":8},{""label"":""1 tsp"",""grams"":2.5},{""label"":""100 g"",""grams"":100}]",1 cup unsifted
usda-172787,Pumpkin pie,,sweet,dessert,true,243,3.9,34.8,9.8,1.8,"[{""label"":""1 slice"",""grams"":133},{""label"":""1 pie"",""grams"":995},{""label"":""100 g"",""grams"":100}]",1 slice
usda-168782,Rice pudding,,sweet,dessert,true,108,3.2,18.4,2.2,0.3,"[{""label"":""1 serving 4 oz pudding cup"",""grams"":113},{""label"":""1 can (5 oz)"",""grams"":142},{""label"":""1 cup"",""grams"":172},{""label"":""1/2 cup"",""grams"":92},{""label"":""100 g"",""grams"":100}]",1 serving 4 oz pudding cup
usda-167976,Semisweet chocolate,,sweet,dessert,true,480,4.2,63.9,30,5.9,"[{""label"":""1 serving"",""grams"":14.5},{""label"":""1 cup large chips"",""grams"":182},{""label"":""1 cup mini chips"",""grams"":173},{""label"":""1 cup chips (6 oz package)"",""grams"":168},{""label"":""100 g"",""grams"":100}]",1 serving
usda-169588,Sesame brittle,til chikki|til patti|ellu mittai,sweet,dessert|high_fibre,true,516,11.6,50.3,33.3,7.7,"[{""label"":""1 piece"",""grams"":1.8},{""label"":""20 pieces"",""grams"":35},{""label"":""100 g"",""grams"":100}]",1 piece
usda-174967,Shortbread cookies,,sweet,dessert,true,514,5.4,63.8,26.2,1.3,"[{""label"":""1 cookie"",""grams"":11.8},{""label"":""100 g"",""grams"":100}]",1 cookie
usda-174968,"Shortbread cookies, pecan",,sweet,dessert,true,542,4.9,58.3,32.5,1.8,"[{""label"":""1 cookie (2\"" dia)"",""grams"":14},{""label"":""100 g"",""grams"":100}]","1 cookie (2"" dia)"
usda-172706,Sponge cake,plain cake,sweet,dessert,false,290,5.4,61,2.7,0.5,"[{""label"":""1 piece (1/12 of 16 oz cake)"",""grams"":38},{""label"":""100 g"",""grams"":100}]",1 piece (1/12 of 16 oz cake)
usda-174971,Sugar cookies,,sweet,dessert,true,464,5.4,67.3,19.6,1.3,"[{""label"":""1 cookie"",""grams"":17},{""label"":""100 g"",""grams"":100}]",1 cookie
usda-174088,"Sugar wafer cookies, chocolate-covered",,sweet,dessert,true,526,3.5,66,27.6,3.4,"[{""label"":""3 cookie"",""grams"":29},{""label"":""100 g"",""grams"":100}]",3 cookie
usda-170674,"Sugar, turbinado",,sweet,dessert,true,399,0,99.8,0,0,"[{""label"":""1 tsp"",""grams"":4.6},{""label"":""1 cup"",""grams"":202},{""label"":""100 g"",""grams"":100}]",1 cup
usda-169655,"Sugar, white",cheeni|shakkar,sweet,dessert,true,387,0,100,0,0,"[{""label"":""1 serving packet"",""grams"":2.8},{""label"":""1 tsp"",""grams"":4.2},{""label"":""1 cup"",""grams"":200},{""label"":""1 serving 1 cube"",""grams"":2.3},{""label"":""100 g"",""grams"":100}]",1 serving packet
usda-170656,Sugar-coated almonds,dragees,sweet,dessert,true,465,10,68.3,17.9,2.5,"[{""label"":""1 piece"",""grams"":3.5},{""label"":""100 g"",""grams"":100}]",1 piece
usda-167977,Sweet chocolate,,sweet,dessert,true,507,3.9,60.4,34.2,5.5,"[{""label"":""1 bar (1.45 oz)"",""grams"":41},{""label"":""100 g"",""grams"":100}]",1 bar (1.45 oz)
usda-170281,Tamarind candy,imli candy|imli goli,sweet,dessert,true,331,0,92,0,2.5,"[{""label"":""1 serving"",""grams"":14},{""label"":""100 g"",""grams"":100}]",1 serving
usda-169614,Tapioca pudding,,sweet,dessert,true,130,2,21.7,3.9,0,"[{""label"":""1 container refrigerated 4 oz"",""grams"":110},{""label"":""1 container"",""grams"":97},{""label"":""100 g"",""grams"":100}]",1 container refrigerated 4 oz
usda-169671,Toffee,,sweet,dessert,true,560,1.1,64.7,32.8,0,"[{""label"":""1 piece"",""grams"":12},{""label"":""100 g"",""grams"":100}]",1 piece
usda-169580,Truffles,,sweet,dessert,true,510,6.2,44.9,33.8,2.5,"[{""label"":""1 piece"",""grams"":12},{""label"":""100 g"",""grams"":100}]",1 piece
usda-174945,Vanilla cake with frosting,,sweet,dessert,false,391,3,56.2,17.9,0.3,"[{""label"":""1 serving"",""grams"":67},{""label"":""100 g"",""grams"":100}]",1 serving
usda-172789,Vanilla cream pie,,sweet,dessert,true,278,4.8,32.6,14.4,0.6,"[{""label"":""1 piece (1/8 of 9\"" dia)"",""grams"":126},{""label"":""100 g"",""grams"":100}]","1 piece (1/8 of 9"" dia)"
usda-169620,Vanilla frosting,,sweet,dessert,true,418,0,67.9,16.2,0,"[{""label"":""0.08 package"",""grams"":38},{""label"":""2 tbsp creamy"",""grams"":33},{""label"":""1 package (16 oz)"",""grams"":462},{""label"":""100 g"",""grams"":100}]",2 tbsp creamy
usda-169608,Vanilla pudding,,sweet,dessert,true,130,1.5,22.6,3.8,0,"[{""label"":""1 container refrigerated 4 oz"",""grams"":110},{""label"":""1 container shelf stable 3.5 oz"",""grams"":97},{""label"":""100 g"",""grams"":100}]",1 container refrigerated 4 oz
usda-174974,Vanilla wafers,,sweet,dessert,true,455,4.9,72.6,16.4,1.6,"[{""label"":""8 wafers"",""grams"":30},{""label"":""8 wafers mini wafers"",""grams"":11.6},{""label"":""100 g"",""grams"":100}]",8 wafers
usda-167571,White chocolate,,sweet,dessert,true,539,5.9,59.2,32.1,0.2,"[{""label"":""1 bar (3 oz)"",""grams"":85},{""label"":""1 tbsp"",""grams"":14},{""label"":""1 cup chips"",""grams"":170},{""label"":""100 g"",""grams"":100}]",1 bar (3 oz)
usda-172758,"Yeast-leavened doughnut, glazed",,sweet,dessert|fried,true,421,6.1,47.9,22.7,2.1,"[{""label"":""1 doughnut hole"",""grams"":13},{""label"":""1 doughnut stick"",""grams"":56},{""label"":""1 extra large"",""grams"":122},{""label"":""1 jumbo"",""grams"":157},{""label"":""1 doughnut, large"",""grams"":75},{""label"":""100 g"",""grams"":100}]",1 doughnut hole
usda-172759,"Yeast-leavened doughnut, with jelly filling",,sweet,dessert|fried,true,340,5.9,39,18.7,0.9,"[{""label"":""1 doughnut oval (3-1/2\"" x 2-1/2\"")"",""grams"":85},{""label"":""100 g"",""grams"":100}]","1 doughnut oval (3-1/2"" x 2-1/2"")"
usda-174944,Yellow cake with chocolate frosting,,sweet,dessert,false,379,3.2,55.4,17.8,1.5,"[{""label"":""1 piece (1/12 of a cake)"",""grams"":144},{""label"":""1 piece (1/8 of 18 oz cake)"",""grams"":64},{""label"":""100 g"",""grams"":100}]",1 piece (1/12 of a cake)
usda-168384,"Alfalfa seeds, sprouted",,vegetable,vegetable|high_protein,true,23,4,2.1,0.7,1.9,"[{""label"":""1 cup"",""grams"":33},{""label"":""1 tbsp"",""grams"":3},{""label"":""100 g"",""grams"":100}]",1 cup
usda-168385,Amaranth leaves,chaulai|rajgira leaves|thotakura|mulai keerai,vegetable,vegetable|high_protein,true,23,2.5,4,0.3,0,"[{""label"":""1 cup"",""grams"":28},{""label"":""1 leaf"",""grams"":14},{""label"":""100 g"",""grams"":100}]",1 cup
usda-169202,"Amaranth leaves, boiled",chaulai,vegetable,vegetable|high_protein,true,21,2.1,4.1,0.2,0,"[{""label"":""1 cup"",""grams"":132},{""label"":""100 g"",""grams"":100}]",1 cup
usda-168490,Arrowroot,ararot,vegetable,vegetable,true,65,4.2,13.4,0.2,1.3,"[{""label"":""1 cup, sliced"",""grams"":120},{""label"":""1 root"",""grams"":33},{""label"":""100 g"",""grams"":100}]","1 cup, sliced"
usda-169205,Artichoke,globe|french,vegetable,vegetable,true,47,3.3,10.5,0.2,5.4,"[{""label"":""1 artichoke, medium"",""grams"":128},{""label"":""1 artichoke, large"",""grams"":162},{""label"":""100 g"",""grams"":100}]","1 artichoke, medium"
usda-168386,"Artichoke, boiled",globe|french,vegetable,vegetable,true,53,2.9,12,0.3,5.7,"[{""label"":""1 artichoke, medium"",""grams"":120},{""label"":""1/2 cup hearts"",""grams"":84},{""label"":""100 g"",""grams"":100}]",1/2 cup hearts
usda-168388,"Artichoke, frozen, boiled",globe|french,vegetable,vegetable,true,45,3.1,9.2,0.5,4.6,"[{""label"":""1 cup"",""grams"":168},{""label"":""1 package (9 oz), yields"",""grams"":240},{""label"":""1/3 package (9 oz) yields"",""grams"":80},{""label"":""100 g"",""grams"":100}]",1 cup
usda-169387,Arugula,,vegetable,vegetable|high_protein,true,25,2.6,3.7,0.7,1.6,"[{""label"":""1 leaf"",""grams"":2},{""label"":""1/2 cup"",""grams"":10},{""label"":""100 g"",""grams"":100}]",1/2 cup
usda-170069,Ash gourd (petha),petha|wax gourd|winter melon|kumbalanga|poosanikai,vegetable,vegetable,true,13,0.4,3,0.2,2.9,"[{""label"":""1 cup, cubes"",""grams"":132},{""label"":""100 g"",""grams"":100}]","1 cup, cubes"
usda-170475,"Ash gourd, boiled",petha,vegetable,vegetable,true,14,0.4,3,0.2,1,"[{""label"":""1 cup, cubes"",""grams"":175},{""label"":""100 g"",""grams"":100}]","1 cup, cubes"
usda-168389,Asparagus,,vegetable,vegetable|high_protein,true,20,2.2,3.9,0.1,2.1,"[{""label"":""1 cup"",""grams"":134},{""label"":""1 spear, small (5\"" long or less)"",""grams"":12},{""label"":""1 spear, medium (5-1/4\"" to 7\"" long)"",""grams"":16},{""label"":""1 spear, large (7-1/4\"" to 8-1/2\"")"",""grams"":20},{""label"":""1 spear, extra large (8-3/4\"" to 10\"" long)"",""grams"":24},{""label"":""100 g"",""grams"":100}]",1 cup
usda-168390,"Asparagus, boiled",,vegetable,vegetable|high_protein,true,22,2.4,4.1,0.2,2,"[{""label"":""1/2 cup"",""grams"":90},{""label"":""4 spears (1/2\"" base)"",""grams"":60},{""label"":""100 g"",""grams"":100}]",1/2 cup
usda-169207,"Asparagus, canned",,vegetable,vegetable|high_protein,true,19,2.1,2.5,0.7,1.6,"[{""label"":""1 cup"",""grams"":242},{""label"":""1 spear (about 5\"" long)"",""grams"":18},{""label"":""1 can (300 x 407)"",""grams"":248},{""label"":""100 g"",""grams"":100}]",1 cup
usda-169209,"Asparagus, frozen, boiled",,vegetable,vegetable|high_protein,true,18,3,1.9,0.4,1.6,"[{""label"":""1 cup"",""grams"":180},{""label"":""1 package (10 oz) yields"",""grams"":293},{""label"":""4 spears"",""grams"":60},{""label"":""100 g"",""grams"":100}]",1 cup
usda-168568,Baby carrots,,vegetable,vegetable,true,35,0.6,8.2,0.1,2.9,"[{""label"":""1 large"",""grams"":15},{""label"":""1 medium"",""grams"":10},{""label"":""1 serving"",""grams"":85},{""label"":""100 g"",""grams"":100}]",1 medium
usda-169210,Bamboo shoots,,vegetable,vegetable|high_protein,true,27,2.6,5.2,0.3,2.2,"[{""label"":""1 cup (1/2\"" slices)"",""grams"":151},{""label"":""1/2 cup (1/2\"" pieces)"",""grams"":76},{""label"":""100 g"",""grams"":100}]","1 cup (1/2"" slices)"
usda-169211,"Bamboo shoots, boiled",,vegetable,vegetable|high_protein,true,12,1.5,1.9,0.2,1,"[{""label"":""1 cup (1/2\"" slices)"",""grams"":120},{""label"":""1 shoot"",""grams"":144},{""label"":""100 g"",""grams"":100}]","1 cup (1/2"" slices)"
usda-169212,"Bamboo shoots, canned",,vegetable,vegetable|high_protein,true,19,1.7,3.2,0.4,1.4,"[{""label"":""1 cup (1/8\"" slices)"",""grams"":131},{""label"":""1 can (303 x 406)"",""grams"":262},{""label"":""100 g"",""grams"":100}]","1 cup (1/8"" slices)"
usda-169244,Bathua (lambsquarters),bathua|chenopodium|chakvat|lambsquarters,vegetable,vegetable|high_protein,true,43,4.2,7.3,0.8,4,"[{""label"":""100 g"",""grams"":100}]",100 g
usda-170375,Beet greens,chukandar ke patte,vegetable,vegetable|high_protein,true,22,2.2,4.3,0.1,3.7,"[{""label"":""1 cup"",""grams"":38},{""label"":""1 leaf"",""grams"":32},{""label"":""1/2 cup (1\"" pieces)"",""grams"":19},{""label"":""100 g"",""grams"":100}]",1 cup
usda-169145,Beetroot,chukandar,vegetable,vegetable,true,43,1.6,9.6,0.2,2.8,"[{""label"":""1 cup"",""grams"":136},{""label"":""1 beet (2\"" dia)"",""grams"":82},{""label"":""100 g"",""grams"":100}]",1 cup
usda-169146,"Beetroot, boiled",,vegetable,vegetable,true,44,1.7,10,0.2,2,"[{""label"":""1/2 cup slices"",""grams"":85},{""label"":""2 beets (2\"" dia, sphere)"",""grams"":100},{""label"":""100 g"",""grams"":100}]",1/2 cup slices
usda-169966,"Beetroot, canned",,vegetable,vegetable,true,31,0.9,7.2,0.1,1.8,"[{""label"":""1 cup, diced"",""grams"":157},{""label"":""1 cup, shredded"",""grams"":195},{""label"":""1 cup slices"",""grams"":170},{""label"":""1 cup, whole"",""grams"":163},{""label"":""1 slice"",""grams"":8},{""label"":""100 g"",""grams"":100}]","1 cup, diced"
usda-170480,"Beetroot, pickled, canned",,vegetable,vegetable,true,65,0.8,16.3,0.1,0.8,"[{""label"":""1 cup slices"",""grams"":227},{""label"":""100 g"",""grams"":100}]",1 cup slices
usda-168393,Bitter gourd (karela),karela|bitter melon|pavakkai|kakarakaya,vegetable,vegetable,true,17,1,3.7,0.2,2.8,"[{""label"":""1 cup (1/2\"" pieces)"",""grams"":93},{""label"":""1 balsam-pear"",""grams"":124},{""label"":""100 g"",""grams"":100}]","1 cup (1/2"" pieces)"
usda-168394,"Bitter gourd, boiled",karela,vegetable,vegetable,true,19,0.8,4.3,0.2,2,"[{""label"":""1 cup (1/2\"" pieces)"",""grams"":124},{""label"":""1/2 cup (1/2\"" pieces)"",""grams"":62},{""label"":""100 g"",""grams"":100}]","1 cup (1/2"" pieces)"
usda-169220,"Black-eyed peas, fresh",blackeyes,vegetable,vegetable,true,90,3,18.8,0.4,5,"[{""label"":""1 cup"",""grams"":145},{""label"":""100 g"",""grams"":100}]",1 cup
usda-168402,"Black-eyed peas, fresh, boiled",blackeyes,vegetable,vegetable,true,97,3.2,20.3,0.4,5,"[{""label"":""1 cup"",""grams"":165},{""label"":""100 g"",""grams"":100}]",1 cup
usda-168404,"Black-eyed peas, frozen, boiled",blackeyes,vegetable,vegetable|high_fibre,true,132,8.5,23.8,0.7,6.4,"[{""label"":""1 cup"",""grams"":170},{""label"":""100 g"",""grams"":100}]",1 cup
usda-169232,Bottle gourd (lauki),lauki|doodhi|ghiya|calabash|sorakaya,vegetable,vegetable,true,14,0.6,3.4,0,0.5,"[{""label"":""1/2 cup (1\"" pieces)"",""grams"":58},{""label"":""1 gourd"",""grams"":771},{""label"":""100 g"",""grams"":100}]","1/2 cup (1"" pieces)"
usda-169233,"Bottle gourd, boiled",lauki,vegetable,vegetable,true,15,0.6,3.7,0,1.2,"[{""label"":""1 cup (1\"" cubes)"",""grams"":146},{""label"":""100 g"",""grams"":100}]","1 cup (1"" cubes)"
usda-170379,Broccoli,,vegetable,vegetable|high_protein,true,34,2.8,6.6,0.4,2.6,"[{""label"":""1 cup chopped"",""grams"":91},{""label"":""1 bunch"",""grams"":608},{""label"":""1 spear (about 5\"" long)"",""grams"":31},{""label"":""1 stalk"",""grams"":151},{""label"":""1/2 cup, chopped or diced"",""grams"":44},{""label"":""100 g"",""grams"":100}]",1 cup chopped
usda-170381,Broccoli raab,,vegetable,vegetable|high_protein,true,22,3.2,2.9,0.5,2.7,"[{""label"":""1 cup chopped"",""grams"":40},{""label"":""1 stalk"",""grams"":19},{""label"":""100 g"",""grams"":100}]",1 cup chopped
usda-170382,"Broccoli raab, cooked",,vegetable,vegetable|high_protein,true,25,3.8,3.1,0.5,2.8,"[{""label"":""1 serving"",""grams"":85},{""label"":""1 bunch cooked"",""grams"":437},{""label"":""100 g"",""grams"":100}]",1 serving
usda-169967,"Broccoli, boiled",,vegetable,vegetable,true,35,2.4,7.2,0.4,3.3,"[{""label"":""1/2 cup, chopped"",""grams"":78},{""label"":""1 stalk, large (11\""-12\"" long)"",""grams"":280},{""label"":""1 stalk, medium (7-1/2\"" - 8\"" long)"",""grams"":180},{""label"":""1 stalk, small (5\"" long)"",""grams"":140},{""label"":""1 spear (about 5\"" long)"",""grams"":37},{""label"":""100 g"",""grams"":100}]","1/2 cup, chopped"
usda-169404,"Broccoli, Chinese",,vegetable,vegetable,true,26,1.2,4.7,0.8,2.6,"[{""label"":""100 g"",""grams"":100}]",100 g
usda-169392,"Broccoli, Chinese, cooked",,vegetable,vegetable,true,22,1.1,3.8,0.7,2.5,"[{""label"":""1 cup"",""grams"":88},{""label"":""100 g"",""grams"":100}]",1 cup
usda-169969,"Broccoli, frozen, chopped, boiled",,vegetable,vegetable|high_protein,true,28,3.1,5.4,0.1,3,"[{""label"":""1 cup"",""grams"":184},{""label"":""100 g"",""grams"":100}]",1 cup
usda-170380,"Broccoli, frozen, spears, boiled",,vegetable,vegetable|high_protein,true,28,3.1,5.4,0.1,3,"[{""label"":""1/2 cup"",""grams"":92},{""label"":""1 package (10 oz) yields"",""grams"":250},{""label"":""100 g"",""grams"":100}]",1/2 cup
usda-170383,Brussels sprouts,,vegetable,vegetable|high_protein,true,43,3.4,9,0.3,3.8,"[{""label"":""1 cup"",""grams"":88},{""label"":""1 sprout"",""grams"":19},{""label"":""100 g"",""grams"":100}]",1 cup
usda-169971,"Brussels sprouts, boiled",,vegetable,vegetable,true,36,2.6,7.1,0.5,2.6,"[{""label"":""1 sprout"",""grams"":21},{""label"":""1/2 cup"",""grams"":78},{""label"":""100 g"",""grams"":100}]",1/2 cup
usda-169973,"Brussels sprouts, frozen, boiled",,vegetable,vegetable|high_protein,true,42,3.6,8.3,0.4,4.1,"[{""label"":""1 cup"",""grams"":155},{""label"":""100 g"",""grams"":100}]",1 cup
usda-168429,Butterhead lettuce,,vegetable,vegetable|high_protein,true,13,1.4,2.2,0.2,1.1,"[{""label"":""1 cup, shredded or chopped"",""grams"":55},{""label"":""1 head (5\"" dia)"",""grams"":163},{""label"":""1 leaf, large"",""grams"":15},{""label"":""1 leaf, medium"",""grams"":7.5},{""label"":""1 leaf"",""grams"":5},{""label"":""100 g"",""grams"":100}]","1 cup, shredded or chopped"
usda-169975,Cabbage,patta gobi|bandh gobi|muttaikose,vegetable,vegetable,true,25,1.3,5.8,0.1,2.5,"[{""label"":""1 cup, chopped"",""grams"":89},{""label"":""1 cup, shredded"",""grams"":70},{""label"":""1 head, large (about 7\"" dia)"",""grams"":1248},{""label"":""1 leaf, large"",""grams"":33},{""label"":""1 head, medium (about 5-3/4\"" dia)"",""grams"":908},{""label"":""100 g"",""grams"":100}]","1 cup, chopped"
usda-169976,"Cabbage, boiled",patta gobi,vegetable,vegetable,true,23,1.3,5.5,0.1,1.9,"[{""label"":""1/2 cup, shredded"",""grams"":75},{""label"":""1 head"",""grams"":1262},{""label"":""100 g"",""grams"":100}]","1/2 cup, shredded"
usda-170427,"Capsicum, green",shimla mirch|bell pepper|green pepper,vegetable,vegetable,true,20,0.9,4.6,0.2,1.7,"[{""label"":""1 cup, chopped"",""grams"":149},{""label"":""1 cup, sliced"",""grams"":92},{""label"":""1 tbsp"",""grams"":9.3},{""label"":""1 large"",""grams"":164},{""label"":""1 medium"",""grams"":119},{""label"":""100 g"",""grams"":100}]","1 cup, chopped"
usda-170108,"Capsicum, red",red bell pepper,vegetable,vegetable,true,26,1,6,0.3,2.1,"[{""label"":""1 cup, chopped"",""grams"":149},{""label"":""1 cup, sliced"",""grams"":92},{""label"":""1 tbsp"",""grams"":9.3},{""label"":""1 large"",""grams"":164},{""label"":""1 medium"",""grams"":119},{""label"":""100 g"",""grams"":100}]","1 cup, chopped"
usda-169383,"Capsicum, yellow",yellow bell pepper,vegetable,vegetable,true,27,1,6.3,0.2,0.9,"[{""label"":""1 pepper, large (3-3/4\"" long, 3\"" dia)"",""grams"":186},{""label"":""10 strips"",""grams"":52},{""label"":""100 g"",""grams"":100}]","1 pepper, large (3-3/4"" long, 3"" dia)"
usda-170393,Carrot,gajar,vegetable,vegetable,true,41,0.9,9.6,0.2,2.8,"[{""label"":""1 cup chopped"",""grams"":128},{""label"":""1 cup grated"",""grams"":110},{""label"":""1 cup strips or slices"",""grams"":122},{""label"":""1 large (7-1/4\"" to 8-/1/2\"" long)"",""grams"":72},{""label"":""1 medium"",""grams"":61},{""label"":""100 g"",""grams"":100}]",1 cup chopped
usda-170394,"Carrot, boiled",gajar,vegetable,vegetable,true,35,0.8,8.2,0.2,3,"[{""label"":""1 tbsp"",""grams"":9.7},{""label"":""1/2 cup slices"",""grams"":78},{""label"":""1 carrot"",""grams"":46},{""label"":""100 g"",""grams"":100}]",1/2 cup slices
usda-168518,"Carrot, canned",,vegetable,vegetable,true,25,0.6,5.5,0.2,1.5,"[{""label"":""1 cup, sliced"",""grams"":146},{""label"":""1 cup, mashed"",""grams"":228},{""label"":""1 slice"",""grams"":2.8},{""label"":""1 can (303 x 406)"",""grams"":284},{""label"":""100 g"",""grams"":100}]","1 cup, sliced"
usda-170500,"Carrot, dehydrated",,vegetable,vegetable|high_fibre,true,341,8.1,79.6,1.5,23.6,"[{""label"":""1 cup"",""grams"":74},{""label"":""100 g"",""grams"":100}]",1 cup
usda-169984,"Carrot, frozen, boiled",,vegetable,vegetable,true,37,0.6,7.7,0.7,3.3,"[{""label"":""1 cup, sliced"",""grams"":146},{""label"":""100 g"",""grams"":100}]","1 cup, sliced"
usda-169985,Cassava (tapioca root),kappa|tapioca|maravalli kizhangu,vegetable,vegetable,true,160,1.4,38.1,0.3,1.8,"[{""label"":""1 cup"",""grams"":206},{""label"":""1 root"",""grams"":408},{""label"":""100 g"",""grams"":100}]",1 cup
usda-169986,Cauliflower,gobi|phool gobi,vegetable,vegetable|high_protein,true,25,1.9,5,0.3,2,"[{""label"":""1 cup chopped (1/2\"" pieces)"",""grams"":107},{""label"":""1 floweret"",""grams"":13},{""label"":""1 head large (6-7\"" dia.)"",""grams"":840},{""label"":""1 head medium (5-6\"" dia.)"",""grams"":588},{""label"":""1 head small (4\"" dia.)"",""grams"":265},{""label"":""100 g"",""grams"":100}]","1 cup chopped (1/2"" pieces)"
usda-170397,"Cauliflower, boiled",gobi,vegetable,vegetable|high_protein,true,23,1.8,4.1,0.5,2.3,"[{""label"":""1/2 cup (1\"" pieces)"",""grams"":62},{""label"":""3 flowerets"",""grams"":54},{""label"":""100 g"",""grams"":100}]","1/2 cup (1"" pieces)"
usda-170399,"Cauliflower, frozen, boiled",,vegetable,vegetable|high_protein,true,19,1.6,3.8,0.2,2.7,"[{""label"":""1 cup (1\"" pieces)"",""grams"":180},{""label"":""100 g"",""grams"":100}]","1 cup (1"" pieces)"
usda-169988,Celery,,vegetable,vegetable,true,14,0.7,3,0.2,1.6,"[{""label"":""1 cup chopped"",""grams"":101},{""label"":""1 serving"",""grams"":110},{""label"":""1 tbsp"",""grams"":7.5},{""label"":""1 stalk, large (11\""-12\"" long)"",""grams"":64},{""label"":""1 stalk, medium (7-1/2\"" - 8\"" long)"",""grams"":40},{""label"":""100 g"",""grams"":100}]",1 cup chopped
usda-169989,"Celery, boiled",,vegetable,vegetable,true,18,0.8,4,0.2,1.6,"[{""label"":""1 cup, diced"",""grams"":150},{""label"":""2 stalks"",""grams"":75},{""label"":""100 g"",""grams"":100}]","1 cup, diced"
usda-170402,Chayote (chow chow),chow chow|bangalore brinjal|seemebadanekai,vegetable,vegetable,true,19,0.8,4.5,0.1,1.7,"[{""label"":""1 cup (1\"" pieces)"",""grams"":132},{""label"":""1 chayote (5-3/4\"")"",""grams"":203},{""label"":""100 g"",""grams"":100}]","1 cup (1"" pieces)"
usda-170403,"Chayote, boiled",chow chow,vegetable,vegetable,true,24,0.6,5.1,0.5,2.8,"[{""label"":""1 cup (1\"" pieces)"",""grams"":160},{""label"":""100 g"",""grams"":100}]","1 cup (1"" pieces)"
usda-168577,"Chili peppers, green, canned",,vegetable,vegetable,true,21,0.7,4.6,0.3,1.7,"[{""label"":""1 cup"",""grams"":139},{""label"":""100 g"",""grams"":100}]",1 cup
usda-169979,Chinese cabbage,pe-tsai,vegetable,vegetable|high_protein,true,16,1.2,3.2,0.2,1.2,"[{""label"":""1 cup, shredded"",""grams"":76},{""label"":""100 g"",""grams"":100}]","1 cup, shredded"
usda-169980,"Chinese cabbage, boiled",pe-tsai,vegetable,vegetable|high_protein,true,14,1.5,2.4,0.2,1.7,"[{""label"":""1 cup, shredded"",""grams"":119},{""label"":""1 leaf"",""grams"":14},{""label"":""100 g"",""grams"":100}]","1 cup, shredded"
usda-169994,Chives,,vegetable,vegetable|high_protein,true,30,3.3,4.4,0.7,2.5,"[{""label"":""1 tbsp chopped"",""grams"":3},{""label"":""1 tsp chopped"",""grams"":1},{""label"":""100 g"",""grams"":100}]",1 tbsp chopped
usda-170406,Collard greens,,vegetable,vegetable|high_protein,true,32,3,5.4,0.6,4,"[{""label"":""1 cup, chopped"",""grams"":36},{""label"":""100 g"",""grams"":100}]","1 cup, chopped"
usda-170407,"Collard greens, boiled",,vegetable,vegetable|high_protein,true,33,2.7,5.7,0.7,4,"[{""label"":""1 cup, chopped"",""grams"":190},{""label"":""100 g"",""grams"":100}]","1 cup, chopped"
usda-169996,"Collard greens, frozen, chopped, boiled",,vegetable,vegetable|high_protein,true,36,3,7.1,0.4,2.8,"[{""label"":""1 cup, chopped"",""grams"":170},{""label"":""100 g"",""grams"":100}]","1 cup, chopped"
usda-168487,Colocasia leaves (arbi patta),arbi ke patte|taro leaves|patra,vegetable,vegetable|high_protein,true,42,5,6.7,0.7,3.7,"[{""label"":""1 cup"",""grams"":28},{""label"":""1 leaf (11\"" x 6-1/2\"")"",""grams"":10},{""label"":""100 g"",""grams"":100}]",1 cup
usda-169308,Colocasia root (arbi),arbi|taro|chembu|seppankizhangu,vegetable,vegetable,true,112,1.5,26.5,0.2,4.1,"[{""label"":""1 cup, sliced"",""grams"":104},{""label"":""100 g"",""grams"":100}]","1 cup, sliced"
usda-168486,"Colocasia root, cooked",arbi|taro,vegetable,vegetable,true,142,0.5,34.6,0.1,5.1,"[{""label"":""1 cup, sliced"",""grams"":132},{""label"":""100 g"",""grams"":100}]","1 cup, sliced"
usda-169997,Coriander leaves,dhania|cilantro|kothmir|kothamalli,vegetable,vegetable|high_protein,true,23,2.1,3.7,0.5,2.8,"[{""label"":""1/4 cup"",""grams"":4},{""label"":""9 sprigs"",""grams"":20},{""label"":""100 g"",""grams"":100}]",1/4 cup
usda-169218,"Corn with red and green peppers, canned",,vegetable,vegetable,true,75,2.3,18.2,0.6,0,"[{""label"":""1 cup"",""grams"":227},{""label"":""100 g"",""grams"":100}]",1 cup
usda-169247,Cos or romaine lettuce,,vegetable,vegetable,true,17,1.2,3.3,0.3,2.1,"[{""label"":""1 cup shredded"",""grams"":47},{""label"":""1 leaf inner"",""grams"":6},{""label"":""1 leaf outer"",""grams"":28},{""label"":""1 head"",""grams"":626},{""label"":""1 serving"",""grams"":85},{""label"":""100 g"",""grams"":100}]",1 cup shredded
usda-168405,Cowpea pods,,vegetable,vegetable|high_protein,true,44,3.3,9.5,0.3,3.3,"[{""label"":""1 cup"",""grams"":94},{""label"":""1 pod"",""grams"":12},{""label"":""100 g"",""grams"":100}]",1 cup
usda-169221,"Cowpea pods, boiled",,vegetable,vegetable|high_protein,true,34,2.6,7,0.3,0,"[{""label"":""1 cup"",""grams"":95},{""label"":""100 g"",""grams"":100}]",1 cup
usda-168434,Cremini mushrooms,,vegetable,vegetable|high_protein,true,22,2.5,4.3,0.1,0.6,"[{""label"":""1 cup whole"",""grams"":87},{""label"":""1 cup sliced"",""grams"":72},{""label"":""1 piece whole"",""grams"":20},{""label"":""100 g"",""grams"":100}]",1 cup whole
usda-170501,"Crushed tomatoes, canned",,vegetable,vegetable,true,32,1.6,7.3,0.3,1.9,"[{""label"":""1/2 cup"",""grams"":121},{""label"":""100 g"",""grams"":100}]",1/2 cup
usda-168409,Cucumber,kheera|kakdi|vellarikkai,vegetable,vegetable,true,15,0.7,3.6,0.1,0.5,"[{""label"":""1/2 cup slices"",""grams"":52},{""label"":""1 cucumber (8-1/4\"")"",""grams"":301},{""label"":""100 g"",""grams"":100}]",1/2 cup slices
usda-169225,"Cucumber, peeled",,vegetable,vegetable,true,10,0.6,2.2,0.2,0.7,"[{""label"":""1 cup, pared, chopped"",""grams"":133},{""label"":""1 cup, sliced"",""grams"":119},{""label"":""1 large (8-1/4\"" long)"",""grams"":280},{""label"":""1 medium"",""grams"":201},{""label"":""1 slice"",""grams"":7},{""label"":""100 g"",""grams"":100}]","1 cup, pared, chopped"
usda-170483,Drumstick (moringa) pods,drumstick|sahjan|murungakkai|moringa,vegetable,vegetable,true,37,2.1,8.5,0.2,3.2,"[{""label"":""1 cup slices"",""grams"":100},{""label"":""1 pod (15-1/3\"" long)"",""grams"":11},{""label"":""100 g"",""grams"":100}]",1 cup slices
usda-168417,"Drumstick leaves, boiled",,vegetable,vegetable|high_protein,true,60,5.3,11.2,0.9,2,"[{""label"":""1 cup, chopped"",""grams"":42},{""label"":""100 g"",""grams"":100}]","1 cup, chopped"
usda-170484,"Drumstick pods, boiled",drumstick,vegetable,vegetable,true,36,2.1,8.2,0.2,4.2,"[{""label"":""1 cup slices"",""grams"":118},{""label"":""100 g"",""grams"":100}]",1 cup slices
usda-168411,"Edamame, frozen",,vegetable,vegetable|high_protein,true,121,11.9,8.9,5.2,5.2,"[{""label"":""1 cup"",""grams"":155},{""label"":""100 g"",""grams"":100}]",1 cup
usda-170010,Edible-podded peas,,vegetable,vegetable,true,42,2.8,7.6,0.2,2.6,"[{""label"":""1 cup, chopped"",""grams"":98},{""label"":""1 cup, whole"",""grams"":63},{""label"":""10 pea pods"",""grams"":34},{""label"":""100 g"",""grams"":100}]","1 cup, chopped"
usda-170011,"Edible-podded peas, boiled",,vegetable,vegetable|high_protein,true,42,3.3,7.1,0.2,2.8,"[{""label"":""1 cup"",""grams"":160},{""label"":""100 g"",""grams"":100}]",1 cup
usda-170418,"Edible-podded peas, frozen, boiled",,vegetable,vegetable,true,52,3.5,9,0.4,3.1,"[{""label"":""1 cup"",""grams"":160},{""label"":""1 package (10 oz) yields"",""grams"":253},{""label"":""100 g"",""grams"":100}]",1 cup
usda-169228,Eggplant (brinjal),baingan|brinjal|aubergine|kathirikai|vankaya,vegetable,vegetable,true,25,1,5.9,0.2,3,"[{""label"":""1 cup, cubes"",""grams"":82},{""label"":""1 eggplant, peeled"",""grams"":458},{""label"":""1 eggplant, unpeeled"",""grams"":548},{""label"":""100 g"",""grams"":100}]","1 cup, cubes"
usda-169229,"Eggplant, boiled",baingan,vegetable,vegetable,true,35,0.8,8.7,0.2,2.5,"[{""label"":""1 cup (1\"" cubes)"",""grams"":99},{""label"":""100 g"",""grams"":100}]","1 cup (1"" cubes)"
usda-169892,"Eggplant, pickled",,vegetable,vegetable,true,49,0.9,9.8,0.7,2.5,"[{""label"":""1 cup"",""grams"":136},{""label"":""100 g"",""grams"":100}]",1 cup
usda-168412,Endive,,vegetable,vegetable,true,17,1.3,3.4,0.2,3.1,"[{""label"":""1/2 cup, chopped"",""grams"":25},{""label"":""1 head"",""grams"":513},{""label"":""100 g"",""grams"":100}]","1/2 cup, chopped"
usda-169382,Enoki mushrooms,,vegetable,vegetable,true,37,2.7,7.8,0.3,2.7,"[{""label"":""1 large"",""grams"":5},{""label"":""1 medium"",""grams"":3},{""label"":""1 cup whole"",""grams"":64},{""label"":""1 cup sliced"",""grams"":65},{""label"":""100 g"",""grams"":100}]",1 cup whole
usda-168574,"Fava beans, in pod",,vegetable,vegetable|high_protein|high_fibre,true,88,7.9,17.6,0.7,7.5,"[{""label"":""1 cup"",""grams"":126},{""label"":""1 pod"",""grams"":6.1},{""label"":""100 g"",""grams"":100}]",1 cup
usda-169385,"Fennel, bulb",,vegetable,vegetable,true,31,1.2,7.3,0.2,3.1,"[{""label"":""1 cup, sliced"",""grams"":87},{""label"":""1 bulb"",""grams"":234},{""label"":""100 g"",""grams"":100}]","1 cup, sliced"
usda-169230,Garlic,lahsun|lasun|poondu,vegetable,vegetable,true,149,6.4,33.1,0.5,2.1,"[{""label"":""1 cup"",""grams"":136},{""label"":""1 tsp"",""grams"":2.8},{""label"":""1 clove"",""grams"":3},{""label"":""3 cloves"",""grams"":9},{""label"":""100 g"",""grams"":100}]",1 cup
usda-169231,"Ginger, fresh",adrak|inji,vegetable,vegetable,true,80,1.8,17.8,0.8,2,"[{""label"":""1 tsp"",""grams"":2},{""label"":""1/4 cup slices (1\"" dia)"",""grams"":24},{""label"":""5 slices (1\"" dia)"",""grams"":11},{""label"":""100 g"",""grams"":100}]","1/4 cup slices (1"" dia)"
usda-169961,Green beans,french beans|beans|phali,vegetable,vegetable,true,31,1.8,7,0.2,2.7,"[{""label"":""1 cup 1/2\"" pieces"",""grams"":100},{""label"":""10 beans (4\"" long)"",""grams"":55},{""label"":""100 g"",""grams"":100}]","1 cup 1/2"" pieces"
usda-169141,"Green beans, boiled",french beans,vegetable,vegetable,true,35,1.9,7.9,0.3,3.2,"[{""label"":""1 cup"",""grams"":125},{""label"":""100 g"",""grams"":100}]",1 cup
usda-170497,Green chilli,hari mirch|chili pepper,vegetable,vegetable,true,40,2,9.5,0.2,1.5,"[{""label"":""1 pepper"",""grams"":45},{""label"":""1/2 cup, chopped or diced"",""grams"":75},{""label"":""100 g"",""grams"":100}]","1/2 cup, chopped or diced"
usda-169249,Green leaf lettuce,,vegetable,vegetable|high_protein,true,15,1.4,2.9,0.2,1.3,"[{""label"":""1 cup shredded"",""grams"":36},{""label"":""1 head"",""grams"":360},{""label"":""1 leaf inner"",""grams"":4.8},{""label"":""1 leaf outer"",""grams"":24},{""label"":""100 g"",""grams"":100}]",1 cup shredded
usda-170419,Green peas,matar|hara matar|pattani,vegetable,vegetable,true,81,5.4,14.5,0.4,5.7,"[{""label"":""1 cup"",""grams"":145},{""label"":""100 g"",""grams"":100}]",1 cup
usda-170420,"Green peas, boiled",matar,vegetable,vegetable,true,84,5.4,15.6,0.2,5.5,"[{""label"":""1 cup"",""grams"":160},{""label"":""100 g"",""grams"":100}]",1 cup
usda-170104,"Green peas, canned",,vegetable,vegetable,true,69,4.4,12.6,0.4,4.1,"[{""label"":""1/2 cup"",""grams"":85},{""label"":""1 can (303 x 406)"",""grams"":313},{""label"":""100 g"",""grams"":100}]",1/2 cup
usda-170015,"Green peas, canned, rinsed in tap water",,vegetable,vegetable,true,71,4.3,11.8,1,0,"[{""label"":""1 can"",""grams"":257},{""label"":""1 cup"",""grams"":163},{""label"":""100 g"",""grams"":100}]",1 cup
usda-170017,"Green peas, frozen, boiled",,vegetable,vegetable,true,78,5.2,14.3,0.3,4.5,"[{""label"":""1/2 cup"",""grams"":80},{""label"":""1 package (10 oz) yields"",""grams"":253},{""label"":""100 g"",""grams"":100}]",1/2 cup
usda-170456,Green tomatoes,,vegetable,vegetable,true,23,1.2,5.1,0.2,1.1,"[{""label"":""1 cup"",""grams"":180},{""label"":""1 large"",""grams"":182},{""label"":""1 medium"",""grams"":123},{""label"":""1 slice or wedge"",""grams"":20},{""label"":""1 small"",""grams"":91},{""label"":""100 g"",""grams"":100}]",1 cup
usda-170036,Hash brown potatoes,,vegetable,vegetable,true,265,3,35.1,12.5,3.2,"[{""label"":""1 cup"",""grams"":156},{""label"":""100 g"",""grams"":100}]",1 cup
usda-170426,"Hot chili peppers, green, canned, pods",,vegetable,vegetable,true,21,0.9,5.1,0.1,1.3,"[{""label"":""1 pepper"",""grams"":73},{""label"":""1/2 cup, chopped or diced"",""grams"":68},{""label"":""100 g"",""grams"":100}]","1/2 cup, chopped or diced"
usda-170107,"Hot chili peppers, red, canned",,vegetable,vegetable,true,21,0.9,5.1,0.1,1.3,"[{""label"":""1 pepper"",""grams"":73},{""label"":""1/2 cup, chopped or diced"",""grams"":68},{""label"":""100 g"",""grams"":100}]","1/2 cup, chopped or diced"
usda-169766,"Hot pickled peppers, canned",,vegetable,vegetable,true,22,0.8,4.6,0.4,2.6,"[{""label"":""1/4 cup drained"",""grams"":34},{""label"":""100 g"",""grams"":100}]",1/4 cup drained
usda-169248,Iceberg lettuce,,vegetable,vegetable,true,14,0.9,3,0.1,1.2,"[{""label"":""1 cup shredded"",""grams"":72},{""label"":""1 cup, chopped (1/2\"" pieces, loosely packed)"",""grams"":57},{""label"":""1 head, large"",""grams"":755},{""label"":""1 head, medium (6\"" dia)"",""grams"":539},{""label"":""1 head, small"",""grams"":324},{""label"":""100 g"",""grams"":100}]",1 cup shredded
usda-168576,Jalapeno peppers,,vegetable,vegetable,true,29,0.9,6.5,0.4,2.8,"[{""label"":""1 cup, sliced"",""grams"":90},{""label"":""1 pepper"",""grams"":14},{""label"":""100 g"",""grams"":100}]","1 cup, sliced"
usda-170080,"Jalapeno peppers, canned",,vegetable,vegetable,true,27,0.9,4.7,0.9,2.6,"[{""label"":""1 cup, chopped"",""grams"":136},{""label"":""1 cup, sliced"",""grams"":104},{""label"":""1 pepper"",""grams"":22},{""label"":""100 g"",""grams"":100}]","1 cup, chopped"
usda-168421,Kale,,vegetable,vegetable|high_protein,true,35,2.9,4.4,1.5,4.1,"[{""label"":""1 cup"",""grams"":21},{""label"":""100 g"",""grams"":100}]",1 cup
usda-169238,"Kale, boiled",,vegetable,vegetable|high_protein,true,36,2.9,5.3,1.2,4,"[{""label"":""1 cup"",""grams"":118},{""label"":""100 g"",""grams"":100}]",1 cup
usda-169240,"Kale, frozen, boiled",,vegetable,vegetable|high_protein,true,36,2.9,5.3,1.2,2.3,"[{""label"":""1 cup"",""grams"":118},{""label"":""100 g"",""grams"":100}]",1 cup
usda-170392,Kimchi,,vegetable,vegetable,true,15,1.1,2.4,0.5,1.6,"[{""label"":""1 cup"",""grams"":150},{""label"":""100 g"",""grams"":100}]",1 cup
usda-168424,Kohlrabi (knol khol),ganth gobhi|nool kol|knol khol,vegetable,vegetable,true,27,1.7,6.2,0.1,3.6,"[{""label"":""1 cup"",""grams"":135},{""label"":""1 slice"",""grams"":16},{""label"":""100 g"",""grams"":100}]",1 cup
usda-168425,"Kohlrabi, boiled",,vegetable,vegetable,true,29,1.8,6.7,0.1,1.1,"[{""label"":""1 cup slices"",""grams"":165},{""label"":""100 g"",""grams"":100}]",1 cup slices
usda-169246,Leek,,vegetable,vegetable,true,61,1.5,14.2,0.3,1.8,"[{""label"":""1 cup"",""grams"":89},{""label"":""1 leek"",""grams"":89},{""label"":""1 slice"",""grams"":6},{""label"":""100 g"",""grams"":100}]",1 cup
usda-168426,"Leek, boiled",,vegetable,vegetable,true,31,0.8,7.6,0.2,1,"[{""label"":""1 leek"",""grams"":124},{""label"":""1/4 cup, chopped or diced"",""grams"":26},{""label"":""100 g"",""grams"":100}]","1/4 cup, chopped or diced"
usda-168573,Lemon grass,citronella,vegetable,vegetable,true,99,1.8,25.3,0.5,0,"[{""label"":""1 cup"",""grams"":67},{""label"":""1 tbsp"",""grams"":4.8},{""label"":""100 g"",""grams"":100}]",1 cup
usda-169222,Long beans (yardlong),chawli phali|barbati|payaru|lobia phali,vegetable,vegetable,true,47,2.8,8.4,0.4,0,"[{""label"":""1 cup slices"",""grams"":91},{""label"":""1 pod"",""grams"":12},{""label"":""100 g"",""grams"":100}]",1 cup slices
usda-169223,"Long beans, boiled",chawli phali,vegetable,vegetable,true,47,2.5,9.2,0.1,0,"[{""label"":""1 cup slices"",""grams"":104},{""label"":""1 pod"",""grams"":14},{""label"":""100 g"",""grams"":100}]",1 cup slices
usda-168430,"Lotus root, boiled",,vegetable,vegetable,true,66,1.6,16,0.1,3.1,"[{""label"":""1/2 cup"",""grams"":60},{""label"":""10 slices (2-1/2\"" dia)"",""grams"":89},{""label"":""100 g"",""grams"":100}]",1/2 cup
usda-169250,Lotus stem (kamal kakdi),kamal kakdi|lotus root|nadru,vegetable,vegetable,true,74,2.6,17.2,0.1,4.9,"[{""label"":""10 slices (2-1/2\"" dia)"",""grams"":81},{""label"":""1 root (9-1/2\"" long)"",""grams"":115},{""label"":""100 g"",""grams"":100}]","10 slices (2-1/2"" dia)"
usda-170474,Malabar spinach (poi saag),poi|basella|pasalai keerai,vegetable,vegetable|high_protein,true,19,1.8,3.4,0.3,0,"[{""label"":""100 g"",""grams"":100}]",100 g
usda-169400,"Malabar spinach, cooked",,vegetable,vegetable|high_protein,true,23,3,2.7,0.8,2.1,"[{""label"":""1 cup"",""grams"":44},{""label"":""1 bunch"",""grams"":17},{""label"":""100 g"",""grams"":100}]",1 cup
usda-169768,Mashed potatoes,,vegetable,vegetable,true,106,2,13.3,5,1.9,"[{""label"":""1 cup"",""grams"":229},{""label"":""1 container"",""grams"":700},{""label"":""100 g"",""grams"":100}]",1 cup
usda-170493,"Mashed potatoes, whole milk added",,vegetable,vegetable,true,83,1.9,17.6,0.6,1.5,"[{""label"":""1 cup"",""grams"":210},{""label"":""100 g"",""grams"":100}]",1 cup
usda-168555,"Mashed potatoes, whole milk and butter added",,vegetable,vegetable,true,113,1.9,16.8,4.2,1.5,"[{""label"":""1 cup"",""grams"":210},{""label"":""100 g"",""grams"":100}]",1 cup
usda-170037,"Mashed potatoes, whole milk and margarine added",,vegetable,vegetable,true,113,2,16.9,4.2,1.5,"[{""label"":""1 cup"",""grams"":210},{""label"":""100 g"",""grams"":100}]",1 cup
usda-170065,"Mixed vegetables, canned",,vegetable,vegetable,true,49,2.6,9.3,0.3,3,"[{""label"":""1 cup"",""grams"":163},{""label"":""100 g"",""grams"":100}]",1 cup
usda-168423,Morel mushrooms,guchhi|gucchi,vegetable,vegetable|high_protein,true,31,3.1,5.1,0.6,2.8,"[{""label"":""1 cup"",""grams"":66},{""label"":""1 piece"",""grams"":12.9},{""label"":""100 g"",""grams"":100}]",1 cup
usda-169957,Mung bean sprouts,moong sprouts|bean sprouts,vegetable,vegetable|high_protein,true,30,3,5.9,0.2,1.8,"[{""label"":""1 cup"",""grams"":104},{""label"":""1 package (12 oz)"",""grams"":340},{""label"":""100 g"",""grams"":100}]",1 cup
usda-169137,"Mung beans, sprouted, boiled",,vegetable,vegetable|high_protein,true,21,2,4.2,0.1,0.8,"[{""label"":""1 cup"",""grams"":124},{""label"":""100 g"",""grams"":100}]",1 cup
usda-169138,"Mung beans, sprouted, stir-fried",,vegetable,vegetable|high_protein,true,50,4.3,10.6,0.2,1.9,"[{""label"":""1 cup"",""grams"":124},{""label"":""100 g"",""grams"":100}]",1 cup
usda-169251,"Mushrooms, white",khumbi|button mushroom,vegetable,vegetable|high_protein,true,22,3.1,3.3,0.3,1,"[{""label"":""1 cup, pieces or slices"",""grams"":70},{""label"":""1 cup, whole"",""grams"":96},{""label"":""1 large"",""grams"":23},{""label"":""1 medium"",""grams"":18},{""label"":""1 slice"",""grams"":6},{""label"":""100 g"",""grams"":100}]","1 cup, pieces or slices"
usda-169256,Mustard greens (sarson),sarson|sarson ka saag,vegetable,vegetable|high_protein,true,27,2.9,4.7,0.4,3.2,"[{""label"":""1 cup, chopped"",""grams"":56},{""label"":""100 g"",""grams"":100}]","1 cup, chopped"
usda-169257,"Mustard greens, boiled",sarson ka saag,vegetable,vegetable|high_protein,true,26,2.6,4.5,0.5,2,"[{""label"":""1 cup, chopped"",""grams"":140},{""label"":""100 g"",""grams"":100}]","1 cup, chopped"
usda-169259,"Mustard greens, frozen, boiled",,vegetable,vegetable|high_protein,true,19,2.3,3.1,0.3,2.8,"[{""label"":""1 cup, chopped"",""grams"":150},{""label"":""1 package (10 oz) yields"",""grams"":212},{""label"":""100 g"",""grams"":100}]","1 cup, chopped"
usda-168438,Mustard spinach,tendergreen,vegetable,vegetable|high_protein,true,22,2.2,3.9,0.3,2.8,"[{""label"":""1 cup, chopped"",""grams"":150},{""label"":""100 g"",""grams"":100}]","1 cup, chopped"
usda-168439,"Mustard spinach, boiled",tendergreen,vegetable,vegetable|high_protein,true,16,1.7,2.8,0.2,2,"[{""label"":""1 cup, chopped"",""grams"":180},{""label"":""100 g"",""grams"":100}]","1 cup, chopped"
usda-168572,"Napa cabbage, cooked",,vegetable,vegetable|high_protein,true,12,1.1,2.2,0.2,0,"[{""label"":""1 cup"",""grams"":109},{""label"":""100 g"",""grams"":100}]",1 cup
usda-169260,Okra (bhindi),bhindi|lady finger|ladies finger|vendakkai,vegetable,vegetable,true,33,1.9,7.5,0.2,3.2,"[{""label"":""1 cup"",""grams"":100},{""label"":""8 pods (3\"" long)"",""grams"":95},{""label"":""100 g"",""grams"":100}]",1 cup
usda-169261,"Okra, boiled",bhindi,vegetable,vegetable|high_protein,true,22,1.9,4.5,0.2,2.5,"[{""label"":""1/2 cup slices"",""grams"":80},{""label"":""8 pods (3\"" long)"",""grams"":85},{""label"":""100 g"",""grams"":100}]",1/2 cup slices
usda-169263,"Okra, frozen, boiled",,vegetable,vegetable,true,29,1.6,6.4,0.2,2.1,"[{""label"":""1/2 cup slices"",""grams"":92},{""label"":""1 package (10 oz) yields"",""grams"":255},{""label"":""100 g"",""grams"":100}]",1/2 cup slices
usda-170000,Onion,pyaz|kanda|vengayam,vegetable,vegetable,true,40,1.1,9.3,0.1,1.7,"[{""label"":""1 cup, chopped"",""grams"":160},{""label"":""1 cup, sliced"",""grams"":115},{""label"":""1 tbsp chopped"",""grams"":10},{""label"":""1 large"",""grams"":150},{""label"":""1 slice, large (1/4\"" thick)"",""grams"":38},{""label"":""100 g"",""grams"":100}]","1 cup, chopped"
usda-170002,"Onion flakes, dehydrated",,vegetable,vegetable|high_fibre,true,349,9,83.3,0.5,9.2,"[{""label"":""1 tbsp"",""grams"":5},{""label"":""1/4 cup"",""grams"":14},{""label"":""100 g"",""grams"":100}]",1/4 cup
usda-170001,"Onion, boiled",,vegetable,vegetable,true,44,1.4,10.2,0.2,1.4,"[{""label"":""1 cup"",""grams"":210},{""label"":""1 tbsp chopped"",""grams"":15},{""label"":""1 large"",""grams"":128},{""label"":""1 slice, large (1/4\"" thick)"",""grams"":32},{""label"":""1 medium"",""grams"":94},{""label"":""100 g"",""grams"":100}]",1 cup
usda-170003,"Onion, canned",,vegetable,vegetable,true,19,0.9,4,0.1,1.2,"[{""label"":""1 onion"",""grams"":63},{""label"":""1/2 cup, chopped or diced"",""grams"":112},{""label"":""100 g"",""grams"":100}]","1/2 cup, chopped or diced"
usda-170413,"Onion, frozen, boiled",,vegetable,vegetable,true,28,0.7,6.7,0.1,1.4,"[{""label"":""1 cup"",""grams"":210},{""label"":""100 g"",""grams"":100}]",1 cup
usda-170411,"Onion, frozen, chopped, boiled",,vegetable,vegetable,true,28,0.8,6.6,0.1,1.8,"[{""label"":""1 tbsp chopped"",""grams"":15},{""label"":""1/2 cup, chopped or diced"",""grams"":105},{""label"":""100 g"",""grams"":100}]","1/2 cup, chopped or diced"
usda-170502,Orange tomatoes,,vegetable,vegetable,true,16,1.2,3.2,0.2,0.9,"[{""label"":""1 cup, chopped"",""grams"":158},{""label"":""1 tomato"",""grams"":111},{""label"":""100 g"",""grams"":100}]","1 cup, chopped"
usda-168580,Oyster mushrooms,,vegetable,vegetable|high_protein,false,33,3.3,6.1,0.4,2.3,"[{""label"":""1 large"",""grams"":148},{""label"":""1 small"",""grams"":15},{""label"":""1 cup sliced"",""grams"":86},{""label"":""100 g"",""grams"":100}]",1 cup sliced
usda-170416,Parsley,,vegetable,vegetable|high_protein,true,36,3,6.3,0.8,3.3,"[{""label"":""1 cup chopped"",""grams"":60},{""label"":""1 tbsp"",""grams"":3.8},{""label"":""10 sprigs"",""grams"":10},{""label"":""100 g"",""grams"":100}]",1 cup chopped
usda-170417,Parsnip,,vegetable,vegetable,true,75,1.2,18,0.3,4.9,"[{""label"":""1 cup slices"",""grams"":133},{""label"":""100 g"",""grams"":100}]",1 cup slices
usda-170009,"Parsnip, boiled",,vegetable,vegetable,true,71,1.3,17,0.3,3.6,"[{""label"":""1/2 cup slices"",""grams"":78},{""label"":""1 parsnip (9\"" long)"",""grams"":160},{""label"":""100 g"",""grams"":100}]",1/2 cup slices
usda-170512,"Peas and carrots, canned",,vegetable,vegetable,true,38,2.2,8.5,0.3,3.3,"[{""label"":""1 cup"",""grams"":255},{""label"":""100 g"",""grams"":100}]",1 cup
usda-170018,"Peas and carrots, frozen, boiled",,vegetable,vegetable,true,48,3.1,10.1,0.4,3.1,"[{""label"":""1 package (10 oz) yields"",""grams"":278},{""label"":""1/2 cup"",""grams"":80},{""label"":""100 g"",""grams"":100}]",1/2 cup
usda-170019,"Peas and onions, canned",,vegetable,vegetable,true,51,3.3,8.6,0.4,2.3,"[{""label"":""1 cup"",""grams"":120},{""label"":""100 g"",""grams"":100}]",1 cup
usda-170021,"Peas and onions, frozen, boiled",,vegetable,vegetable,true,45,2.5,8.6,0.2,2.2,"[{""label"":""1 cup"",""grams"":180},{""label"":""100 g"",""grams"":100}]",1 cup
usda-170025,"Pigeon peas, green (fresh tuvar)",tuvar lilva|lilva|green toor,vegetable,vegetable,true,136,7.2,23.9,1.6,5.1,"[{""label"":""1 cup"",""grams"":154},{""label"":""10 seeds"",""grams"":4},{""label"":""100 g"",""grams"":100}]",1 cup
usda-170430,"Pigeon peas, green, boiled",tuvar lilva,vegetable,vegetable,true,111,6,19.5,1.4,4.2,"[{""label"":""1 cup"",""grams"":153},{""label"":""100 g"",""grams"":100}]",1 cup
usda-169255,Portabella mushrooms,,vegetable,vegetable|high_protein,true,22,2.1,3.9,0.4,1.3,"[{""label"":""1 cup diced"",""grams"":86},{""label"":""1 piece whole"",""grams"":84},{""label"":""100 g"",""grams"":100}]",1 cup diced
usda-169243,"Portabella mushrooms, grilled",,vegetable,vegetable|high_protein,true,29,3.3,4.4,0.6,2.2,"[{""label"":""1 cup sliced"",""grams"":121},{""label"":""100 g"",""grams"":100}]",1 cup sliced
usda-170026,Potato,aloo|batata,vegetable,vegetable,true,77,2.1,17.5,0.1,2.1,"[{""label"":""1/2 cup, diced"",""grams"":75},{""label"":""100 g"",""grams"":100}]","1/2 cup, diced"
usda-170092,Potato pancakes,,vegetable,vegetable,false,268,6.1,27.8,14.8,3.3,"[{""label"":""1 small 2-3/4 in. dia., 5/8 in. thick."",""grams"":22},{""label"":""1 medium 3-1/4 in. x 3-5/8 in., 5/8 in. thick."",""grams"":37},{""label"":""100 g"",""grams"":100}]","1 medium 3-1/4 in. x 3-5/8 in., 5/8 in. thick."
usda-168443,"Potato wedges, frozen",,vegetable,vegetable,true,129,2.7,25.5,2.2,2,"[{""label"":""100 g"",""grams"":100}]",100 g
usda-170093,"Potato, baked with skin",aloo,vegetable,vegetable,true,93,2.5,21.2,0.1,2.2,"[{""label"":""1 serving"",""grams"":148},{""label"":""1 potato large"",""grams"":299},{""label"":""1 potato medium"",""grams"":173},{""label"":""1 potato small"",""grams"":138},{""label"":""100 g"",""grams"":100}]",1 potato medium
usda-170033,"Potato, baked, flesh",,vegetable,vegetable,true,93,2,21.6,0.1,1.5,"[{""label"":""1/2 cup"",""grams"":61},{""label"":""1 potato (2-1/3\"" x 4-3/4\"")"",""grams"":156},{""label"":""100 g"",""grams"":100}]",1/2 cup
usda-170440,"Potato, boiled (peeled)",aloo|boiled potato,vegetable,vegetable,true,86,1.7,20,0.1,1.8,"[{""label"":""1/2 cup"",""grams"":78},{""label"":""1 large (3\"" to 4-1/4\"" dia.)"",""grams"":300},{""label"":""1 medium (2-1/4\"" to 3-1/4\"" dia.)"",""grams"":167},{""label"":""1 small (1-3/4\"" to 2-1/2\"" dia.)"",""grams"":125},{""label"":""100 g"",""grams"":100}]",1/2 cup
usda-170444,"Potato, canned",,vegetable,vegetable,true,60,1.4,13.6,0.2,2.3,"[{""label"":""1 cup"",""grams"":180},{""label"":""1 potato"",""grams"":35},{""label"":""100 g"",""grams"":100}]",1 cup
usda-170049,"Potato, frozen, boiled",,vegetable,vegetable,true,65,2,14.5,0.1,1.4,"[{""label"":""100 g"",""grams"":100}]",100 g
usda-168448,Pumpkin,kaddu|kashiphal|parangikai,vegetable,vegetable,true,26,1,6.5,0.1,0.5,"[{""label"":""1 cup (1\"" cubes)"",""grams"":116},{""label"":""100 g"",""grams"":100}]","1 cup (1"" cubes)"
usda-169270,Pumpkin flowers,kaddu ke phool|squash blossoms,vegetable,vegetable,true,15,1,3.3,0.1,0,"[{""label"":""1 cup"",""grams"":33},{""label"":""1 flower"",""grams"":2},{""label"":""100 g"",""grams"":100}]",1 cup
usda-169272,Pumpkin leaves,kaddu ke patte|mathan elai,vegetable,vegetable|high_protein,true,19,3.2,2.3,0.4,0,"[{""label"":""1 cup"",""grams"":39},{""label"":""100 g"",""grams"":100}]",1 cup
usda-168449,"Pumpkin, boiled",kaddu,vegetable,vegetable,true,20,0.7,4.9,0.1,1.1,"[{""label"":""1 cup, mashed"",""grams"":245},{""label"":""100 g"",""grams"":100}]","1 cup, mashed"
usda-168450,"Pumpkin, canned",,vegetable,vegetable,true,34,1.1,8.1,0.3,2.9,"[{""label"":""1 cup"",""grams"":245},{""label"":""100 g"",""grams"":100}]",1 cup
usda-169274,Purslane (kulfa),kulfa|luni|ghol|purslane,vegetable,vegetable|high_protein,true,20,2,3.4,0.4,0,"[{""label"":""1 cup"",""grams"":43},{""label"":""1 plant"",""grams"":3},{""label"":""100 g"",""grams"":100}]",1 cup
usda-168564,Radicchio,,vegetable,vegetable,true,23,1.4,4.5,0.3,0.9,"[{""label"":""1 cup, shredded"",""grams"":40},{""label"":""1 leaf"",""grams"":8},{""label"":""100 g"",""grams"":100}]","1 cup, shredded"
usda-169276,"Radish, red",,vegetable,vegetable,true,16,0.7,3.4,0.1,1.6,"[{""label"":""1 cup slices"",""grams"":116},{""label"":""1 large (1\"" to 1-1/4\"" dia)"",""grams"":9},{""label"":""1 medium (3/4\"" to 1\"" dia)"",""grams"":4.5},{""label"":""1 slice"",""grams"":1},{""label"":""1 small"",""grams"":2},{""label"":""100 g"",""grams"":100}]",1 cup slices
usda-169977,Red cabbage,,vegetable,vegetable,true,31,1.4,7.4,0.2,2.1,"[{""label"":""1 cup, chopped"",""grams"":89},{""label"":""1 cup, shredded"",""grams"":70},{""label"":""1 head, large (about 5-1/2\"" dia)"",""grams"":1134},{""label"":""1 leaf"",""grams"":23},{""label"":""1 head, medium (about 5\"" dia)"",""grams"":839},{""label"":""100 g"",""grams"":100}]","1 cup, chopped"
usda-169978,"Red cabbage, boiled",,vegetable,vegetable,true,29,1.5,6.9,0.1,2.6,"[{""label"":""1 leaf"",""grams"":22},{""label"":""1/2 cup, shredded"",""grams"":75},{""label"":""100 g"",""grams"":100}]","1/2 cup, shredded"
usda-170106,"Red chilli, fresh",lal mirch,vegetable,vegetable,true,40,1.9,8.8,0.4,1.5,"[{""label"":""1 pepper"",""grams"":45},{""label"":""1/2 cup, chopped or diced"",""grams"":75},{""label"":""100 g"",""grams"":100}]","1/2 cup, chopped or diced"
usda-168431,Red leaf lettuce,,vegetable,vegetable|high_protein,true,13,1.3,2.3,0.2,0.9,"[{""label"":""1 cup shredded"",""grams"":28},{""label"":""1 leaf inner"",""grams"":2.6},{""label"":""1 leaf outer"",""grams"":17},{""label"":""1 head"",""grams"":309},{""label"":""1 serving"",""grams"":85},{""label"":""100 g"",""grams"":100}]",1 cup shredded
usda-170029,Red potatoes,,vegetable,vegetable,true,70,1.9,15.9,0.1,1.7,"[{""label"":""1/2 cup, diced"",""grams"":75},{""label"":""1 potato large (3\"" to 4-1/4\"" dia)"",""grams"":369},{""label"":""1 potato medium (2-1/4\"" to 3-1/4\"" dia)"",""grams"":213},{""label"":""1 potato small (1-3/4\"" to 2-1/4\"" dia)"",""grams"":170},{""label"":""100 g"",""grams"":100}]","1/2 cup, diced"
usda-170435,"Red potatoes, baked",,vegetable,vegetable,true,87,2.3,19.6,0.2,1.8,"[{""label"":""1 potato large"",""grams"":299},{""label"":""1 potato medium (2-1/4\"" to 3-1/4\"" dia.)"",""grams"":173},{""label"":""1 potato small (1-3/4\"" to 2-1/2\"" dia.)"",""grams"":138},{""label"":""100 g"",""grams"":100}]","1 potato medium (2-1/4"" to 3-1/4"" dia.)"
usda-168414,Ridge gourd (turai),turai|tori|luffa|beerakaya|peerkangai,vegetable,vegetable,true,20,1.2,4.4,0.2,1.1,"[{""label"":""1 cup (1\"" pieces)"",""grams"":95},{""label"":""1 gourd"",""grams"":178},{""label"":""100 g"",""grams"":100}]","1 cup (1"" pieces)"
usda-168415,"Ridge gourd, boiled",turai,vegetable,vegetable,true,56,0.7,14.3,0.3,2.9,"[{""label"":""1 cup (1\"" pieces)"",""grams"":178},{""label"":""1/2 cup (1\"" slices)"",""grams"":89},{""label"":""100 g"",""grams"":100}]","1 cup (1"" pieces)"
usda-170027,Russet potatoes,,vegetable,vegetable,true,79,2.1,18.1,0.1,1.3,"[{""label"":""1/2 cup, diced"",""grams"":75},{""label"":""1 potato large (3\"" to 4-1/4\"" dia)"",""grams"":369},{""label"":""100 g"",""grams"":100}]","1/2 cup, diced"
usda-170030,"Russet potatoes, baked",,vegetable,vegetable,true,95,2.6,21.4,0.1,2.3,"[{""label"":""1 potato large"",""grams"":299},{""label"":""1 potato medium (2-1/4\"" to 3-1/4\"" dia.)"",""grams"":173},{""label"":""1 potato small (1-3/4\"" to 2-1/2\"" dia.)"",""grams"":138},{""label"":""100 g"",""grams"":100}]","1 potato medium (2-1/4"" to 3-1/4"" dia.)"
usda-169279,"Sauerkraut, canned",,vegetable,vegetable,true,19,0.9,4.3,0.1,2.9,"[{""label"":""1 cup"",""grams"":142},{""label"":""1 cup, undrained"",""grams"":236},{""label"":""100 g"",""grams"":100}]",1 cup
usda-170388,Savoy cabbage,,vegetable,vegetable,true,27,2,6.1,0.1,3.1,"[{""label"":""1 cup, shredded"",""grams"":70},{""label"":""100 g"",""grams"":100}]","1 cup, shredded"
usda-170389,"Savoy cabbage, boiled",,vegetable,vegetable|high_protein,true,24,1.8,5.4,0.1,2.8,"[{""label"":""1 cup, shredded"",""grams"":145},{""label"":""100 g"",""grams"":100}]","1 cup, shredded"
usda-169280,"Seaweed, agar",,vegetable,vegetable,true,26,0.5,6.8,0,0.5,"[{""label"":""2 tbsp (1/8 cup)"",""grams"":10},{""label"":""100 g"",""grams"":100}]",2 tbsp (1/8 cup)
usda-168457,"Seaweed, kelp",,vegetable,vegetable,true,43,1.7,9.6,0.6,1.3,"[{""label"":""2 tbsp (1/8 cup)"",""grams"":10},{""label"":""100 g"",""grams"":100}]",2 tbsp (1/8 cup)
usda-169395,Serrano peppers,,vegetable,vegetable,true,32,1.7,6.7,0.4,3.7,"[{""label"":""1 cup, chopped"",""grams"":105},{""label"":""1 pepper"",""grams"":6.1},{""label"":""100 g"",""grams"":100}]","1 cup, chopped"
usda-168459,Sesbania flowers (agathi),agathi poo|hadga|agase hoovu,vegetable,vegetable,true,27,1.3,6.7,0,0,"[{""label"":""1 flower"",""grams"":3},{""label"":""1 cup flowers"",""grams"":20},{""label"":""100 g"",""grams"":100}]",1 cup flowers
usda-170499,Shallot,,vegetable,vegetable,true,72,2.5,16.8,0.1,3.2,"[{""label"":""1 tbsp chopped"",""grams"":10},{""label"":""100 g"",""grams"":100}]",1 tbsp chopped
usda-169242,Shiitake mushrooms,,vegetable,vegetable,true,34,2.2,6.8,0.5,2.5,"[{""label"":""1 piece whole"",""grams"":19},{""label"":""100 g"",""grams"":100}]",1 piece whole
usda-168437,"Shiitake mushrooms, cooked",,vegetable,vegetable,true,56,1.6,14.4,0.2,2.1,"[{""label"":""1 cup pieces"",""grams"":145},{""label"":""4 mushrooms"",""grams"":72},{""label"":""100 g"",""grams"":100}]",1 cup pieces
usda-168435,"Shiitake mushrooms, stir-fried",,vegetable,vegetable|high_protein,true,39,3.5,7.7,0.4,3.6,"[{""label"":""1 cup whole"",""grams"":89},{""label"":""1 cup sliced"",""grams"":97},{""label"":""1 piece whole"",""grams"":19},{""label"":""100 g"",""grams"":100}]",1 cup whole
usda-168505,"Snap beans, green, canned",,vegetable,vegetable,true,22,1.1,4.3,0.5,1.9,"[{""label"":""1 cup"",""grams"":153},{""label"":""10 beans"",""grams"":62},{""label"":""1 can (303 x 406)"",""grams"":262},{""label"":""100 g"",""grams"":100}]",1 cup
usda-169963,"Snap beans, green, frozen, boiled",,vegetable,vegetable,true,28,1.5,6.5,0.2,3,"[{""label"":""1 cup"",""grams"":135},{""label"":""100 g"",""grams"":100}]",1 cup
usda-169320,"Snap beans, yellow",,vegetable,vegetable,true,31,1.8,7.1,0.1,3.4,"[{""label"":""1 cup 1/2\"" pieces"",""grams"":100},{""label"":""10 beans (4\"" long)"",""grams"":55},{""label"":""100 g"",""grams"":100}]","1 cup 1/2"" pieces"
usda-169322,"Snap beans, yellow, boiled",,vegetable,vegetable,true,35,1.9,7.9,0.3,3.3,"[{""label"":""1 cup"",""grams"":125},{""label"":""100 g"",""grams"":100}]",1 cup
usda-169375,"Snap beans, yellow, canned",,vegetable,vegetable,true,20,1.2,4.5,0.1,1.3,"[{""label"":""1 cup"",""grams"":153},{""label"":""10 beans"",""grams"":62},{""label"":""1 can (303 x 406)"",""grams"":262},{""label"":""100 g"",""grams"":100}]",1 cup
usda-169326,"Snap beans, yellow, frozen, boiled",,vegetable,vegetable,true,28,1.5,6.5,0.2,3,"[{""label"":""1 cup"",""grams"":135},{""label"":""100 g"",""grams"":100}]",1 cup
usda-168462,Spinach,palak|keerai,vegetable,vegetable|high_protein,true,23,2.9,3.6,0.4,2.2,"[{""label"":""1 cup"",""grams"":30},{""label"":""1 bunch"",""grams"":340},{""label"":""1 leaf"",""grams"":10},{""label"":""1 package (10 oz)"",""grams"":284},{""label"":""100 g"",""grams"":100}]",1 cup
usda-170494,Spinach souffle,,vegetable,vegetable,true,172,7.9,5.9,13,0.7,"[{""label"":""1 cup"",""grams"":136},{""label"":""100 g"",""grams"":100}]",1 cup
usda-168463,"Spinach, boiled",palak,vegetable,vegetable|high_protein,true,23,3,3.8,0.3,2.4,"[{""label"":""1 cup"",""grams"":180},{""label"":""100 g"",""grams"":100}]",1 cup
usda-170123,"Spinach, canned",,vegetable,vegetable|high_protein,true,19,2.1,2.9,0.4,2.2,"[{""label"":""1 cup"",""grams"":234},{""label"":""100 g"",""grams"":100}]",1 cup
usda-169288,"Spinach, frozen, chopped or leaf, boiled",,vegetable,vegetable|high_protein,true,34,4,4.8,0.9,3.7,"[{""label"":""1/2 cup"",""grams"":95},{""label"":""1 package (10 oz) yields"",""grams"":220},{""label"":""100 g"",""grams"":100}]",1/2 cup
usda-170005,Spring onion,hara pyaz|scallions|green onion,vegetable,vegetable,true,32,1.8,7.3,0.2,2.6,"[{""label"":""1 cup, chopped"",""grams"":100},{""label"":""1 tbsp chopped"",""grams"":6},{""label"":""1 large"",""grams"":25},{""label"":""1 medium (4-1/8\"" long)"",""grams"":15},{""label"":""1 small (3\"" long)"",""grams"":5},{""label"":""100 g"",""grams"":100}]","1 cup, chopped"
usda-169292,"Summer squash, zucchini, boiled",,vegetable,vegetable|high_protein,true,15,1.1,2.7,0.4,1,"[{""label"":""1 cup, sliced"",""grams"":180},{""label"":""1/2 cup, mashed"",""grams"":120},{""label"":""100 g"",""grams"":100}]","1 cup, sliced"
usda-168470,"Summer squash, zucchini, frozen, boiled",,vegetable,vegetable,true,17,1.2,3.6,0.1,1.3,"[{""label"":""1 cup"",""grams"":223},{""label"":""100 g"",""grams"":100}]",1 cup
usda-168471,"Summer squash, zucchini, Italian style, canned",,vegetable,vegetable,true,29,1,6.9,0.1,0,"[{""label"":""1 cup"",""grams"":227},{""label"":""100 g"",""grams"":100}]",1 cup
usda-168567,Sun-dried tomatoes,,vegetable,vegetable|high_fibre,true,258,14.1,55.8,3,12.3,"[{""label"":""1 cup"",""grams"":54},{""label"":""1 piece"",""grams"":2},{""label"":""100 g"",""grams"":100}]",1 cup
usda-169384,"Sun-dried tomatoes, packed in oil",,vegetable,vegetable,true,213,5.1,23.3,14.1,5.8,"[{""label"":""1 cup"",""grams"":110},{""label"":""1 piece"",""grams"":3},{""label"":""100 g"",""grams"":100}]",1 cup
usda-169998,Sweet corn,bhutta|makka|corn on the cob,vegetable,vegetable,true,86,3.3,18.7,1.4,2,"[{""label"":""1 cup"",""grams"":145},{""label"":""1 ear, large (7-3/4\"" to 9\"" long) yields"",""grams"":143},{""label"":""1 ear, medium (6-3/4\"" to 7-1/2\"" long) yields"",""grams"":102},{""label"":""1 ear, small (5-1/2\"" to 6-1/2\"" long)"",""grams"":73},{""label"":""100 g"",""grams"":100}]",1 cup
usda-169999,"Sweet corn, boiled",bhutta|makka,vegetable,vegetable,true,96,3.4,21,1.5,2.4,"[{""label"":""1 ear small (5-1/2\"" to 6-1/2\"" long)"",""grams"":89},{""label"":""1 ear medium (6-3/4\"" to 7-1/2\"" long)"",""grams"":103},{""label"":""1 ear large (7-3/4\"" to 9\"" long)"",""grams"":118},{""label"":""1 cup cut"",""grams"":149},{""label"":""1 baby ear"",""grams"":8},{""label"":""100 g"",""grams"":100}]",1 cup cut
usda-168538,"Sweet corn, white",,vegetable,vegetable,true,86,3.2,19,1.2,2.7,"[{""label"":""1 ear, small (5-1/2\"" to 6-1/2\"" long)"",""grams"":73},{""label"":""1 ear, medium (6-3/4\"" to 7-1/2\"" long)"",""grams"":90},{""label"":""1 ear, large (7-3/4\"" to 9\"" long)"",""grams"":143},{""label"":""1 cup kernels"",""grams"":154},{""label"":""100 g"",""grams"":100}]",1 cup kernels
usda-168539,"Sweet corn, white, boiled",,vegetable,vegetable,true,97,3.3,21.7,1.4,2.7,"[{""label"":""1 ear, small (5-1/2\"" to 6-1/2\"" long)"",""grams"":89},{""label"":""1 ear, medium (6-3/4\"" to 7-1/2\"" long)"",""grams"":103},{""label"":""1 ear, large (7-3/4\"" to 9\"" long)"",""grams"":116},{""label"":""1 cup cut"",""grams"":157},{""label"":""1 ear, yields"",""grams"":77},{""label"":""100 g"",""grams"":100}]",1 cup cut
usda-169363,"Sweet corn, white, canned, cream style",,vegetable,vegetable,true,72,1.7,18.1,0.4,1.2,"[{""label"":""1 cup"",""grams"":256},{""label"":""1 can (303 x 406)"",""grams"":482},{""label"":""100 g"",""grams"":100}]",1 cup
usda-169361,"Sweet corn, white, canned, whole kernel",,vegetable,vegetable,true,67,2.3,14.3,1.2,2,"[{""label"":""1 cup"",""grams"":164},{""label"":""1 can (303 x 406)"",""grams"":298},{""label"":""100 g"",""grams"":100}]",1 cup
usda-168545,"Sweet corn, white, frozen, kernels cut off cob, boiled",,vegetable,vegetable,true,80,2.8,19.6,0.4,2.4,"[{""label"":""1 cup"",""grams"":165},{""label"":""1 package (10 oz) yields"",""grams"":284},{""label"":""100 g"",""grams"":100}]",1 cup
usda-169366,"Sweet corn, white, frozen, kernels on cob, boiled",,vegetable,vegetable,true,94,3.1,22.3,0.7,2.1,"[{""label"":""1 cup kernels"",""grams"":165},{""label"":""1 ear, yields"",""grams"":63},{""label"":""100 g"",""grams"":100}]",1 cup kernels
usda-169345,"Sweet corn, yellow, canned",,vegetable,vegetable,true,61,2,13.9,0.8,1.7,"[{""label"":""1 cup"",""grams"":256},{""label"":""1 can (303 x 406)"",""grams"":482},{""label"":""100 g"",""grams"":100}]",1 cup
usda-169346,"Sweet corn, yellow, canned, cream style",,vegetable,vegetable,true,72,1.7,18.1,0.4,1.2,"[{""label"":""1 cup"",""grams"":256},{""label"":""1 can (303 x 406)"",""grams"":482},{""label"":""100 g"",""grams"":100}]",1 cup
usda-168397,"Sweet corn, yellow, canned, rinsed with tap water",,vegetable,vegetable,true,64,2.2,13,1.4,1.7,"[{""label"":""1 cup drained, rinsed"",""grams"":150},{""label"":""1 can drained, rinsed"",""grams"":266},{""label"":""100 g"",""grams"":100}]","1 cup drained, rinsed"
usda-169214,"Sweet corn, yellow, canned, whole kernel",,vegetable,vegetable,true,67,2.3,14.3,1.2,2,"[{""label"":""1 cup"",""grams"":164},{""label"":""1 can (12 oz) yields"",""grams"":211},{""label"":""1 can (303 x 406)"",""grams"":298},{""label"":""100 g"",""grams"":100}]",1 cup
usda-168399,"Sweet corn, yellow, frozen, kernels cut off cob, boiled",,vegetable,vegetable,true,81,2.6,19.3,0.7,2.4,"[{""label"":""1 cup"",""grams"":165},{""label"":""1 package (10 oz) yields"",""grams"":284},{""label"":""100 g"",""grams"":100}]",1 cup
usda-168401,"Sweet corn, yellow, frozen, kernels on cob, boiled",,vegetable,vegetable,true,94,3.1,22.3,0.7,2.8,"[{""label"":""1 cup kernels"",""grams"":165},{""label"":""1 ear, yields"",""grams"":63},{""label"":""100 g"",""grams"":100}]",1 cup kernels
usda-170008,Sweet onions,,vegetable,vegetable,true,32,0.8,7.6,0.1,0.9,"[{""label"":""1 serving"",""grams"":148},{""label"":""1 onion"",""grams"":331},{""label"":""100 g"",""grams"":100}]",1 serving
usda-170428,"Sweet peppers, green, boiled",,vegetable,vegetable,true,28,0.9,6.7,0.2,1.2,"[{""label"":""1 cup, chopped or strips"",""grams"":135},{""label"":""1 tbsp, chopped"",""grams"":11.6},{""label"":""100 g"",""grams"":100}]","1 cup, chopped or strips"
usda-170023,"Sweet peppers, green, frozen, chopped, boiled",,vegetable,vegetable,true,18,1,3.9,0.2,0.9,"[{""label"":""100 g"",""grams"":100}]",100 g
usda-170110,"Sweet peppers, red, boiled",,vegetable,vegetable,true,28,0.9,6.7,0.2,1.2,"[{""label"":""1 cup, strips"",""grams"":135},{""label"":""1 tbsp"",""grams"":11.6},{""label"":""1/2 cup, chopped"",""grams"":68},{""label"":""100 g"",""grams"":100}]","1 cup, strips"
usda-168548,"Sweet peppers, red, frozen, chopped, boiled",,vegetable,vegetable,true,16,1,3.3,0.2,0.8,"[{""label"":""1 cup, chopped or strips"",""grams"":135},{""label"":""1 tbsp, chopped"",""grams"":11.6},{""label"":""100 g"",""grams"":100}]","1 cup, chopped or strips"
usda-168482,Sweet potato,shakarkandi|sakkaravalli,vegetable,vegetable,true,86,1.6,20.1,0.1,3,"[{""label"":""1 cup, cubes"",""grams"":133},{""label"":""1 sweetpotato, 5\"" long"",""grams"":130},{""label"":""100 g"",""grams"":100}]","1 cup, cubes"
usda-169303,Sweet potato leaves,shakarkandi saag,vegetable,vegetable,true,42,2.5,8.8,0.5,5.3,"[{""label"":""1 cup, chopped"",""grams"":35},{""label"":""1 leaf (12-1/4\"" long)"",""grams"":16},{""label"":""100 g"",""grams"":100}]","1 cup, chopped"
usda-168483,"Sweet potato, baked",shakarkandi,vegetable,vegetable,true,90,2,20.7,0.2,3.3,"[{""label"":""1 cup"",""grams"":200},{""label"":""1 large"",""grams"":180},{""label"":""1 medium (2\"" dia, 5\"" long, raw)"",""grams"":114},{""label"":""1 small"",""grams"":60},{""label"":""100 g"",""grams"":100}]",1 cup
usda-168484,"Sweet potato, boiled, without skin",,vegetable,vegetable,true,76,1.4,17.7,0.1,2.5,"[{""label"":""1 cup, mashed"",""grams"":328},{""label"":""1 medium"",""grams"":151},{""label"":""100 g"",""grams"":100}]","1 cup, mashed"
usda-169305,"Sweet potato, canned, mashed",,vegetable,vegetable,true,101,2,23.2,0.2,1.7,"[{""label"":""1 cup"",""grams"":255},{""label"":""1 can (404 x 307)"",""grams"":496},{""label"":""100 g"",""grams"":100}]",1 cup
usda-170088,"Sweet potato, cooked, candied",,vegetable,vegetable,true,164,0.9,32.1,3.5,2.1,"[{""label"":""1 piece (2-1/2\"" x 2\"" dia)"",""grams"":105},{""label"":""100 g"",""grams"":100}]","1 piece (2-1/2"" x 2"" dia)"
usda-169307,"Sweet potato, frozen, baked",,vegetable,vegetable,true,100,1.7,23.4,0.1,1.8,"[{""label"":""1 cup, cubes"",""grams"":176},{""label"":""100 g"",""grams"":100}]","1 cup, cubes"
usda-169991,Swiss chard,,vegetable,vegetable|high_protein,true,19,1.8,3.7,0.2,1.6,"[{""label"":""1 cup"",""grams"":36},{""label"":""1 leaf"",""grams"":48},{""label"":""100 g"",""grams"":100}]",1 cup
usda-168488,"Taro leaves, steamed",,vegetable,vegetable|high_protein,true,24,2.7,4,0.4,2,"[{""label"":""1 cup"",""grams"":145},{""label"":""100 g"",""grams"":100}]",1 cup
usda-170457,Tomato,tamatar|thakkali,vegetable,vegetable,true,18,0.9,3.9,0.2,1.2,"[{""label"":""1 cup cherry tomatoes"",""grams"":149},{""label"":""1 cup, chopped or sliced"",""grams"":180},{""label"":""1 cherry"",""grams"":17},{""label"":""1 large whole (3\"" dia)"",""grams"":182},{""label"":""1 medium whole (2-3/5\"" dia)"",""grams"":123},{""label"":""100 g"",""grams"":100}]",1 cup cherry tomatoes
usda-169074,"Tomato sauce, canned",,vegetable,vegetable,true,24,1.2,5.3,0.3,1.5,"[{""label"":""1 cup"",""grams"":245},{""label"":""100 g"",""grams"":100}]",1 cup
usda-170051,"Tomatoes, canned, packed in tomato juice",,vegetable,vegetable,true,16,0.8,3.5,0.3,1.9,"[{""label"":""1 cup"",""grams"":240},{""label"":""1 tbsp"",""grams"":15},{""label"":""1 can"",""grams"":190},{""label"":""1 large"",""grams"":164},{""label"":""1 medium"",""grams"":111},{""label"":""100 g"",""grams"":100}]",1 cup
usda-170052,"Tomatoes, canned, stewed",,vegetable,vegetable,true,26,0.9,6.2,0.2,1,"[{""label"":""1 cup"",""grams"":255},{""label"":""100 g"",""grams"":100}]",1 cup
usda-170053,"Tomatoes, canned, with green chilies",,vegetable,vegetable,true,15,0.7,3.6,0.1,0,"[{""label"":""1 cup"",""grams"":241},{""label"":""100 g"",""grams"":100}]",1 cup
usda-170050,"Tomatoes, cooked",,vegetable,vegetable,true,18,1,4,0.1,0.7,"[{""label"":""1 cup"",""grams"":240},{""label"":""2 medium"",""grams"":246},{""label"":""100 g"",""grams"":100}]",1 cup
usda-170089,"Tomatoes, stewed",,vegetable,vegetable,true,79,2,13.1,2.7,1.7,"[{""label"":""1 cup"",""grams"":101},{""label"":""100 g"",""grams"":100}]",1 cup
usda-170465,Turnip,shalgam,vegetable,vegetable,true,28,0.9,6.4,0.1,1.8,"[{""label"":""1 cup, cubes"",""grams"":130},{""label"":""1 large"",""grams"":183},{""label"":""1 medium"",""grams"":122},{""label"":""1 slice"",""grams"":15},{""label"":""1 small"",""grams"":61},{""label"":""100 g"",""grams"":100}]","1 cup, cubes"
usda-170061,Turnip greens,shalgam ke patte,vegetable,vegetable,true,32,1.5,7.1,0.3,3.2,"[{""label"":""1 cup, chopped"",""grams"":55},{""label"":""100 g"",""grams"":100}]","1 cup, chopped"
usda-170058,"Turnip, boiled",,vegetable,vegetable,true,22,0.7,5.1,0.1,2,"[{""label"":""1 cup, cubes"",""grams"":156},{""label"":""1 cup, mashed"",""grams"":230},{""label"":""100 g"",""grams"":100}]","1 cup, cubes"
usda-170060,"Turnip, frozen, boiled",,vegetable,vegetable,true,23,1.5,4.4,0.2,2,"[{""label"":""1 cup"",""grams"":156},{""label"":""100 g"",""grams"":100}]",1 cup
usda-169301,Water spinach (kalmi saag),kalmi|kangkong|water convolvulus,vegetable,vegetable|high_protein,true,19,2.6,3.1,0.2,2.1,"[{""label"":""1 cup, chopped"",""grams"":56},{""label"":""1 shoot"",""grams"":13},{""label"":""100 g"",""grams"":100}]","1 cup, chopped"
usda-169302,"Water spinach, boiled",kalmi saag,vegetable,vegetable|high_protein,true,20,2.1,3.7,0.2,1.9,"[{""label"":""1 cup, chopped"",""grams"":98},{""label"":""100 g"",""grams"":100}]","1 cup, chopped"
usda-170068,Watercress,,vegetable,vegetable|high_protein,true,11,2.3,1.3,0.1,0.5,"[{""label"":""1 cup, chopped"",""grams"":34},{""label"":""1 sprig"",""grams"":2.5},{""label"":""10 sprigs"",""grams"":25},{""label"":""100 g"",""grams"":100}]","1 cup, chopped"
usda-169252,"White mushrooms, boiled",,vegetable,vegetable|high_protein,true,28,2.2,5.3,0.5,2.2,"[{""label"":""1 cup pieces"",""grams"":156},{""label"":""1 tbsp"",""grams"":9.8},{""label"":""1 mushroom"",""grams"":12},{""label"":""100 g"",""grams"":100}]",1 cup pieces
usda-169253,"White mushrooms, stir-fried",,vegetable,vegetable|high_protein,true,26,3.6,4,0.3,1.8,"[{""label"":""1 cup sliced"",""grams"":108},{""label"":""100 g"",""grams"":100}]",1 cup sliced
usda-170028,White potatoes,,vegetable,vegetable,true,69,1.7,15.7,0.1,2.4,"[{""label"":""1/2 cup, diced"",""grams"":75},{""label"":""1 large (3\"" to 4-1/4\"" dia.)"",""grams"":369},{""label"":""1 medium (2+-1/4\"" to 3-1/4\"" dia.)"",""grams"":213},{""label"":""1 small (1-3/4\"" to 2-1/4\"" dia.)"",""grams"":92},{""label"":""100 g"",""grams"":100}]","1/2 cup, diced"
usda-170434,"White potatoes, baked",,vegetable,vegetable,true,92,2.1,21.1,0.2,2.1,"[{""label"":""1 potato large (3\"" to 4-1/4\"" dia)"",""grams"":299},{""label"":""1 potato medium (2-1/4\"" to 3-1/4\"" dia)"",""grams"":173},{""label"":""1 potato small (1-3/4\"" to 2-1/2\"" dia)"",""grams"":138},{""label"":""100 g"",""grams"":100}]","1 potato medium (2-1/4"" to 3-1/4"" dia)"
usda-168451,White radish (mooli),mooli|daikon|mullangi,vegetable,vegetable,true,18,0.6,4.1,0.1,1.6,"[{""label"":""1 cup slices"",""grams"":116},{""label"":""1 radish (7\"" long)"",""grams"":338},{""label"":""100 g"",""grams"":100}]",1 cup slices
usda-168452,"White radish, boiled",mooli,vegetable,vegetable,true,17,0.7,3.4,0.2,1.6,"[{""label"":""1 cup, sliced"",""grams"":147},{""label"":""100 g"",""grams"":100}]","1 cup, sliced"
usda-170489,Winter squash,,vegetable,vegetable,true,34,1,8.6,0.1,1.5,"[{""label"":""1 cup, cubes"",""grams"":116},{""label"":""100 g"",""grams"":100}]","1 cup, cubes"
usda-170490,"Winter squash, baked",,vegetable,vegetable,true,37,0.9,8.9,0.4,2.8,"[{""label"":""1 cup, cubes"",""grams"":205},{""label"":""100 g"",""grams"":100}]","1 cup, cubes"
usda-169295,"Winter squash, butternut",,vegetable,vegetable,true,45,1,11.7,0.1,2,"[{""label"":""1 cup, cubes"",""grams"":140},{""label"":""100 g"",""grams"":100}]","1 cup, cubes"
usda-169296,"Winter squash, butternut, baked",,vegetable,vegetable,true,40,0.9,10.5,0.1,3.2,"[{""label"":""1 cup, cubes"",""grams"":205},{""label"":""100 g"",""grams"":100}]","1 cup, cubes"
usda-168474,"Winter squash, butternut, frozen, boiled",,vegetable,vegetable,true,39,1.2,10.1,0.1,0,"[{""label"":""1 cup, mashed"",""grams"":240},{""label"":""100 g"",""grams"":100}]","1 cup, mashed"
usda-170071,Yam,ratalu,vegetable,vegetable,true,118,1.5,27.9,0.2,4.1,"[{""label"":""1 cup, cubes"",""grams"":150},{""label"":""100 g"",""grams"":100}]","1 cup, cubes"
usda-170072,"Yam, boiled, or baked",,vegetable,vegetable,true,116,1.5,27.5,0.1,3.9,"[{""label"":""1 cup, cubes"",""grams"":136},{""label"":""1/2 cup, cubes"",""grams"":68},{""label"":""100 g"",""grams"":100}]","1 cup, cubes"
usda-170004,"Yellow onions, sauteed",,vegetable,vegetable,true,123,1,7.9,10.8,1.7,"[{""label"":""1 cup chopped"",""grams"":87},{""label"":""100 g"",""grams"":100}]",1 cup chopped
usda-170096,Yellow tomatoes,,vegetable,vegetable,true,15,1,3,0.3,0.7,"[{""label"":""1 cup, chopped"",""grams"":139},{""label"":""1 tomato"",""grams"":212},{""label"":""100 g"",""grams"":100}]","1 cup, chopped"
usda-169291,Zucchini,,vegetable,vegetable,true,17,1.2,3.1,0.3,1,"[{""label"":""1 cup, chopped"",""grams"":124},{""label"":""1 cup, sliced"",""grams"":113},{""label"":""1 large"",""grams"":323},{""label"":""1 medium"",""grams"":196},{""label"":""1 slice"",""grams"":9.9},{""label"":""100 g"",""grams"":100}]","1 cup, chopped"
usda-168565,"Zucchini squash, baby",,vegetable,vegetable|high_protein,true,21,2.7,3.1,0.4,1.1,"[{""label"":""1 large"",""grams"":16},{""label"":""1 medium"",""grams"":11},{""label"":""100 g"",""grams"":100}]",1 medium
